Commodity,Country,Section,Statistics,Statistics_Detail,Unit,Year,Value,Value_Numeric,Notes,Is_Critical_Mineral_2025,Source_File,Source_ID,Source_URL,Publication_Date,Snapshot_Date,Metric_Label,DOI
Cobalt,United States,Salient Statistics—United States,Production,Production: Mine,metric tons,2021,650.0,650.0,Estimated.,Yes,MCS2026_Commodities_Data.csv,SRC-USGS-002,https://www.sciencebase.gov/catalog/item/69837e43b66b01367d7ec7c7,2026-02-06,2026-08-07,estimated,https://doi.org/10.5066/P1WKQ63T
Cobalt,United States,Salient Statistics—United States,Production,Production: Secondary,metric tons,2021,1800.0,1800.0,Estimated. -- Estimated from consumption of purchased scrap.,Yes,MCS2026_Commodities_Data.csv,SRC-USGS-002,https://www.sciencebase.gov/catalog/item/69837e43b66b01367d7ec7c7,2026-02-06,2026-08-07,estimated,https://doi.org/10.5066/P1WKQ63T
Cobalt,United States,Salient Statistics—United States,Import,Imports for consumption,metric tons,2021,9790.0,9790.0,,Yes,MCS2026_Commodities_Data.csv,SRC-USGS-002,https://www.sciencebase.gov/catalog/item/69837e43b66b01367d7ec7c7,2026-02-06,2026-08-07,reported,https://doi.org/10.5066/P1WKQ63T
Cobalt,United States,Salient Statistics—United States,Export,Exports,metric tons,2021,4930.0,4930.0,,Yes,MCS2026_Commodities_Data.csv,SRC-USGS-002,https://www.sciencebase.gov/catalog/item/69837e43b66b01367d7ec7c7,2026-02-06,2026-08-07,reported,https://doi.org/10.5066/P1WKQ63T
Cobalt,United States,Salient Statistics—United States,Consumption,Consumption (includes secondary): Estimated,metric tons,2021,7270.0,7270.0,Includes reported data and U.S. Geological Survey estimates.,Yes,MCS2026_Commodities_Data.csv,SRC-USGS-002,https://www.sciencebase.gov/catalog/item/69837e43b66b01367d7ec7c7,2026-02-06,2026-08-07,reported,https://doi.org/10.5066/P1WKQ63T
Cobalt,United States,Salient Statistics—United States,Consumption,Consumption (includes secondary): Apparent,metric tons,2021,6650.0,6650.0,"Estimated. -- Defined for 2021–22 as secondary production + imports – exports ± adjustments for Government and industry stock changes for refined cobalt. Beginning in 2023, Government stock changes no longer included.",Yes,MCS2026_Commodities_Data.csv,SRC-USGS-002,https://www.sciencebase.gov/catalog/item/69837e43b66b01367d7ec7c7,2026-02-06,2026-08-07,estimated,https://doi.org/10.5066/P1WKQ63T
Cobalt,United States,Salient Statistics—United States,Price,"Price, average, dollars per pound: U.S. spot, cathode",dollars per pound,2021,24.21,24.21,Source: S&P Global Platts Metals Week. Cobalt cathode is refined cobalt metal produced by an electrolytic process.,Yes,MCS2026_Commodities_Data.csv,SRC-USGS-002,https://www.sciencebase.gov/catalog/item/69837e43b66b01367d7ec7c7,2026-02-06,2026-08-07,reported,https://doi.org/10.5066/P1WKQ63T
Cobalt,United States,Salient Statistics—United States,Price,"Price, average, dollars per pound: London Metal Exchange (LME), cash",dollars per pound,2021,23.17,23.17,,Yes,MCS2026_Commodities_Data.csv,SRC-USGS-002,https://www.sciencebase.gov/catalog/item/69837e43b66b01367d7ec7c7,2026-02-06,2026-08-07,reported,https://doi.org/10.5066/P1WKQ63T
Cobalt,United States,Salient Statistics—United States,Stock,"Stocks, yearend: Industry",metric tons,2021,1010.0,1010.0,Estimated. -- Includes reported data and U.S. Geological Survey estimates. -- Stocks held by consumers and processors; excludes stocks held by trading companies and held for investment purposes.,Yes,MCS2026_Commodities_Data.csv,SRC-USGS-002,https://www.sciencebase.gov/catalog/item/69837e43b66b01367d7ec7c7,2026-02-06,2026-08-07,estimated,https://doi.org/10.5066/P1WKQ63T
Cobalt,United States,Salient Statistics—United States,Stock,"Stocks, yearend: LME, U.S. warehouse",metric tons,2021,50.0,50.0,,Yes,MCS2026_Commodities_Data.csv,SRC-USGS-002,https://www.sciencebase.gov/catalog/item/69837e43b66b01367d7ec7c7,2026-02-06,2026-08-07,reported,https://doi.org/10.5066/P1WKQ63T
Cobalt,United States,Salient Statistics—United States,Net import reliance,Net import reliance as a percentage of apparent consumption,percent,2021,73.0,73.0,"Defined for 2021–22 as imports – exports ± adjustments for Government and industry stock changes for refined cobalt. Beginning in 2023, Government stock changes no longer included.",Yes,MCS2026_Commodities_Data.csv,SRC-USGS-002,https://www.sciencebase.gov/catalog/item/69837e43b66b01367d7ec7c7,2026-02-06,2026-08-07,reported,https://doi.org/10.5066/P1WKQ63T
Cobalt,United States,Salient Statistics—United States,Production,Production: Mine,metric tons,2022,500.0,500.0,Estimated.,Yes,MCS2026_Commodities_Data.csv,SRC-USGS-002,https://www.sciencebase.gov/catalog/item/69837e43b66b01367d7ec7c7,2026-02-06,2026-08-07,estimated,https://doi.org/10.5066/P1WKQ63T
Cobalt,United States,Salient Statistics—United States,Production,Production: Secondary,metric tons,2022,1920.0,1920.0,Estimated. -- Estimated from consumption of purchased scrap.,Yes,MCS2026_Commodities_Data.csv,SRC-USGS-002,https://www.sciencebase.gov/catalog/item/69837e43b66b01367d7ec7c7,2026-02-06,2026-08-07,estimated,https://doi.org/10.5066/P1WKQ63T
Cobalt,United States,Salient Statistics—United States,Import,Imports for consumption,metric tons,2022,10500.0,10500.0,,Yes,MCS2026_Commodities_Data.csv,SRC-USGS-002,https://www.sciencebase.gov/catalog/item/69837e43b66b01367d7ec7c7,2026-02-06,2026-08-07,reported,https://doi.org/10.5066/P1WKQ63T
Cobalt,United States,Salient Statistics—United States,Export,Exports,metric tons,2022,5360.0,5360.0,,Yes,MCS2026_Commodities_Data.csv,SRC-USGS-002,https://www.sciencebase.gov/catalog/item/69837e43b66b01367d7ec7c7,2026-02-06,2026-08-07,reported,https://doi.org/10.5066/P1WKQ63T
Cobalt,United States,Salient Statistics—United States,Consumption,Consumption (includes secondary): Estimated,metric tons,2022,7570.0,7570.0,Includes reported data and U.S. Geological Survey estimates.,Yes,MCS2026_Commodities_Data.csv,SRC-USGS-002,https://www.sciencebase.gov/catalog/item/69837e43b66b01367d7ec7c7,2026-02-06,2026-08-07,reported,https://doi.org/10.5066/P1WKQ63T
Cobalt,United States,Salient Statistics—United States,Consumption,Consumption (includes secondary): Apparent,metric tons,2022,7150.0,7150.0,"Estimated. -- Defined for 2021–22 as secondary production + imports – exports ± adjustments for Government and industry stock changes for refined cobalt. Beginning in 2023, Government stock changes no longer included.",Yes,MCS2026_Commodities_Data.csv,SRC-USGS-002,https://www.sciencebase.gov/catalog/item/69837e43b66b01367d7ec7c7,2026-02-06,2026-08-07,estimated,https://doi.org/10.5066/P1WKQ63T
Cobalt,United States,Salient Statistics—United States,Price,"Price, average, dollars per pound: U.S. spot, cathode",dollars per pound,2022,30.78,30.78,Source: S&P Global Platts Metals Week. Cobalt cathode is refined cobalt metal produced by an electrolytic process.,Yes,MCS2026_Commodities_Data.csv,SRC-USGS-002,https://www.sciencebase.gov/catalog/item/69837e43b66b01367d7ec7c7,2026-02-06,2026-08-07,reported,https://doi.org/10.5066/P1WKQ63T
Cobalt,United States,Salient Statistics—United States,Price,"Price, average, dollars per pound: London Metal Exchange (LME), cash",dollars per pound,2022,28.83,28.83,,Yes,MCS2026_Commodities_Data.csv,SRC-USGS-002,https://www.sciencebase.gov/catalog/item/69837e43b66b01367d7ec7c7,2026-02-06,2026-08-07,reported,https://doi.org/10.5066/P1WKQ63T
Cobalt,United States,Salient Statistics—United States,Stock,"Stocks, yearend: Industry",metric tons,2022,946.0,946.0,Estimated. -- Includes reported data and U.S. Geological Survey estimates. -- Stocks held by consumers and processors; excludes stocks held by trading companies and held for investment purposes.,Yes,MCS2026_Commodities_Data.csv,SRC-USGS-002,https://www.sciencebase.gov/catalog/item/69837e43b66b01367d7ec7c7,2026-02-06,2026-08-07,estimated,https://doi.org/10.5066/P1WKQ63T
Cobalt,United States,Salient Statistics—United States,Stock,"Stocks, yearend: LME, U.S. warehouse",metric tons,2022,34.0,34.0,,Yes,MCS2026_Commodities_Data.csv,SRC-USGS-002,https://www.sciencebase.gov/catalog/item/69837e43b66b01367d7ec7c7,2026-02-06,2026-08-07,reported,https://doi.org/10.5066/P1WKQ63T
Cobalt,United States,Salient Statistics—United States,Net import reliance,Net import reliance as a percentage of apparent consumption,percent,2022,73.0,73.0,"Defined for 2021–22 as imports – exports ± adjustments for Government and industry stock changes for refined cobalt. Beginning in 2023, Government stock changes no longer included.",Yes,MCS2026_Commodities_Data.csv,SRC-USGS-002,https://www.sciencebase.gov/catalog/item/69837e43b66b01367d7ec7c7,2026-02-06,2026-08-07,reported,https://doi.org/10.5066/P1WKQ63T
Cobalt,United States,Salient Statistics—United States,Production,Production: Mine,metric tons,2023,500.0,500.0,Estimated.,Yes,MCS2026_Commodities_Data.csv,SRC-USGS-002,https://www.sciencebase.gov/catalog/item/69837e43b66b01367d7ec7c7,2026-02-06,2026-08-07,estimated,https://doi.org/10.5066/P1WKQ63T
Cobalt,United States,Salient Statistics—United States,Production,Production: Secondary,metric tons,2023,2030.0,2030.0,Estimated. -- Estimated from consumption of purchased scrap.,Yes,MCS2026_Commodities_Data.csv,SRC-USGS-002,https://www.sciencebase.gov/catalog/item/69837e43b66b01367d7ec7c7,2026-02-06,2026-08-07,estimated,https://doi.org/10.5066/P1WKQ63T
Cobalt,United States,Salient Statistics—United States,Import,Imports for consumption,metric tons,2023,9500.0,9500.0,,Yes,MCS2026_Commodities_Data.csv,SRC-USGS-002,https://www.sciencebase.gov/catalog/item/69837e43b66b01367d7ec7c7,2026-02-06,2026-08-07,reported,https://doi.org/10.5066/P1WKQ63T
Cobalt,United States,Salient Statistics—United States,Export,Exports,metric tons,2023,5110.0,5110.0,,Yes,MCS2026_Commodities_Data.csv,SRC-USGS-002,https://www.sciencebase.gov/catalog/item/69837e43b66b01367d7ec7c7,2026-02-06,2026-08-07,reported,https://doi.org/10.5066/P1WKQ63T
Cobalt,United States,Salient Statistics—United States,Consumption,Consumption (includes secondary): Estimated,metric tons,2023,7840.0,7840.0,Includes reported data and U.S. Geological Survey estimates.,Yes,MCS2026_Commodities_Data.csv,SRC-USGS-002,https://www.sciencebase.gov/catalog/item/69837e43b66b01367d7ec7c7,2026-02-06,2026-08-07,reported,https://doi.org/10.5066/P1WKQ63T
Cobalt,United States,Salient Statistics—United States,Consumption,Consumption (includes secondary): Apparent,metric tons,2023,6440.0,6440.0,"Estimated. -- Defined for 2021–22 as secondary production + imports – exports ± adjustments for Government and industry stock changes for refined cobalt. Beginning in 2023, Government stock changes no longer included.",Yes,MCS2026_Commodities_Data.csv,SRC-USGS-002,https://www.sciencebase.gov/catalog/item/69837e43b66b01367d7ec7c7,2026-02-06,2026-08-07,estimated,https://doi.org/10.5066/P1WKQ63T
Cobalt,United States,Salient Statistics—United States,Price,"Price, average, dollars per pound: U.S. spot, cathode",dollars per pound,2023,17.2,17.2,Source: S&P Global Platts Metals Week. Cobalt cathode is refined cobalt metal produced by an electrolytic process.,Yes,MCS2026_Commodities_Data.csv,SRC-USGS-002,https://www.sciencebase.gov/catalog/item/69837e43b66b01367d7ec7c7,2026-02-06,2026-08-07,reported,https://doi.org/10.5066/P1WKQ63T
Cobalt,United States,Salient Statistics—United States,Price,"Price, average, dollars per pound: London Metal Exchange (LME), cash",dollars per pound,2023,15.48,15.48,,Yes,MCS2026_Commodities_Data.csv,SRC-USGS-002,https://www.sciencebase.gov/catalog/item/69837e43b66b01367d7ec7c7,2026-02-06,2026-08-07,reported,https://doi.org/10.5066/P1WKQ63T
Cobalt,United States,Salient Statistics—United States,Stock,"Stocks, yearend: Industry",metric tons,2023,925.0,925.0,Estimated. -- Includes reported data and U.S. Geological Survey estimates. -- Stocks held by consumers and processors; excludes stocks held by trading companies and held for investment purposes.,Yes,MCS2026_Commodities_Data.csv,SRC-USGS-002,https://www.sciencebase.gov/catalog/item/69837e43b66b01367d7ec7c7,2026-02-06,2026-08-07,estimated,https://doi.org/10.5066/P1WKQ63T
Cobalt,United States,Salient Statistics—United States,Stock,"Stocks, yearend: LME, U.S. warehouse",metric tons,2023,34.0,34.0,,Yes,MCS2026_Commodities_Data.csv,SRC-USGS-002,https://www.sciencebase.gov/catalog/item/69837e43b66b01367d7ec7c7,2026-02-06,2026-08-07,reported,https://doi.org/10.5066/P1WKQ63T
Cobalt,United States,Salient Statistics—United States,Net import reliance,Net import reliance as a percentage of apparent consumption,percent,2023,69.0,69.0,"Defined for 2021–22 as imports – exports ± adjustments for Government and industry stock changes for refined cobalt. Beginning in 2023, Government stock changes no longer included.",Yes,MCS2026_Commodities_Data.csv,SRC-USGS-002,https://www.sciencebase.gov/catalog/item/69837e43b66b01367d7ec7c7,2026-02-06,2026-08-07,reported,https://doi.org/10.5066/P1WKQ63T
Cobalt,United States,Salient Statistics—United States,Production,Production: Mine,metric tons,2024,200.0,200.0,Estimated.,Yes,MCS2026_Commodities_Data.csv,SRC-USGS-002,https://www.sciencebase.gov/catalog/item/69837e43b66b01367d7ec7c7,2026-02-06,2026-08-07,estimated,https://doi.org/10.5066/P1WKQ63T
Cobalt,United States,Salient Statistics—United States,Production,Production: Secondary,metric tons,2024,2050.0,2050.0,Estimated. -- Estimated from consumption of purchased scrap.,Yes,MCS2026_Commodities_Data.csv,SRC-USGS-002,https://www.sciencebase.gov/catalog/item/69837e43b66b01367d7ec7c7,2026-02-06,2026-08-07,estimated,https://doi.org/10.5066/P1WKQ63T
Cobalt,United States,Salient Statistics—United States,Import,Imports for consumption,metric tons,2024,10800.0,10800.0,,Yes,MCS2026_Commodities_Data.csv,SRC-USGS-002,https://www.sciencebase.gov/catalog/item/69837e43b66b01367d7ec7c7,2026-02-06,2026-08-07,reported,https://doi.org/10.5066/P1WKQ63T
Cobalt,United States,Salient Statistics—United States,Export,Exports,metric tons,2024,4880.0,4880.0,,Yes,MCS2026_Commodities_Data.csv,SRC-USGS-002,https://www.sciencebase.gov/catalog/item/69837e43b66b01367d7ec7c7,2026-02-06,2026-08-07,reported,https://doi.org/10.5066/P1WKQ63T
Cobalt,United States,Salient Statistics—United States,Consumption,Consumption (includes secondary): Estimated,metric tons,2024,7830.0,7830.0,Includes reported data and U.S. Geological Survey estimates.,Yes,MCS2026_Commodities_Data.csv,SRC-USGS-002,https://www.sciencebase.gov/catalog/item/69837e43b66b01367d7ec7c7,2026-02-06,2026-08-07,reported,https://doi.org/10.5066/P1WKQ63T
Cobalt,United States,Salient Statistics—United States,Consumption,Consumption (includes secondary): Apparent,metric tons,2024,7960.0,7960.0,"Estimated. -- Defined for 2021–22 as secondary production + imports – exports ± adjustments for Government and industry stock changes for refined cobalt. Beginning in 2023, Government stock changes no longer included.",Yes,MCS2026_Commodities_Data.csv,SRC-USGS-002,https://www.sciencebase.gov/catalog/item/69837e43b66b01367d7ec7c7,2026-02-06,2026-08-07,estimated,https://doi.org/10.5066/P1WKQ63T
Cobalt,United States,Salient Statistics—United States,Price,"Price, average, dollars per pound: U.S. spot, cathode",dollars per pound,2024,16.77,16.77,Source: S&P Global Platts Metals Week. Cobalt cathode is refined cobalt metal produced by an electrolytic process.,Yes,MCS2026_Commodities_Data.csv,SRC-USGS-002,https://www.sciencebase.gov/catalog/item/69837e43b66b01367d7ec7c7,2026-02-06,2026-08-07,reported,https://doi.org/10.5066/P1WKQ63T
Cobalt,United States,Salient Statistics—United States,Price,"Price, average, dollars per pound: London Metal Exchange (LME), cash",dollars per pound,2024,11.84,11.84,,Yes,MCS2026_Commodities_Data.csv,SRC-USGS-002,https://www.sciencebase.gov/catalog/item/69837e43b66b01367d7ec7c7,2026-02-06,2026-08-07,reported,https://doi.org/10.5066/P1WKQ63T
Cobalt,United States,Salient Statistics—United States,Stock,"Stocks, yearend: Industry",metric tons,2024,956.0,956.0,Estimated. -- Includes reported data and U.S. Geological Survey estimates. -- Stocks held by consumers and processors; excludes stocks held by trading companies and held for investment purposes.,Yes,MCS2026_Commodities_Data.csv,SRC-USGS-002,https://www.sciencebase.gov/catalog/item/69837e43b66b01367d7ec7c7,2026-02-06,2026-08-07,estimated,https://doi.org/10.5066/P1WKQ63T
Cobalt,United States,Salient Statistics—United States,Stock,"Stocks, yearend: LME, U.S. warehouse",metric tons,2024,34.0,34.0,,Yes,MCS2026_Commodities_Data.csv,SRC-USGS-002,https://www.sciencebase.gov/catalog/item/69837e43b66b01367d7ec7c7,2026-02-06,2026-08-07,reported,https://doi.org/10.5066/P1WKQ63T
Cobalt,United States,Salient Statistics—United States,Net import reliance,Net import reliance as a percentage of apparent consumption,percent,2024,74.0,74.0,"Defined for 2021–22 as imports – exports ± adjustments for Government and industry stock changes for refined cobalt. Beginning in 2023, Government stock changes no longer included.",Yes,MCS2026_Commodities_Data.csv,SRC-USGS-002,https://www.sciencebase.gov/catalog/item/69837e43b66b01367d7ec7c7,2026-02-06,2026-08-07,reported,https://doi.org/10.5066/P1WKQ63T
Cobalt,United States,Salient Statistics—United States,Production,Production: Mine,metric tons,2025,300.0,300.0,Estimated.,Yes,MCS2026_Commodities_Data.csv,SRC-USGS-002,https://www.sciencebase.gov/catalog/item/69837e43b66b01367d7ec7c7,2026-02-06,2026-08-07,estimated,https://doi.org/10.5066/P1WKQ63T
Cobalt,United States,Salient Statistics—United States,Production,Production: Secondary,metric tons,2025,2000.0,2000.0,Estimated. -- Estimated from consumption of purchased scrap.,Yes,MCS2026_Commodities_Data.csv,SRC-USGS-002,https://www.sciencebase.gov/catalog/item/69837e43b66b01367d7ec7c7,2026-02-06,2026-08-07,estimated,https://doi.org/10.5066/P1WKQ63T
Cobalt,United States,Salient Statistics—United States,Import,Imports for consumption,metric tons,2025,14000.0,14000.0,Estimated.,Yes,MCS2026_Commodities_Data.csv,SRC-USGS-002,https://www.sciencebase.gov/catalog/item/69837e43b66b01367d7ec7c7,2026-02-06,2026-08-07,estimated,https://doi.org/10.5066/P1WKQ63T
Cobalt,United States,Salient Statistics—United States,Export,Exports,metric tons,2025,4500.0,4500.0,Estimated.,Yes,MCS2026_Commodities_Data.csv,SRC-USGS-002,https://www.sciencebase.gov/catalog/item/69837e43b66b01367d7ec7c7,2026-02-06,2026-08-07,estimated,https://doi.org/10.5066/P1WKQ63T
Cobalt,United States,Salient Statistics—United States,Consumption,Consumption (includes secondary): Estimated,metric tons,2025,8000.0,8000.0,Estimated. -- Includes reported data and U.S. Geological Survey estimates.,Yes,MCS2026_Commodities_Data.csv,SRC-USGS-002,https://www.sciencebase.gov/catalog/item/69837e43b66b01367d7ec7c7,2026-02-06,2026-08-07,estimated,https://doi.org/10.5066/P1WKQ63T
Cobalt,United States,Salient Statistics—United States,Consumption,Consumption (includes secondary): Apparent,metric tons,2025,9600.0,9600.0,"Estimated. -- Defined for 2021–22 as secondary production + imports – exports ± adjustments for Government and industry stock changes for refined cobalt. Beginning in 2023, Government stock changes no longer included.",Yes,MCS2026_Commodities_Data.csv,SRC-USGS-002,https://www.sciencebase.gov/catalog/item/69837e43b66b01367d7ec7c7,2026-02-06,2026-08-07,estimated,https://doi.org/10.5066/P1WKQ63T
Cobalt,United States,Salient Statistics—United States,Price,"Price, average, dollars per pound: U.S. spot, cathode",dollars per pound,2025,21.0,21.0,Estimated. -- Source: S&P Global Platts Metals Week. Cobalt cathode is refined cobalt metal produced by an electrolytic process.,Yes,MCS2026_Commodities_Data.csv,SRC-USGS-002,https://www.sciencebase.gov/catalog/item/69837e43b66b01367d7ec7c7,2026-02-06,2026-08-07,estimated,https://doi.org/10.5066/P1WKQ63T
Cobalt,United States,Salient Statistics—United States,Price,"Price, average, dollars per pound: London Metal Exchange (LME), cash",dollars per pound,2025,15.0,15.0,Estimated.,Yes,MCS2026_Commodities_Data.csv,SRC-USGS-002,https://www.sciencebase.gov/catalog/item/69837e43b66b01367d7ec7c7,2026-02-06,2026-08-07,estimated,https://doi.org/10.5066/P1WKQ63T
Cobalt,United States,Salient Statistics—United States,Stock,"Stocks, yearend: Industry",metric tons,2025,1500.0,1500.0,Estimated. -- Includes reported data and U.S. Geological Survey estimates. -- Stocks held by consumers and processors; excludes stocks held by trading companies and held for investment purposes.,Yes,MCS2026_Commodities_Data.csv,SRC-USGS-002,https://www.sciencebase.gov/catalog/item/69837e43b66b01367d7ec7c7,2026-02-06,2026-08-07,estimated,https://doi.org/10.5066/P1WKQ63T
Cobalt,United States,Salient Statistics—United States,Stock,"Stocks, yearend: LME, U.S. warehouse",metric tons,2025,34.0,34.0,Estimated.,Yes,MCS2026_Commodities_Data.csv,SRC-USGS-002,https://www.sciencebase.gov/catalog/item/69837e43b66b01367d7ec7c7,2026-02-06,2026-08-07,estimated,https://doi.org/10.5066/P1WKQ63T
Cobalt,United States,Salient Statistics—United States,Net import reliance,Net import reliance as a percentage of apparent consumption,percent,2025,79.0,79.0,"Estimated. -- Defined for 2021–22 as imports – exports ± adjustments for Government and industry stock changes for refined cobalt. Beginning in 2023, Government stock changes no longer included.",Yes,MCS2026_Commodities_Data.csv,SRC-USGS-002,https://www.sciencebase.gov/catalog/item/69837e43b66b01367d7ec7c7,2026-02-06,2026-08-07,estimated,https://doi.org/10.5066/P1WKQ63T
Cobalt,Norway,Import Sources,Import sources 2021-2024,"Metal, oxide, and salts",percent,2021–24,26.0,26.0,,Yes,MCS2026_Commodities_Data.csv,SRC-USGS-002,https://www.sciencebase.gov/catalog/item/69837e43b66b01367d7ec7c7,2026-02-06,2026-08-07,reported,https://doi.org/10.5066/P1WKQ63T
Cobalt,Finland,Import Sources,Import sources 2021-2024,"Metal, oxide, and salts",percent,2021–24,16.0,16.0,,Yes,MCS2026_Commodities_Data.csv,SRC-USGS-002,https://www.sciencebase.gov/catalog/item/69837e43b66b01367d7ec7c7,2026-02-06,2026-08-07,reported,https://doi.org/10.5066/P1WKQ63T
Cobalt,Canada,Import Sources,Import sources 2021-2024,"Metal, oxide, and salts",percent,2021–24,14.0,14.0,,Yes,MCS2026_Commodities_Data.csv,SRC-USGS-002,https://www.sciencebase.gov/catalog/item/69837e43b66b01367d7ec7c7,2026-02-06,2026-08-07,reported,https://doi.org/10.5066/P1WKQ63T
Cobalt,Japan,Import Sources,Import sources 2021-2024,"Metal, oxide, and salts",percent,2021–24,14.0,14.0,,Yes,MCS2026_Commodities_Data.csv,SRC-USGS-002,https://www.sciencebase.gov/catalog/item/69837e43b66b01367d7ec7c7,2026-02-06,2026-08-07,reported,https://doi.org/10.5066/P1WKQ63T
Cobalt,Other countries,Import Sources,Import sources 2021-2024,"Metal, oxide, and salts",percent,2021–24,30.0,30.0,,Yes,MCS2026_Commodities_Data.csv,SRC-USGS-002,https://www.sciencebase.gov/catalog/item/69837e43b66b01367d7ec7c7,2026-02-06,2026-08-07,reported,https://doi.org/10.5066/P1WKQ63T
Cobalt,United States,World Mine Production and Reserves,Production,Mine production,metric tons,2024,200.0,200.0,Estimated.,Yes,MCS2026_Commodities_Data.csv,SRC-USGS-002,https://www.sciencebase.gov/catalog/item/69837e43b66b01367d7ec7c7,2026-02-06,2026-08-07,estimated,https://doi.org/10.5066/P1WKQ63T
Cobalt,Australia,World Mine Production and Reserves,Production,Mine production,metric tons,2024,4780.0,4780.0,Estimated.,Yes,MCS2026_Commodities_Data.csv,SRC-USGS-002,https://www.sciencebase.gov/catalog/item/69837e43b66b01367d7ec7c7,2026-02-06,2026-08-07,estimated,https://doi.org/10.5066/P1WKQ63T
Cobalt,Canada,World Mine Production and Reserves,Production,Mine production,metric tons,2024,3350.0,3350.0,Estimated.,Yes,MCS2026_Commodities_Data.csv,SRC-USGS-002,https://www.sciencebase.gov/catalog/item/69837e43b66b01367d7ec7c7,2026-02-06,2026-08-07,estimated,https://doi.org/10.5066/P1WKQ63T
Cobalt,China,World Mine Production and Reserves,Production,Mine production,metric tons,2024,2000.0,2000.0,Estimated.,Yes,MCS2026_Commodities_Data.csv,SRC-USGS-002,https://www.sciencebase.gov/catalog/item/69837e43b66b01367d7ec7c7,2026-02-06,2026-08-07,estimated,https://doi.org/10.5066/P1WKQ63T
Cobalt,Congo (Kinshasa),World Mine Production and Reserves,Production,Mine production,metric tons,2024,226000.0,226000.0,Estimated.,Yes,MCS2026_Commodities_Data.csv,SRC-USGS-002,https://www.sciencebase.gov/catalog/item/69837e43b66b01367d7ec7c7,2026-02-06,2026-08-07,estimated,https://doi.org/10.5066/P1WKQ63T
Cobalt,Cuba,World Mine Production and Reserves,Production,Mine production,metric tons,2024,3450.0,3450.0,Estimated.,Yes,MCS2026_Commodities_Data.csv,SRC-USGS-002,https://www.sciencebase.gov/catalog/item/69837e43b66b01367d7ec7c7,2026-02-06,2026-08-07,estimated,https://doi.org/10.5066/P1WKQ63T
Cobalt,Indonesia,World Mine Production and Reserves,Production,Mine production,metric tons,2024,35000.0,35000.0,Estimated.,Yes,MCS2026_Commodities_Data.csv,SRC-USGS-002,https://www.sciencebase.gov/catalog/item/69837e43b66b01367d7ec7c7,2026-02-06,2026-08-07,estimated,https://doi.org/10.5066/P1WKQ63T
Cobalt,Madagascar,World Mine Production and Reserves,Production,Mine production,metric tons,2024,3100.0,3100.0,Estimated.,Yes,MCS2026_Commodities_Data.csv,SRC-USGS-002,https://www.sciencebase.gov/catalog/item/69837e43b66b01367d7ec7c7,2026-02-06,2026-08-07,estimated,https://doi.org/10.5066/P1WKQ63T
Cobalt,Papua New Guinea,World Mine Production and Reserves,Production,Mine production,metric tons,2024,2630.0,2630.0,Estimated.,Yes,MCS2026_Commodities_Data.csv,SRC-USGS-002,https://www.sciencebase.gov/catalog/item/69837e43b66b01367d7ec7c7,2026-02-06,2026-08-07,estimated,https://doi.org/10.5066/P1WKQ63T
Cobalt,Philippines,World Mine Production and Reserves,Production,Mine production,metric tons,2024,3100.0,3100.0,Estimated.,Yes,MCS2026_Commodities_Data.csv,SRC-USGS-002,https://www.sciencebase.gov/catalog/item/69837e43b66b01367d7ec7c7,2026-02-06,2026-08-07,estimated,https://doi.org/10.5066/P1WKQ63T
Cobalt,Russia,World Mine Production and Reserves,Production,Mine production,metric tons,2024,8000.0,8000.0,Estimated.,Yes,MCS2026_Commodities_Data.csv,SRC-USGS-002,https://www.sciencebase.gov/catalog/item/69837e43b66b01367d7ec7c7,2026-02-06,2026-08-07,estimated,https://doi.org/10.5066/P1WKQ63T
Cobalt,Turkey,World Mine Production and Reserves,Production,Mine production,metric tons,2024,2200.0,2200.0,Estimated.,Yes,MCS2026_Commodities_Data.csv,SRC-USGS-002,https://www.sciencebase.gov/catalog/item/69837e43b66b01367d7ec7c7,2026-02-06,2026-08-07,estimated,https://doi.org/10.5066/P1WKQ63T
Cobalt,Other countries,World Mine Production and Reserves,Production,Mine production,metric tons,2024,7780.0,7780.0,Estimated.,Yes,MCS2026_Commodities_Data.csv,SRC-USGS-002,https://www.sciencebase.gov/catalog/item/69837e43b66b01367d7ec7c7,2026-02-06,2026-08-07,estimated,https://doi.org/10.5066/P1WKQ63T
Cobalt,World total,World Mine Production and Reserves,Production,Mine production: rounded,metric tons,2024,302000.0,302000.0,Estimated.,Yes,MCS2026_Commodities_Data.csv,SRC-USGS-002,https://www.sciencebase.gov/catalog/item/69837e43b66b01367d7ec7c7,2026-02-06,2026-08-07,estimated,https://doi.org/10.5066/P1WKQ63T
Cobalt,United States,World Mine Production and Reserves,Production,Mine production,metric tons,2025,300.0,300.0,Estimated.,Yes,MCS2026_Commodities_Data.csv,SRC-USGS-002,https://www.sciencebase.gov/catalog/item/69837e43b66b01367d7ec7c7,2026-02-06,2026-08-07,estimated,https://doi.org/10.5066/P1WKQ63T
Cobalt,Australia,World Mine Production and Reserves,Production,Mine production,metric tons,2025,3700.0,3700.0,Estimated.,Yes,MCS2026_Commodities_Data.csv,SRC-USGS-002,https://www.sciencebase.gov/catalog/item/69837e43b66b01367d7ec7c7,2026-02-06,2026-08-07,estimated,https://doi.org/10.5066/P1WKQ63T
Cobalt,Canada,World Mine Production and Reserves,Production,Mine production,metric tons,2025,3500.0,3500.0,Estimated.,Yes,MCS2026_Commodities_Data.csv,SRC-USGS-002,https://www.sciencebase.gov/catalog/item/69837e43b66b01367d7ec7c7,2026-02-06,2026-08-07,estimated,https://doi.org/10.5066/P1WKQ63T
Cobalt,China,World Mine Production and Reserves,Production,Mine production,metric tons,2025,2000.0,2000.0,Estimated.,Yes,MCS2026_Commodities_Data.csv,SRC-USGS-002,https://www.sciencebase.gov/catalog/item/69837e43b66b01367d7ec7c7,2026-02-06,2026-08-07,estimated,https://doi.org/10.5066/P1WKQ63T
Cobalt,Congo (Kinshasa),World Mine Production and Reserves,Production,Mine production,metric tons,2025,230000.0,230000.0,Estimated.,Yes,MCS2026_Commodities_Data.csv,SRC-USGS-002,https://www.sciencebase.gov/catalog/item/69837e43b66b01367d7ec7c7,2026-02-06,2026-08-07,estimated,https://doi.org/10.5066/P1WKQ63T
Cobalt,Cuba,World Mine Production and Reserves,Production,Mine production,metric tons,2025,2000.0,2000.0,Estimated.,Yes,MCS2026_Commodities_Data.csv,SRC-USGS-002,https://www.sciencebase.gov/catalog/item/69837e43b66b01367d7ec7c7,2026-02-06,2026-08-07,estimated,https://doi.org/10.5066/P1WKQ63T
Cobalt,Indonesia,World Mine Production and Reserves,Production,Mine production,metric tons,2025,44000.0,44000.0,Estimated.,Yes,MCS2026_Commodities_Data.csv,SRC-USGS-002,https://www.sciencebase.gov/catalog/item/69837e43b66b01367d7ec7c7,2026-02-06,2026-08-07,estimated,https://doi.org/10.5066/P1WKQ63T
Cobalt,Madagascar,World Mine Production and Reserves,Production,Mine production,metric tons,2025,3900.0,3900.0,Estimated.,Yes,MCS2026_Commodities_Data.csv,SRC-USGS-002,https://www.sciencebase.gov/catalog/item/69837e43b66b01367d7ec7c7,2026-02-06,2026-08-07,estimated,https://doi.org/10.5066/P1WKQ63T
Cobalt,Papua New Guinea,World Mine Production and Reserves,Production,Mine production,metric tons,2025,2800.0,2800.0,Estimated.,Yes,MCS2026_Commodities_Data.csv,SRC-USGS-002,https://www.sciencebase.gov/catalog/item/69837e43b66b01367d7ec7c7,2026-02-06,2026-08-07,estimated,https://doi.org/10.5066/P1WKQ63T
Cobalt,Philippines,World Mine Production and Reserves,Production,Mine production,metric tons,2025,3700.0,3700.0,Estimated.,Yes,MCS2026_Commodities_Data.csv,SRC-USGS-002,https://www.sciencebase.gov/catalog/item/69837e43b66b01367d7ec7c7,2026-02-06,2026-08-07,estimated,https://doi.org/10.5066/P1WKQ63T
Cobalt,Russia,World Mine Production and Reserves,Production,Mine production,metric tons,2025,7700.0,7700.0,Estimated.,Yes,MCS2026_Commodities_Data.csv,SRC-USGS-002,https://www.sciencebase.gov/catalog/item/69837e43b66b01367d7ec7c7,2026-02-06,2026-08-07,estimated,https://doi.org/10.5066/P1WKQ63T
Cobalt,Turkey,World Mine Production and Reserves,Production,Mine production,metric tons,2025,1900.0,1900.0,Estimated.,Yes,MCS2026_Commodities_Data.csv,SRC-USGS-002,https://www.sciencebase.gov/catalog/item/69837e43b66b01367d7ec7c7,2026-02-06,2026-08-07,estimated,https://doi.org/10.5066/P1WKQ63T
Cobalt,Other countries,World Mine Production and Reserves,Production,Mine production,metric tons,2025,9100.0,9100.0,Estimated.,Yes,MCS2026_Commodities_Data.csv,SRC-USGS-002,https://www.sciencebase.gov/catalog/item/69837e43b66b01367d7ec7c7,2026-02-06,2026-08-07,estimated,https://doi.org/10.5066/P1WKQ63T
Cobalt,World total,World Mine Production and Reserves,Production,Mine production: rounded,metric tons,2025,310000.0,310000.0,Estimated.,Yes,MCS2026_Commodities_Data.csv,SRC-USGS-002,https://www.sciencebase.gov/catalog/item/69837e43b66b01367d7ec7c7,2026-02-06,2026-08-07,estimated,https://doi.org/10.5066/P1WKQ63T
Cobalt,United States,World Mine Production and Reserves,Reserves,Reserves,metric tons,2025,70000.0,70000.0,See Appendix C for resource and reserve definitions and information concerning data sources.,Yes,MCS2026_Commodities_Data.csv,SRC-USGS-002,https://www.sciencebase.gov/catalog/item/69837e43b66b01367d7ec7c7,2026-02-06,2026-08-07,reported,https://doi.org/10.5066/P1WKQ63T
Cobalt,Australia,World Mine Production and Reserves,Reserves,Reserves,metric tons,2025,1700000.0,1700000.0,"See Appendix C for resource and reserve definitions and information concerning data sources. -- For Australia, Joint Ore Reserves Committee-compliant or equivalent reserves were 680,000 tons.",Yes,MCS2026_Commodities_Data.csv,SRC-USGS-002,https://www.sciencebase.gov/catalog/item/69837e43b66b01367d7ec7c7,2026-02-06,2026-08-07,reported,https://doi.org/10.5066/P1WKQ63T
Cobalt,Canada,World Mine Production and Reserves,Reserves,Reserves,metric tons,2025,220000.0,220000.0,See Appendix C for resource and reserve definitions and information concerning data sources.,Yes,MCS2026_Commodities_Data.csv,SRC-USGS-002,https://www.sciencebase.gov/catalog/item/69837e43b66b01367d7ec7c7,2026-02-06,2026-08-07,reported,https://doi.org/10.5066/P1WKQ63T
Cobalt,China,World Mine Production and Reserves,Reserves,Reserves,metric tons,2025,160000.0,160000.0,See Appendix C for resource and reserve definitions and information concerning data sources.,Yes,MCS2026_Commodities_Data.csv,SRC-USGS-002,https://www.sciencebase.gov/catalog/item/69837e43b66b01367d7ec7c7,2026-02-06,2026-08-07,reported,https://doi.org/10.5066/P1WKQ63T
Cobalt,Congo (Kinshasa),World Mine Production and Reserves,Reserves,Reserves,metric tons,2025,6000000.0,6000000.0,See Appendix C for resource and reserve definitions and information concerning data sources.,Yes,MCS2026_Commodities_Data.csv,SRC-USGS-002,https://www.sciencebase.gov/catalog/item/69837e43b66b01367d7ec7c7,2026-02-06,2026-08-07,reported,https://doi.org/10.5066/P1WKQ63T
Cobalt,Cuba,World Mine Production and Reserves,Reserves,Reserves,metric tons,2025,500000.0,500000.0,See Appendix C for resource and reserve definitions and information concerning data sources.,Yes,MCS2026_Commodities_Data.csv,SRC-USGS-002,https://www.sciencebase.gov/catalog/item/69837e43b66b01367d7ec7c7,2026-02-06,2026-08-07,reported,https://doi.org/10.5066/P1WKQ63T
Cobalt,Indonesia,World Mine Production and Reserves,Reserves,Reserves,metric tons,2025,760000.0,760000.0,See Appendix C for resource and reserve definitions and information concerning data sources.,Yes,MCS2026_Commodities_Data.csv,SRC-USGS-002,https://www.sciencebase.gov/catalog/item/69837e43b66b01367d7ec7c7,2026-02-06,2026-08-07,reported,https://doi.org/10.5066/P1WKQ63T
Cobalt,Madagascar,World Mine Production and Reserves,Reserves,Reserves,metric tons,2025,100000.0,100000.0,See Appendix C for resource and reserve definitions and information concerning data sources.,Yes,MCS2026_Commodities_Data.csv,SRC-USGS-002,https://www.sciencebase.gov/catalog/item/69837e43b66b01367d7ec7c7,2026-02-06,2026-08-07,reported,https://doi.org/10.5066/P1WKQ63T
Cobalt,Papua New Guinea,World Mine Production and Reserves,Reserves,Reserves,metric tons,2025,84000.0,84000.0,See Appendix C for resource and reserve definitions and information concerning data sources.,Yes,MCS2026_Commodities_Data.csv,SRC-USGS-002,https://www.sciencebase.gov/catalog/item/69837e43b66b01367d7ec7c7,2026-02-06,2026-08-07,reported,https://doi.org/10.5066/P1WKQ63T
Cobalt,Philippines,World Mine Production and Reserves,Reserves,Reserves,metric tons,2025,260000.0,260000.0,See Appendix C for resource and reserve definitions and information concerning data sources.,Yes,MCS2026_Commodities_Data.csv,SRC-USGS-002,https://www.sciencebase.gov/catalog/item/69837e43b66b01367d7ec7c7,2026-02-06,2026-08-07,reported,https://doi.org/10.5066/P1WKQ63T
Cobalt,Russia,World Mine Production and Reserves,Reserves,Reserves,metric tons,2025,800000.0,800000.0,See Appendix C for resource and reserve definitions and information concerning data sources. -- Data from the Russia Ministry of Natural Resources.,Yes,MCS2026_Commodities_Data.csv,SRC-USGS-002,https://www.sciencebase.gov/catalog/item/69837e43b66b01367d7ec7c7,2026-02-06,2026-08-07,reported,https://doi.org/10.5066/P1WKQ63T
Cobalt,Turkey,World Mine Production and Reserves,Reserves,Reserves,metric tons,2025,91000.0,91000.0,See Appendix C for resource and reserve definitions and information concerning data sources.,Yes,MCS2026_Commodities_Data.csv,SRC-USGS-002,https://www.sciencebase.gov/catalog/item/69837e43b66b01367d7ec7c7,2026-02-06,2026-08-07,reported,https://doi.org/10.5066/P1WKQ63T
Cobalt,Other countries,World Mine Production and Reserves,Reserves,Reserves,metric tons,2025,780000.0,780000.0,See Appendix C for resource and reserve definitions and information concerning data sources.,Yes,MCS2026_Commodities_Data.csv,SRC-USGS-002,https://www.sciencebase.gov/catalog/item/69837e43b66b01367d7ec7c7,2026-02-06,2026-08-07,reported,https://doi.org/10.5066/P1WKQ63T
Cobalt,World total,World Mine Production and Reserves,Reserves,Reserves: rounded,metric tons,2025,12000000.0,12000000.0,See Appendix C for resource and reserve definitions and information concerning data sources.,Yes,MCS2026_Commodities_Data.csv,SRC-USGS-002,https://www.sciencebase.gov/catalog/item/69837e43b66b01367d7ec7c7,2026-02-06,2026-08-07,reported,https://doi.org/10.5066/P1WKQ63T
Graphite (Natural),United States,Salient Statistics—United States,Production,"Production, mine",metric tons,2021,—,,,Yes,MCS2026_Commodities_Data.csv,SRC-USGS-002,https://www.sciencebase.gov/catalog/item/69837e43b66b01367d7ec7c7,2026-02-06,2026-08-07,reported,https://doi.org/10.5066/P1WKQ63T
Graphite (Natural),United States,Salient Statistics—United States,Import,Imports for consumption,metric tons,2021,53000.0,53000.0,,Yes,MCS2026_Commodities_Data.csv,SRC-USGS-002,https://www.sciencebase.gov/catalog/item/69837e43b66b01367d7ec7c7,2026-02-06,2026-08-07,reported,https://doi.org/10.5066/P1WKQ63T
Graphite (Natural),United States,Salient Statistics—United States,Export,Exports,metric tons,2021,8660.0,8660.0,,Yes,MCS2026_Commodities_Data.csv,SRC-USGS-002,https://www.sciencebase.gov/catalog/item/69837e43b66b01367d7ec7c7,2026-02-06,2026-08-07,reported,https://doi.org/10.5066/P1WKQ63T
Graphite (Natural),United States,Salient Statistics—United States,Consumption,"Consumption, apparent",metric tons,2021,44300.0,44300.0,Defined as imports – exports.,Yes,MCS2026_Commodities_Data.csv,SRC-USGS-002,https://www.sciencebase.gov/catalog/item/69837e43b66b01367d7ec7c7,2026-02-06,2026-08-07,reported,https://doi.org/10.5066/P1WKQ63T
Graphite (Natural),United States,Salient Statistics—United States,Price,"Price, average unit value of imports, dollars per metric ton at foreign ports: Flake",dollars per metric ton,2021,1330.0,1330.0,,Yes,MCS2026_Commodities_Data.csv,SRC-USGS-002,https://www.sciencebase.gov/catalog/item/69837e43b66b01367d7ec7c7,2026-02-06,2026-08-07,reported,https://doi.org/10.5066/P1WKQ63T
Graphite (Natural),United States,Salient Statistics—United States,Price,"Price, average unit value of imports, dollars per metric ton at foreign ports: Lump and chip (Sri Lanka)",dollars per metric ton,2021,2010.0,2010.0,,Yes,MCS2026_Commodities_Data.csv,SRC-USGS-002,https://www.sciencebase.gov/catalog/item/69837e43b66b01367d7ec7c7,2026-02-06,2026-08-07,reported,https://doi.org/10.5066/P1WKQ63T
Graphite (Natural),United States,Salient Statistics—United States,Price,"Price, average unit value of imports, dollars per metric ton at foreign ports: Amorphous",dollars per metric ton,2021,629.0,629.0,,Yes,MCS2026_Commodities_Data.csv,SRC-USGS-002,https://www.sciencebase.gov/catalog/item/69837e43b66b01367d7ec7c7,2026-02-06,2026-08-07,reported,https://doi.org/10.5066/P1WKQ63T
Graphite (Natural),United States,Salient Statistics—United States,Net import reliance,Net import reliance as a percentage of apparent consumption,percent,2021,100.0,100.0,Defined as imports – exports.,Yes,MCS2026_Commodities_Data.csv,SRC-USGS-002,https://www.sciencebase.gov/catalog/item/69837e43b66b01367d7ec7c7,2026-02-06,2026-08-07,reported,https://doi.org/10.5066/P1WKQ63T
Graphite (Natural),United States,Salient Statistics—United States,Production,"Production, mine",metric tons,2022,—,,,Yes,MCS2026_Commodities_Data.csv,SRC-USGS-002,https://www.sciencebase.gov/catalog/item/69837e43b66b01367d7ec7c7,2026-02-06,2026-08-07,reported,https://doi.org/10.5066/P1WKQ63T
Graphite (Natural),United States,Salient Statistics—United States,Import,Imports for consumption,metric tons,2022,89200.0,89200.0,,Yes,MCS2026_Commodities_Data.csv,SRC-USGS-002,https://www.sciencebase.gov/catalog/item/69837e43b66b01367d7ec7c7,2026-02-06,2026-08-07,reported,https://doi.org/10.5066/P1WKQ63T
Graphite (Natural),United States,Salient Statistics—United States,Export,Exports,metric tons,2022,9500.0,9500.0,,Yes,MCS2026_Commodities_Data.csv,SRC-USGS-002,https://www.sciencebase.gov/catalog/item/69837e43b66b01367d7ec7c7,2026-02-06,2026-08-07,reported,https://doi.org/10.5066/P1WKQ63T
Graphite (Natural),United States,Salient Statistics—United States,Consumption,"Consumption, apparent",metric tons,2022,79700.0,79700.0,Defined as imports – exports.,Yes,MCS2026_Commodities_Data.csv,SRC-USGS-002,https://www.sciencebase.gov/catalog/item/69837e43b66b01367d7ec7c7,2026-02-06,2026-08-07,reported,https://doi.org/10.5066/P1WKQ63T
Graphite (Natural),United States,Salient Statistics—United States,Price,"Price, average unit value of imports, dollars per metric ton at foreign ports: Flake",dollars per metric ton,2022,1200.0,1200.0,,Yes,MCS2026_Commodities_Data.csv,SRC-USGS-002,https://www.sciencebase.gov/catalog/item/69837e43b66b01367d7ec7c7,2026-02-06,2026-08-07,reported,https://doi.org/10.5066/P1WKQ63T
Graphite (Natural),United States,Salient Statistics—United States,Price,"Price, average unit value of imports, dollars per metric ton at foreign ports: Lump and chip (Sri Lanka)",dollars per metric ton,2022,2590.0,2590.0,,Yes,MCS2026_Commodities_Data.csv,SRC-USGS-002,https://www.sciencebase.gov/catalog/item/69837e43b66b01367d7ec7c7,2026-02-06,2026-08-07,reported,https://doi.org/10.5066/P1WKQ63T
Graphite (Natural),United States,Salient Statistics—United States,Price,"Price, average unit value of imports, dollars per metric ton at foreign ports: Amorphous",dollars per metric ton,2022,563.0,563.0,,Yes,MCS2026_Commodities_Data.csv,SRC-USGS-002,https://www.sciencebase.gov/catalog/item/69837e43b66b01367d7ec7c7,2026-02-06,2026-08-07,reported,https://doi.org/10.5066/P1WKQ63T
Graphite (Natural),United States,Salient Statistics—United States,Net import reliance,Net import reliance as a percentage of apparent consumption,percent,2022,100.0,100.0,Defined as imports – exports.,Yes,MCS2026_Commodities_Data.csv,SRC-USGS-002,https://www.sciencebase.gov/catalog/item/69837e43b66b01367d7ec7c7,2026-02-06,2026-08-07,reported,https://doi.org/10.5066/P1WKQ63T
Graphite (Natural),United States,Salient Statistics—United States,Production,"Production, mine",metric tons,2023,—,,,Yes,MCS2026_Commodities_Data.csv,SRC-USGS-002,https://www.sciencebase.gov/catalog/item/69837e43b66b01367d7ec7c7,2026-02-06,2026-08-07,reported,https://doi.org/10.5066/P1WKQ63T
Graphite (Natural),United States,Salient Statistics—United States,Import,Imports for consumption,metric tons,2023,73500.0,73500.0,,Yes,MCS2026_Commodities_Data.csv,SRC-USGS-002,https://www.sciencebase.gov/catalog/item/69837e43b66b01367d7ec7c7,2026-02-06,2026-08-07,reported,https://doi.org/10.5066/P1WKQ63T
Graphite (Natural),United States,Salient Statistics—United States,Export,Exports,metric tons,2023,7780.0,7780.0,,Yes,MCS2026_Commodities_Data.csv,SRC-USGS-002,https://www.sciencebase.gov/catalog/item/69837e43b66b01367d7ec7c7,2026-02-06,2026-08-07,reported,https://doi.org/10.5066/P1WKQ63T
Graphite (Natural),United States,Salient Statistics—United States,Consumption,"Consumption, apparent",metric tons,2023,65700.0,65700.0,Defined as imports – exports.,Yes,MCS2026_Commodities_Data.csv,SRC-USGS-002,https://www.sciencebase.gov/catalog/item/69837e43b66b01367d7ec7c7,2026-02-06,2026-08-07,reported,https://doi.org/10.5066/P1WKQ63T
Graphite (Natural),United States,Salient Statistics—United States,Price,"Price, average unit value of imports, dollars per metric ton at foreign ports: Flake",dollars per metric ton,2023,1080.0,1080.0,,Yes,MCS2026_Commodities_Data.csv,SRC-USGS-002,https://www.sciencebase.gov/catalog/item/69837e43b66b01367d7ec7c7,2026-02-06,2026-08-07,reported,https://doi.org/10.5066/P1WKQ63T
Graphite (Natural),United States,Salient Statistics—United States,Price,"Price, average unit value of imports, dollars per metric ton at foreign ports: Lump and chip (Sri Lanka)",dollars per metric ton,2023,2380.0,2380.0,,Yes,MCS2026_Commodities_Data.csv,SRC-USGS-002,https://www.sciencebase.gov/catalog/item/69837e43b66b01367d7ec7c7,2026-02-06,2026-08-07,reported,https://doi.org/10.5066/P1WKQ63T
Graphite (Natural),United States,Salient Statistics—United States,Price,"Price, average unit value of imports, dollars per metric ton at foreign ports: Amorphous",dollars per metric ton,2023,607.0,607.0,,Yes,MCS2026_Commodities_Data.csv,SRC-USGS-002,https://www.sciencebase.gov/catalog/item/69837e43b66b01367d7ec7c7,2026-02-06,2026-08-07,reported,https://doi.org/10.5066/P1WKQ63T
Graphite (Natural),United States,Salient Statistics—United States,Net import reliance,Net import reliance as a percentage of apparent consumption,percent,2023,100.0,100.0,Defined as imports – exports.,Yes,MCS2026_Commodities_Data.csv,SRC-USGS-002,https://www.sciencebase.gov/catalog/item/69837e43b66b01367d7ec7c7,2026-02-06,2026-08-07,reported,https://doi.org/10.5066/P1WKQ63T
Graphite (Natural),United States,Salient Statistics—United States,Production,"Production, mine",metric tons,2024,—,,,Yes,MCS2026_Commodities_Data.csv,SRC-USGS-002,https://www.sciencebase.gov/catalog/item/69837e43b66b01367d7ec7c7,2026-02-06,2026-08-07,reported,https://doi.org/10.5066/P1WKQ63T
Graphite (Natural),United States,Salient Statistics—United States,Import,Imports for consumption,metric tons,2024,73900.0,73900.0,,Yes,MCS2026_Commodities_Data.csv,SRC-USGS-002,https://www.sciencebase.gov/catalog/item/69837e43b66b01367d7ec7c7,2026-02-06,2026-08-07,reported,https://doi.org/10.5066/P1WKQ63T
Graphite (Natural),United States,Salient Statistics—United States,Export,Exports,metric tons,2024,8740.0,8740.0,,Yes,MCS2026_Commodities_Data.csv,SRC-USGS-002,https://www.sciencebase.gov/catalog/item/69837e43b66b01367d7ec7c7,2026-02-06,2026-08-07,reported,https://doi.org/10.5066/P1WKQ63T
Graphite (Natural),United States,Salient Statistics—United States,Consumption,"Consumption, apparent",metric tons,2024,65200.0,65200.0,Defined as imports – exports.,Yes,MCS2026_Commodities_Data.csv,SRC-USGS-002,https://www.sciencebase.gov/catalog/item/69837e43b66b01367d7ec7c7,2026-02-06,2026-08-07,reported,https://doi.org/10.5066/P1WKQ63T
Graphite (Natural),United States,Salient Statistics—United States,Price,"Price, average unit value of imports, dollars per metric ton at foreign ports: Flake",dollars per metric ton,2024,1050.0,1050.0,,Yes,MCS2026_Commodities_Data.csv,SRC-USGS-002,https://www.sciencebase.gov/catalog/item/69837e43b66b01367d7ec7c7,2026-02-06,2026-08-07,reported,https://doi.org/10.5066/P1WKQ63T
Graphite (Natural),United States,Salient Statistics—United States,Price,"Price, average unit value of imports, dollars per metric ton at foreign ports: Lump and chip (Sri Lanka)",dollars per metric ton,2024,2810.0,2810.0,,Yes,MCS2026_Commodities_Data.csv,SRC-USGS-002,https://www.sciencebase.gov/catalog/item/69837e43b66b01367d7ec7c7,2026-02-06,2026-08-07,reported,https://doi.org/10.5066/P1WKQ63T
Graphite (Natural),United States,Salient Statistics—United States,Price,"Price, average unit value of imports, dollars per metric ton at foreign ports: Amorphous",dollars per metric ton,2024,535.0,535.0,,Yes,MCS2026_Commodities_Data.csv,SRC-USGS-002,https://www.sciencebase.gov/catalog/item/69837e43b66b01367d7ec7c7,2026-02-06,2026-08-07,reported,https://doi.org/10.5066/P1WKQ63T
Graphite (Natural),United States,Salient Statistics—United States,Net import reliance,Net import reliance as a percentage of apparent consumption,percent,2024,100.0,100.0,Defined as imports – exports.,Yes,MCS2026_Commodities_Data.csv,SRC-USGS-002,https://www.sciencebase.gov/catalog/item/69837e43b66b01367d7ec7c7,2026-02-06,2026-08-07,reported,https://doi.org/10.5066/P1WKQ63T
Graphite (Natural),United States,Salient Statistics—United States,Production,"Production, mine",metric tons,2025,—,,,Yes,MCS2026_Commodities_Data.csv,SRC-USGS-002,https://www.sciencebase.gov/catalog/item/69837e43b66b01367d7ec7c7,2026-02-06,2026-08-07,reported,https://doi.org/10.5066/P1WKQ63T
Graphite (Natural),United States,Salient Statistics—United States,Import,Imports for consumption,metric tons,2025,79000.0,79000.0,Estimated.,Yes,MCS2026_Commodities_Data.csv,SRC-USGS-002,https://www.sciencebase.gov/catalog/item/69837e43b66b01367d7ec7c7,2026-02-06,2026-08-07,estimated,https://doi.org/10.5066/P1WKQ63T
Graphite (Natural),United States,Salient Statistics—United States,Export,Exports,metric tons,2025,8400.0,8400.0,Estimated.,Yes,MCS2026_Commodities_Data.csv,SRC-USGS-002,https://www.sciencebase.gov/catalog/item/69837e43b66b01367d7ec7c7,2026-02-06,2026-08-07,estimated,https://doi.org/10.5066/P1WKQ63T
Graphite (Natural),United States,Salient Statistics—United States,Consumption,"Consumption, apparent",metric tons,2025,71000.0,71000.0,Estimated. -- Defined as imports – exports.,Yes,MCS2026_Commodities_Data.csv,SRC-USGS-002,https://www.sciencebase.gov/catalog/item/69837e43b66b01367d7ec7c7,2026-02-06,2026-08-07,estimated,https://doi.org/10.5066/P1WKQ63T
Graphite (Natural),United States,Salient Statistics—United States,Price,"Price, average unit value of imports, dollars per metric ton at foreign ports: Flake",dollars per metric ton,2025,1000.0,1000.0,Estimated.,Yes,MCS2026_Commodities_Data.csv,SRC-USGS-002,https://www.sciencebase.gov/catalog/item/69837e43b66b01367d7ec7c7,2026-02-06,2026-08-07,estimated,https://doi.org/10.5066/P1WKQ63T
Graphite (Natural),United States,Salient Statistics—United States,Price,"Price, average unit value of imports, dollars per metric ton at foreign ports: Lump and chip (Sri Lanka)",dollars per metric ton,2025,2600.0,2600.0,Estimated.,Yes,MCS2026_Commodities_Data.csv,SRC-USGS-002,https://www.sciencebase.gov/catalog/item/69837e43b66b01367d7ec7c7,2026-02-06,2026-08-07,estimated,https://doi.org/10.5066/P1WKQ63T
Graphite (Natural),United States,Salient Statistics—United States,Price,"Price, average unit value of imports, dollars per metric ton at foreign ports: Amorphous",dollars per metric ton,2025,470.0,470.0,Estimated.,Yes,MCS2026_Commodities_Data.csv,SRC-USGS-002,https://www.sciencebase.gov/catalog/item/69837e43b66b01367d7ec7c7,2026-02-06,2026-08-07,estimated,https://doi.org/10.5066/P1WKQ63T
Graphite (Natural),United States,Salient Statistics—United States,Net import reliance,Net import reliance as a percentage of apparent consumption,percent,2025,100.0,100.0,Estimated. -- Defined as imports – exports.,Yes,MCS2026_Commodities_Data.csv,SRC-USGS-002,https://www.sciencebase.gov/catalog/item/69837e43b66b01367d7ec7c7,2026-02-06,2026-08-07,estimated,https://doi.org/10.5066/P1WKQ63T
Graphite (Natural),China,Import Sources,Import sources 2021-2024,All,percent,2021–24,46.0,46.0,Includes Hong Kong.,Yes,MCS2026_Commodities_Data.csv,SRC-USGS-002,https://www.sciencebase.gov/catalog/item/69837e43b66b01367d7ec7c7,2026-02-06,2026-08-07,reported,https://doi.org/10.5066/P1WKQ63T
Graphite (Natural),Canada,Import Sources,Import sources 2021-2024,All,percent,2021–24,13.0,13.0,,Yes,MCS2026_Commodities_Data.csv,SRC-USGS-002,https://www.sciencebase.gov/catalog/item/69837e43b66b01367d7ec7c7,2026-02-06,2026-08-07,reported,https://doi.org/10.5066/P1WKQ63T
Graphite (Natural),Mozambique,Import Sources,Import sources 2021-2024,All,percent,2021–24,13.0,13.0,,Yes,MCS2026_Commodities_Data.csv,SRC-USGS-002,https://www.sciencebase.gov/catalog/item/69837e43b66b01367d7ec7c7,2026-02-06,2026-08-07,reported,https://doi.org/10.5066/P1WKQ63T
Graphite (Natural),Mexico,Import Sources,Import sources 2021-2024,All,percent,2021–24,12.0,12.0,,Yes,MCS2026_Commodities_Data.csv,SRC-USGS-002,https://www.sciencebase.gov/catalog/item/69837e43b66b01367d7ec7c7,2026-02-06,2026-08-07,reported,https://doi.org/10.5066/P1WKQ63T
Graphite (Natural),Other countries,Import Sources,Import sources 2021-2024,All,percent,2021–24,16.0,16.0,,Yes,MCS2026_Commodities_Data.csv,SRC-USGS-002,https://www.sciencebase.gov/catalog/item/69837e43b66b01367d7ec7c7,2026-02-06,2026-08-07,reported,https://doi.org/10.5066/P1WKQ63T
Graphite (Natural),United States,World Mine Production and Reserves,Production,Mine production,metric tons,2024,—,,,Yes,MCS2026_Commodities_Data.csv,SRC-USGS-002,https://www.sciencebase.gov/catalog/item/69837e43b66b01367d7ec7c7,2026-02-06,2026-08-07,reported,https://doi.org/10.5066/P1WKQ63T
Graphite (Natural),Austria,World Mine Production and Reserves,Production,Mine production,metric tons,2024,100.0,100.0,,Yes,MCS2026_Commodities_Data.csv,SRC-USGS-002,https://www.sciencebase.gov/catalog/item/69837e43b66b01367d7ec7c7,2026-02-06,2026-08-07,reported,https://doi.org/10.5066/P1WKQ63T
Graphite (Natural),Brazil,World Mine Production and Reserves,Production,Mine production,metric tons,2024,58000.0,58000.0,,Yes,MCS2026_Commodities_Data.csv,SRC-USGS-002,https://www.sciencebase.gov/catalog/item/69837e43b66b01367d7ec7c7,2026-02-06,2026-08-07,reported,https://doi.org/10.5066/P1WKQ63T
Graphite (Natural),Canada,World Mine Production and Reserves,Production,Mine production,metric tons,2024,11700.0,11700.0,,Yes,MCS2026_Commodities_Data.csv,SRC-USGS-002,https://www.sciencebase.gov/catalog/item/69837e43b66b01367d7ec7c7,2026-02-06,2026-08-07,reported,https://doi.org/10.5066/P1WKQ63T
Graphite (Natural),China,World Mine Production and Reserves,Production,Mine production,metric tons,2024,1270000.0,1270000.0,,Yes,MCS2026_Commodities_Data.csv,SRC-USGS-002,https://www.sciencebase.gov/catalog/item/69837e43b66b01367d7ec7c7,2026-02-06,2026-08-07,reported,https://doi.org/10.5066/P1WKQ63T
Graphite (Natural),Germany,World Mine Production and Reserves,Production,Mine production,metric tons,2024,140.0,140.0,,Yes,MCS2026_Commodities_Data.csv,SRC-USGS-002,https://www.sciencebase.gov/catalog/item/69837e43b66b01367d7ec7c7,2026-02-06,2026-08-07,reported,https://doi.org/10.5066/P1WKQ63T
Graphite (Natural),India,World Mine Production and Reserves,Production,Mine production,metric tons,2024,17600.0,17600.0,,Yes,MCS2026_Commodities_Data.csv,SRC-USGS-002,https://www.sciencebase.gov/catalog/item/69837e43b66b01367d7ec7c7,2026-02-06,2026-08-07,reported,https://doi.org/10.5066/P1WKQ63T
Graphite (Natural),"Korea, North",World Mine Production and Reserves,Production,Mine production,metric tons,2024,8100.0,8100.0,Estimated.,Yes,MCS2026_Commodities_Data.csv,SRC-USGS-002,https://www.sciencebase.gov/catalog/item/69837e43b66b01367d7ec7c7,2026-02-06,2026-08-07,estimated,https://doi.org/10.5066/P1WKQ63T
Graphite (Natural),"Korea, Republic of",World Mine Production and Reserves,Production,Mine production,metric tons,2024,1000.0,1000.0,,Yes,MCS2026_Commodities_Data.csv,SRC-USGS-002,https://www.sciencebase.gov/catalog/item/69837e43b66b01367d7ec7c7,2026-02-06,2026-08-07,reported,https://doi.org/10.5066/P1WKQ63T
Graphite (Natural),Madagascar,World Mine Production and Reserves,Production,Mine production,metric tons,2024,85000.0,85000.0,,Yes,MCS2026_Commodities_Data.csv,SRC-USGS-002,https://www.sciencebase.gov/catalog/item/69837e43b66b01367d7ec7c7,2026-02-06,2026-08-07,reported,https://doi.org/10.5066/P1WKQ63T
Graphite (Natural),Mexico,World Mine Production and Reserves,Production,Mine production,metric tons,2024,706.0,706.0,,Yes,MCS2026_Commodities_Data.csv,SRC-USGS-002,https://www.sciencebase.gov/catalog/item/69837e43b66b01367d7ec7c7,2026-02-06,2026-08-07,reported,https://doi.org/10.5066/P1WKQ63T
Graphite (Natural),Mozambique,World Mine Production and Reserves,Production,Mine production,metric tons,2024,39000.0,39000.0,,Yes,MCS2026_Commodities_Data.csv,SRC-USGS-002,https://www.sciencebase.gov/catalog/item/69837e43b66b01367d7ec7c7,2026-02-06,2026-08-07,reported,https://doi.org/10.5066/P1WKQ63T
Graphite (Natural),Norway,World Mine Production and Reserves,Production,Mine production,metric tons,2024,5340.0,5340.0,,Yes,MCS2026_Commodities_Data.csv,SRC-USGS-002,https://www.sciencebase.gov/catalog/item/69837e43b66b01367d7ec7c7,2026-02-06,2026-08-07,reported,https://doi.org/10.5066/P1WKQ63T
Graphite (Natural),Russia,World Mine Production and Reserves,Production,Mine production,metric tons,2024,20000.0,20000.0,Estimated.,Yes,MCS2026_Commodities_Data.csv,SRC-USGS-002,https://www.sciencebase.gov/catalog/item/69837e43b66b01367d7ec7c7,2026-02-06,2026-08-07,estimated,https://doi.org/10.5066/P1WKQ63T
Graphite (Natural),Sri Lanka,World Mine Production and Reserves,Production,Mine production,metric tons,2024,3000.0,3000.0,,Yes,MCS2026_Commodities_Data.csv,SRC-USGS-002,https://www.sciencebase.gov/catalog/item/69837e43b66b01367d7ec7c7,2026-02-06,2026-08-07,reported,https://doi.org/10.5066/P1WKQ63T
Graphite (Natural),Tanzania,World Mine Production and Reserves,Production,Mine production,metric tons,2024,27000.0,27000.0,Estimated.,Yes,MCS2026_Commodities_Data.csv,SRC-USGS-002,https://www.sciencebase.gov/catalog/item/69837e43b66b01367d7ec7c7,2026-02-06,2026-08-07,estimated,https://doi.org/10.5066/P1WKQ63T
Graphite (Natural),Turkey,World Mine Production and Reserves,Production,Mine production,metric tons,2024,2600.0,2600.0,,Yes,MCS2026_Commodities_Data.csv,SRC-USGS-002,https://www.sciencebase.gov/catalog/item/69837e43b66b01367d7ec7c7,2026-02-06,2026-08-07,reported,https://doi.org/10.5066/P1WKQ63T
Graphite (Natural),Ukraine,World Mine Production and Reserves,Production,Mine production,metric tons,2024,900.0,900.0,,Yes,MCS2026_Commodities_Data.csv,SRC-USGS-002,https://www.sciencebase.gov/catalog/item/69837e43b66b01367d7ec7c7,2026-02-06,2026-08-07,reported,https://doi.org/10.5066/P1WKQ63T
Graphite (Natural),Vietnam,World Mine Production and Reserves,Production,Mine production,metric tons,2024,500.0,500.0,,Yes,MCS2026_Commodities_Data.csv,SRC-USGS-002,https://www.sciencebase.gov/catalog/item/69837e43b66b01367d7ec7c7,2026-02-06,2026-08-07,reported,https://doi.org/10.5066/P1WKQ63T
Graphite (Natural),World total,World Mine Production and Reserves,Production,Mine production: rounded,metric tons,2024,1550000.0,1550000.0,,Yes,MCS2026_Commodities_Data.csv,SRC-USGS-002,https://www.sciencebase.gov/catalog/item/69837e43b66b01367d7ec7c7,2026-02-06,2026-08-07,reported,https://doi.org/10.5066/P1WKQ63T
Graphite (Natural),United States,World Mine Production and Reserves,Production,Mine production,metric tons,2025,—,,,Yes,MCS2026_Commodities_Data.csv,SRC-USGS-002,https://www.sciencebase.gov/catalog/item/69837e43b66b01367d7ec7c7,2026-02-06,2026-08-07,reported,https://doi.org/10.5066/P1WKQ63T
Graphite (Natural),Austria,World Mine Production and Reserves,Production,Mine production,metric tons,2025,200.0,200.0,Estimated.,Yes,MCS2026_Commodities_Data.csv,SRC-USGS-002,https://www.sciencebase.gov/catalog/item/69837e43b66b01367d7ec7c7,2026-02-06,2026-08-07,estimated,https://doi.org/10.5066/P1WKQ63T
Graphite (Natural),Brazil,World Mine Production and Reserves,Production,Mine production,metric tons,2025,65000.0,65000.0,Estimated.,Yes,MCS2026_Commodities_Data.csv,SRC-USGS-002,https://www.sciencebase.gov/catalog/item/69837e43b66b01367d7ec7c7,2026-02-06,2026-08-07,estimated,https://doi.org/10.5066/P1WKQ63T
Graphite (Natural),Canada,World Mine Production and Reserves,Production,Mine production,metric tons,2025,8000.0,8000.0,Estimated.,Yes,MCS2026_Commodities_Data.csv,SRC-USGS-002,https://www.sciencebase.gov/catalog/item/69837e43b66b01367d7ec7c7,2026-02-06,2026-08-07,estimated,https://doi.org/10.5066/P1WKQ63T
Graphite (Natural),China,World Mine Production and Reserves,Production,Mine production,metric tons,2025,1400000.0,1400000.0,Estimated.,Yes,MCS2026_Commodities_Data.csv,SRC-USGS-002,https://www.sciencebase.gov/catalog/item/69837e43b66b01367d7ec7c7,2026-02-06,2026-08-07,estimated,https://doi.org/10.5066/P1WKQ63T
Graphite (Natural),Germany,World Mine Production and Reserves,Production,Mine production,metric tons,2025,140.0,140.0,Estimated.,Yes,MCS2026_Commodities_Data.csv,SRC-USGS-002,https://www.sciencebase.gov/catalog/item/69837e43b66b01367d7ec7c7,2026-02-06,2026-08-07,estimated,https://doi.org/10.5066/P1WKQ63T
Graphite (Natural),India,World Mine Production and Reserves,Production,Mine production,metric tons,2025,17000.0,17000.0,Estimated.,Yes,MCS2026_Commodities_Data.csv,SRC-USGS-002,https://www.sciencebase.gov/catalog/item/69837e43b66b01367d7ec7c7,2026-02-06,2026-08-07,estimated,https://doi.org/10.5066/P1WKQ63T
Graphite (Natural),"Korea, North",World Mine Production and Reserves,Production,Mine production,metric tons,2025,8000.0,8000.0,Estimated.,Yes,MCS2026_Commodities_Data.csv,SRC-USGS-002,https://www.sciencebase.gov/catalog/item/69837e43b66b01367d7ec7c7,2026-02-06,2026-08-07,estimated,https://doi.org/10.5066/P1WKQ63T
Graphite (Natural),"Korea, Republic of",World Mine Production and Reserves,Production,Mine production,metric tons,2025,500.0,500.0,Estimated.,Yes,MCS2026_Commodities_Data.csv,SRC-USGS-002,https://www.sciencebase.gov/catalog/item/69837e43b66b01367d7ec7c7,2026-02-06,2026-08-07,estimated,https://doi.org/10.5066/P1WKQ63T
Graphite (Natural),Madagascar,World Mine Production and Reserves,Production,Mine production,metric tons,2025,80000.0,80000.0,Estimated.,Yes,MCS2026_Commodities_Data.csv,SRC-USGS-002,https://www.sciencebase.gov/catalog/item/69837e43b66b01367d7ec7c7,2026-02-06,2026-08-07,estimated,https://doi.org/10.5066/P1WKQ63T
Graphite (Natural),Mexico,World Mine Production and Reserves,Production,Mine production,metric tons,2025,740.0,740.0,Estimated.,Yes,MCS2026_Commodities_Data.csv,SRC-USGS-002,https://www.sciencebase.gov/catalog/item/69837e43b66b01367d7ec7c7,2026-02-06,2026-08-07,estimated,https://doi.org/10.5066/P1WKQ63T
Graphite (Natural),Mozambique,World Mine Production and Reserves,Production,Mine production,metric tons,2025,60000.0,60000.0,Estimated.,Yes,MCS2026_Commodities_Data.csv,SRC-USGS-002,https://www.sciencebase.gov/catalog/item/69837e43b66b01367d7ec7c7,2026-02-06,2026-08-07,estimated,https://doi.org/10.5066/P1WKQ63T
Graphite (Natural),Norway,World Mine Production and Reserves,Production,Mine production,metric tons,2025,6600.0,6600.0,Estimated.,Yes,MCS2026_Commodities_Data.csv,SRC-USGS-002,https://www.sciencebase.gov/catalog/item/69837e43b66b01367d7ec7c7,2026-02-06,2026-08-07,estimated,https://doi.org/10.5066/P1WKQ63T
Graphite (Natural),Russia,World Mine Production and Reserves,Production,Mine production,metric tons,2025,25000.0,25000.0,Estimated.,Yes,MCS2026_Commodities_Data.csv,SRC-USGS-002,https://www.sciencebase.gov/catalog/item/69837e43b66b01367d7ec7c7,2026-02-06,2026-08-07,estimated,https://doi.org/10.5066/P1WKQ63T
Graphite (Natural),Sri Lanka,World Mine Production and Reserves,Production,Mine production,metric tons,2025,3200.0,3200.0,Estimated.,Yes,MCS2026_Commodities_Data.csv,SRC-USGS-002,https://www.sciencebase.gov/catalog/item/69837e43b66b01367d7ec7c7,2026-02-06,2026-08-07,estimated,https://doi.org/10.5066/P1WKQ63T
Graphite (Natural),Tanzania,World Mine Production and Reserves,Production,Mine production,metric tons,2025,75000.0,75000.0,Estimated.,Yes,MCS2026_Commodities_Data.csv,SRC-USGS-002,https://www.sciencebase.gov/catalog/item/69837e43b66b01367d7ec7c7,2026-02-06,2026-08-07,estimated,https://doi.org/10.5066/P1WKQ63T
Graphite (Natural),Turkey,World Mine Production and Reserves,Production,Mine production,metric tons,2025,2200.0,2200.0,Estimated.,Yes,MCS2026_Commodities_Data.csv,SRC-USGS-002,https://www.sciencebase.gov/catalog/item/69837e43b66b01367d7ec7c7,2026-02-06,2026-08-07,estimated,https://doi.org/10.5066/P1WKQ63T
Graphite (Natural),Ukraine,World Mine Production and Reserves,Production,Mine production,metric tons,2025,800.0,800.0,Estimated.,Yes,MCS2026_Commodities_Data.csv,SRC-USGS-002,https://www.sciencebase.gov/catalog/item/69837e43b66b01367d7ec7c7,2026-02-06,2026-08-07,estimated,https://doi.org/10.5066/P1WKQ63T
Graphite (Natural),Vietnam,World Mine Production and Reserves,Production,Mine production,metric tons,2025,500.0,500.0,Estimated.,Yes,MCS2026_Commodities_Data.csv,SRC-USGS-002,https://www.sciencebase.gov/catalog/item/69837e43b66b01367d7ec7c7,2026-02-06,2026-08-07,estimated,https://doi.org/10.5066/P1WKQ63T
Graphite (Natural),World total,World Mine Production and Reserves,Production,Mine production: rounded,metric tons,2025,1800000.0,1800000.0,Estimated.,Yes,MCS2026_Commodities_Data.csv,SRC-USGS-002,https://www.sciencebase.gov/catalog/item/69837e43b66b01367d7ec7c7,2026-02-06,2026-08-07,estimated,https://doi.org/10.5066/P1WKQ63T
Graphite (Natural),United States,World Mine Production and Reserves,Reserves,Reserves,metric tons,2025,s,,See Appendix C for resource and reserve definitions and information concerning data sources. -- Included in “World total.”,Yes,MCS2026_Commodities_Data.csv,SRC-USGS-002,https://www.sciencebase.gov/catalog/item/69837e43b66b01367d7ec7c7,2026-02-06,2026-08-07,reported,https://doi.org/10.5066/P1WKQ63T
Graphite (Natural),Austria,World Mine Production and Reserves,Reserves,Reserves,metric tons,2025,s,,See Appendix C for resource and reserve definitions and information concerning data sources. -- Included in “World total.”,Yes,MCS2026_Commodities_Data.csv,SRC-USGS-002,https://www.sciencebase.gov/catalog/item/69837e43b66b01367d7ec7c7,2026-02-06,2026-08-07,reported,https://doi.org/10.5066/P1WKQ63T
Graphite (Natural),Brazil,World Mine Production and Reserves,Reserves,Reserves,metric tons,2025,74000000.0,74000000.0,See Appendix C for resource and reserve definitions and information concerning data sources.,Yes,MCS2026_Commodities_Data.csv,SRC-USGS-002,https://www.sciencebase.gov/catalog/item/69837e43b66b01367d7ec7c7,2026-02-06,2026-08-07,reported,https://doi.org/10.5066/P1WKQ63T
Graphite (Natural),Canada,World Mine Production and Reserves,Reserves,Reserves,metric tons,2025,5900000.0,5900000.0,See Appendix C for resource and reserve definitions and information concerning data sources.,Yes,MCS2026_Commodities_Data.csv,SRC-USGS-002,https://www.sciencebase.gov/catalog/item/69837e43b66b01367d7ec7c7,2026-02-06,2026-08-07,reported,https://doi.org/10.5066/P1WKQ63T
Graphite (Natural),China,World Mine Production and Reserves,Reserves,Reserves,metric tons,2025,100000000.0,100000000.0,See Appendix C for resource and reserve definitions and information concerning data sources.,Yes,MCS2026_Commodities_Data.csv,SRC-USGS-002,https://www.sciencebase.gov/catalog/item/69837e43b66b01367d7ec7c7,2026-02-06,2026-08-07,reported,https://doi.org/10.5066/P1WKQ63T
Graphite (Natural),Germany,World Mine Production and Reserves,Reserves,Reserves,metric tons,2025,s,,See Appendix C for resource and reserve definitions and information concerning data sources. -- Included in “World total.”,Yes,MCS2026_Commodities_Data.csv,SRC-USGS-002,https://www.sciencebase.gov/catalog/item/69837e43b66b01367d7ec7c7,2026-02-06,2026-08-07,reported,https://doi.org/10.5066/P1WKQ63T
Graphite (Natural),India,World Mine Production and Reserves,Reserves,Reserves,metric tons,2025,8600000.0,8600000.0,See Appendix C for resource and reserve definitions and information concerning data sources.,Yes,MCS2026_Commodities_Data.csv,SRC-USGS-002,https://www.sciencebase.gov/catalog/item/69837e43b66b01367d7ec7c7,2026-02-06,2026-08-07,reported,https://doi.org/10.5066/P1WKQ63T
Graphite (Natural),"Korea, North",World Mine Production and Reserves,Reserves,Reserves,metric tons,2025,2000000.0,2000000.0,See Appendix C for resource and reserve definitions and information concerning data sources.,Yes,MCS2026_Commodities_Data.csv,SRC-USGS-002,https://www.sciencebase.gov/catalog/item/69837e43b66b01367d7ec7c7,2026-02-06,2026-08-07,reported,https://doi.org/10.5066/P1WKQ63T
Graphite (Natural),"Korea, Republic of",World Mine Production and Reserves,Reserves,Reserves,metric tons,2025,1800000.0,1800000.0,See Appendix C for resource and reserve definitions and information concerning data sources.,Yes,MCS2026_Commodities_Data.csv,SRC-USGS-002,https://www.sciencebase.gov/catalog/item/69837e43b66b01367d7ec7c7,2026-02-06,2026-08-07,reported,https://doi.org/10.5066/P1WKQ63T
Graphite (Natural),Madagascar,World Mine Production and Reserves,Reserves,Reserves,metric tons,2025,27000000.0,27000000.0,See Appendix C for resource and reserve definitions and information concerning data sources.,Yes,MCS2026_Commodities_Data.csv,SRC-USGS-002,https://www.sciencebase.gov/catalog/item/69837e43b66b01367d7ec7c7,2026-02-06,2026-08-07,reported,https://doi.org/10.5066/P1WKQ63T
Graphite (Natural),Mexico,World Mine Production and Reserves,Reserves,Reserves,metric tons,2025,3100000.0,3100000.0,See Appendix C for resource and reserve definitions and information concerning data sources.,Yes,MCS2026_Commodities_Data.csv,SRC-USGS-002,https://www.sciencebase.gov/catalog/item/69837e43b66b01367d7ec7c7,2026-02-06,2026-08-07,reported,https://doi.org/10.5066/P1WKQ63T
Graphite (Natural),Mozambique,World Mine Production and Reserves,Reserves,Reserves,metric tons,2025,25000000.0,25000000.0,See Appendix C for resource and reserve definitions and information concerning data sources.,Yes,MCS2026_Commodities_Data.csv,SRC-USGS-002,https://www.sciencebase.gov/catalog/item/69837e43b66b01367d7ec7c7,2026-02-06,2026-08-07,reported,https://doi.org/10.5066/P1WKQ63T
Graphite (Natural),Norway,World Mine Production and Reserves,Reserves,Reserves,metric tons,2025,600000.0,600000.0,See Appendix C for resource and reserve definitions and information concerning data sources.,Yes,MCS2026_Commodities_Data.csv,SRC-USGS-002,https://www.sciencebase.gov/catalog/item/69837e43b66b01367d7ec7c7,2026-02-06,2026-08-07,reported,https://doi.org/10.5066/P1WKQ63T
Graphite (Natural),Russia,World Mine Production and Reserves,Reserves,Reserves,metric tons,2025,14000000.0,14000000.0,See Appendix C for resource and reserve definitions and information concerning data sources.,Yes,MCS2026_Commodities_Data.csv,SRC-USGS-002,https://www.sciencebase.gov/catalog/item/69837e43b66b01367d7ec7c7,2026-02-06,2026-08-07,reported,https://doi.org/10.5066/P1WKQ63T
Graphite (Natural),Sri Lanka,World Mine Production and Reserves,Reserves,Reserves,metric tons,2025,1500000.0,1500000.0,See Appendix C for resource and reserve definitions and information concerning data sources.,Yes,MCS2026_Commodities_Data.csv,SRC-USGS-002,https://www.sciencebase.gov/catalog/item/69837e43b66b01367d7ec7c7,2026-02-06,2026-08-07,reported,https://doi.org/10.5066/P1WKQ63T
Graphite (Natural),Tanzania,World Mine Production and Reserves,Reserves,Reserves,metric tons,2025,18000000.0,18000000.0,See Appendix C for resource and reserve definitions and information concerning data sources.,Yes,MCS2026_Commodities_Data.csv,SRC-USGS-002,https://www.sciencebase.gov/catalog/item/69837e43b66b01367d7ec7c7,2026-02-06,2026-08-07,reported,https://doi.org/10.5066/P1WKQ63T
Graphite (Natural),Turkey,World Mine Production and Reserves,Reserves,Reserves,metric tons,2025,6900000.0,6900000.0,See Appendix C for resource and reserve definitions and information concerning data sources.,Yes,MCS2026_Commodities_Data.csv,SRC-USGS-002,https://www.sciencebase.gov/catalog/item/69837e43b66b01367d7ec7c7,2026-02-06,2026-08-07,reported,https://doi.org/10.5066/P1WKQ63T
Graphite (Natural),Ukraine,World Mine Production and Reserves,Reserves,Reserves,metric tons,2025,s,,See Appendix C for resource and reserve definitions and information concerning data sources. -- Included in “World total.”,Yes,MCS2026_Commodities_Data.csv,SRC-USGS-002,https://www.sciencebase.gov/catalog/item/69837e43b66b01367d7ec7c7,2026-02-06,2026-08-07,reported,https://doi.org/10.5066/P1WKQ63T
Graphite (Natural),Vietnam,World Mine Production and Reserves,Reserves,Reserves,metric tons,2025,9700000.0,9700000.0,See Appendix C for resource and reserve definitions and information concerning data sources.,Yes,MCS2026_Commodities_Data.csv,SRC-USGS-002,https://www.sciencebase.gov/catalog/item/69837e43b66b01367d7ec7c7,2026-02-06,2026-08-07,reported,https://doi.org/10.5066/P1WKQ63T
Graphite (Natural),World total,World Mine Production and Reserves,Reserves,Reserves: rounded,metric tons,2025,310000000.0,310000000.0,See Appendix C for resource and reserve definitions and information concerning data sources.,Yes,MCS2026_Commodities_Data.csv,SRC-USGS-002,https://www.sciencebase.gov/catalog/item/69837e43b66b01367d7ec7c7,2026-02-06,2026-08-07,reported,https://doi.org/10.5066/P1WKQ63T
Lithium,United States,Salient Statistics—United States,Production,Production,metric tons,2021,W,,,Yes,MCS2026_Commodities_Data.csv,SRC-USGS-002,https://www.sciencebase.gov/catalog/item/69837e43b66b01367d7ec7c7,2026-02-06,2026-08-07,reported,https://doi.org/10.5066/P1WKQ63T
Lithium,United States,Salient Statistics—United States,Import,Imports for consumption,metric tons,2021,2640.0,2640.0,,Yes,MCS2026_Commodities_Data.csv,SRC-USGS-002,https://www.sciencebase.gov/catalog/item/69837e43b66b01367d7ec7c7,2026-02-06,2026-08-07,reported,https://doi.org/10.5066/P1WKQ63T
Lithium,United States,Salient Statistics—United States,Export,Exports,metric tons,2021,1870.0,1870.0,,Yes,MCS2026_Commodities_Data.csv,SRC-USGS-002,https://www.sciencebase.gov/catalog/item/69837e43b66b01367d7ec7c7,2026-02-06,2026-08-07,reported,https://doi.org/10.5066/P1WKQ63T
Lithium,United States,Salient Statistics—United States,Consumption,"Consumption, apparent",metric tons,2021,W,,Defined as production + imports – exports ± adjustments for industry stock changes.,Yes,MCS2026_Commodities_Data.csv,SRC-USGS-002,https://www.sciencebase.gov/catalog/item/69837e43b66b01367d7ec7c7,2026-02-06,2026-08-07,reported,https://doi.org/10.5066/P1WKQ63T
Lithium,United States,Salient Statistics—United States,Price,"Price, annual average-real, battery-grade lithium carbonate, dollars per metric ton",dollars per metric ton,2021,11700.0,11700.0,Lithium carbonate price assessments for spot and long-term contracts. Source: Benchmark Mineral Intelligence Ltd.,Yes,MCS2026_Commodities_Data.csv,SRC-USGS-002,https://www.sciencebase.gov/catalog/item/69837e43b66b01367d7ec7c7,2026-02-06,2026-08-07,reported,https://doi.org/10.5066/P1WKQ63T
Lithium,United States,Salient Statistics—United States,Employment,"Employment, mine and mill, number",number,2021,70.0,70.0,,Yes,MCS2026_Commodities_Data.csv,SRC-USGS-002,https://www.sciencebase.gov/catalog/item/69837e43b66b01367d7ec7c7,2026-02-06,2026-08-07,reported,https://doi.org/10.5066/P1WKQ63T
Lithium,United States,Salient Statistics—United States,Net import reliance,Net import reliance as a percentage of apparent consumption,percent,2021,>25,,Defined as imports – exports ± adjustments for industry stock changes.,Yes,MCS2026_Commodities_Data.csv,SRC-USGS-002,https://www.sciencebase.gov/catalog/item/69837e43b66b01367d7ec7c7,2026-02-06,2026-08-07,reported,https://doi.org/10.5066/P1WKQ63T
Lithium,United States,Salient Statistics—United States,Production,Production,metric tons,2022,W,,,Yes,MCS2026_Commodities_Data.csv,SRC-USGS-002,https://www.sciencebase.gov/catalog/item/69837e43b66b01367d7ec7c7,2026-02-06,2026-08-07,reported,https://doi.org/10.5066/P1WKQ63T
Lithium,United States,Salient Statistics—United States,Import,Imports for consumption,metric tons,2022,3260.0,3260.0,,Yes,MCS2026_Commodities_Data.csv,SRC-USGS-002,https://www.sciencebase.gov/catalog/item/69837e43b66b01367d7ec7c7,2026-02-06,2026-08-07,reported,https://doi.org/10.5066/P1WKQ63T
Lithium,United States,Salient Statistics—United States,Export,Exports,metric tons,2022,2440.0,2440.0,,Yes,MCS2026_Commodities_Data.csv,SRC-USGS-002,https://www.sciencebase.gov/catalog/item/69837e43b66b01367d7ec7c7,2026-02-06,2026-08-07,reported,https://doi.org/10.5066/P1WKQ63T
Lithium,United States,Salient Statistics—United States,Consumption,"Consumption, apparent",metric tons,2022,W,,Defined as production + imports – exports ± adjustments for industry stock changes.,Yes,MCS2026_Commodities_Data.csv,SRC-USGS-002,https://www.sciencebase.gov/catalog/item/69837e43b66b01367d7ec7c7,2026-02-06,2026-08-07,reported,https://doi.org/10.5066/P1WKQ63T
Lithium,United States,Salient Statistics—United States,Price,"Price, annual average-real, battery-grade lithium carbonate, dollars per metric ton",dollars per metric ton,2022,63700.0,63700.0,Lithium carbonate price assessments for spot and long-term contracts. Source: Benchmark Mineral Intelligence Ltd.,Yes,MCS2026_Commodities_Data.csv,SRC-USGS-002,https://www.sciencebase.gov/catalog/item/69837e43b66b01367d7ec7c7,2026-02-06,2026-08-07,reported,https://doi.org/10.5066/P1WKQ63T
Lithium,United States,Salient Statistics—United States,Employment,"Employment, mine and mill, number",number,2022,70.0,70.0,,Yes,MCS2026_Commodities_Data.csv,SRC-USGS-002,https://www.sciencebase.gov/catalog/item/69837e43b66b01367d7ec7c7,2026-02-06,2026-08-07,reported,https://doi.org/10.5066/P1WKQ63T
Lithium,United States,Salient Statistics—United States,Net import reliance,Net import reliance as a percentage of apparent consumption,percent,2022,>25,,Defined as imports – exports ± adjustments for industry stock changes.,Yes,MCS2026_Commodities_Data.csv,SRC-USGS-002,https://www.sciencebase.gov/catalog/item/69837e43b66b01367d7ec7c7,2026-02-06,2026-08-07,reported,https://doi.org/10.5066/P1WKQ63T
Lithium,United States,Salient Statistics—United States,Production,Production,metric tons,2023,W,,,Yes,MCS2026_Commodities_Data.csv,SRC-USGS-002,https://www.sciencebase.gov/catalog/item/69837e43b66b01367d7ec7c7,2026-02-06,2026-08-07,reported,https://doi.org/10.5066/P1WKQ63T
Lithium,United States,Salient Statistics—United States,Import,Imports for consumption,metric tons,2023,3390.0,3390.0,,Yes,MCS2026_Commodities_Data.csv,SRC-USGS-002,https://www.sciencebase.gov/catalog/item/69837e43b66b01367d7ec7c7,2026-02-06,2026-08-07,reported,https://doi.org/10.5066/P1WKQ63T
Lithium,United States,Salient Statistics—United States,Export,Exports,metric tons,2023,1960.0,1960.0,,Yes,MCS2026_Commodities_Data.csv,SRC-USGS-002,https://www.sciencebase.gov/catalog/item/69837e43b66b01367d7ec7c7,2026-02-06,2026-08-07,reported,https://doi.org/10.5066/P1WKQ63T
Lithium,United States,Salient Statistics—United States,Consumption,"Consumption, apparent",metric tons,2023,W,,Defined as production + imports – exports ± adjustments for industry stock changes.,Yes,MCS2026_Commodities_Data.csv,SRC-USGS-002,https://www.sciencebase.gov/catalog/item/69837e43b66b01367d7ec7c7,2026-02-06,2026-08-07,reported,https://doi.org/10.5066/P1WKQ63T
Lithium,United States,Salient Statistics—United States,Price,"Price, annual average-real, battery-grade lithium carbonate, dollars per metric ton",dollars per metric ton,2023,39000.0,39000.0,Lithium carbonate price assessments for spot and long-term contracts. Source: Benchmark Mineral Intelligence Ltd.,Yes,MCS2026_Commodities_Data.csv,SRC-USGS-002,https://www.sciencebase.gov/catalog/item/69837e43b66b01367d7ec7c7,2026-02-06,2026-08-07,reported,https://doi.org/10.5066/P1WKQ63T
Lithium,United States,Salient Statistics—United States,Employment,"Employment, mine and mill, number",number,2023,70.0,70.0,,Yes,MCS2026_Commodities_Data.csv,SRC-USGS-002,https://www.sciencebase.gov/catalog/item/69837e43b66b01367d7ec7c7,2026-02-06,2026-08-07,reported,https://doi.org/10.5066/P1WKQ63T
Lithium,United States,Salient Statistics—United States,Net import reliance,Net import reliance as a percentage of apparent consumption,percent,2023,>50,,Defined as imports – exports ± adjustments for industry stock changes.,Yes,MCS2026_Commodities_Data.csv,SRC-USGS-002,https://www.sciencebase.gov/catalog/item/69837e43b66b01367d7ec7c7,2026-02-06,2026-08-07,reported,https://doi.org/10.5066/P1WKQ63T
Lithium,United States,Salient Statistics—United States,Production,Production,metric tons,2024,W,,,Yes,MCS2026_Commodities_Data.csv,SRC-USGS-002,https://www.sciencebase.gov/catalog/item/69837e43b66b01367d7ec7c7,2026-02-06,2026-08-07,reported,https://doi.org/10.5066/P1WKQ63T
Lithium,United States,Salient Statistics—United States,Import,Imports for consumption,metric tons,2024,3020.0,3020.0,,Yes,MCS2026_Commodities_Data.csv,SRC-USGS-002,https://www.sciencebase.gov/catalog/item/69837e43b66b01367d7ec7c7,2026-02-06,2026-08-07,reported,https://doi.org/10.5066/P1WKQ63T
Lithium,United States,Salient Statistics—United States,Export,Exports,metric tons,2024,1690.0,1690.0,,Yes,MCS2026_Commodities_Data.csv,SRC-USGS-002,https://www.sciencebase.gov/catalog/item/69837e43b66b01367d7ec7c7,2026-02-06,2026-08-07,reported,https://doi.org/10.5066/P1WKQ63T
Lithium,United States,Salient Statistics—United States,Consumption,"Consumption, apparent",metric tons,2024,W,,Defined as production + imports – exports ± adjustments for industry stock changes.,Yes,MCS2026_Commodities_Data.csv,SRC-USGS-002,https://www.sciencebase.gov/catalog/item/69837e43b66b01367d7ec7c7,2026-02-06,2026-08-07,reported,https://doi.org/10.5066/P1WKQ63T
Lithium,United States,Salient Statistics—United States,Price,"Price, annual average-real, battery-grade lithium carbonate, dollars per metric ton",dollars per metric ton,2024,11800.0,11800.0,Lithium carbonate price assessments for spot and long-term contracts. Source: Benchmark Mineral Intelligence Ltd.,Yes,MCS2026_Commodities_Data.csv,SRC-USGS-002,https://www.sciencebase.gov/catalog/item/69837e43b66b01367d7ec7c7,2026-02-06,2026-08-07,reported,https://doi.org/10.5066/P1WKQ63T
Lithium,United States,Salient Statistics—United States,Employment,"Employment, mine and mill, number",number,2024,70.0,70.0,,Yes,MCS2026_Commodities_Data.csv,SRC-USGS-002,https://www.sciencebase.gov/catalog/item/69837e43b66b01367d7ec7c7,2026-02-06,2026-08-07,reported,https://doi.org/10.5066/P1WKQ63T
Lithium,United States,Salient Statistics—United States,Net import reliance,Net import reliance as a percentage of apparent consumption,percent,2024,>50,,Defined as imports – exports ± adjustments for industry stock changes.,Yes,MCS2026_Commodities_Data.csv,SRC-USGS-002,https://www.sciencebase.gov/catalog/item/69837e43b66b01367d7ec7c7,2026-02-06,2026-08-07,reported,https://doi.org/10.5066/P1WKQ63T
Lithium,United States,Salient Statistics—United States,Production,Production,metric tons,2025,W,,,Yes,MCS2026_Commodities_Data.csv,SRC-USGS-002,https://www.sciencebase.gov/catalog/item/69837e43b66b01367d7ec7c7,2026-02-06,2026-08-07,reported,https://doi.org/10.5066/P1WKQ63T
Lithium,United States,Salient Statistics—United States,Import,Imports for consumption,metric tons,2025,3800.0,3800.0,Estimated.,Yes,MCS2026_Commodities_Data.csv,SRC-USGS-002,https://www.sciencebase.gov/catalog/item/69837e43b66b01367d7ec7c7,2026-02-06,2026-08-07,estimated,https://doi.org/10.5066/P1WKQ63T
Lithium,United States,Salient Statistics—United States,Export,Exports,metric tons,2025,2000.0,2000.0,Estimated.,Yes,MCS2026_Commodities_Data.csv,SRC-USGS-002,https://www.sciencebase.gov/catalog/item/69837e43b66b01367d7ec7c7,2026-02-06,2026-08-07,estimated,https://doi.org/10.5066/P1WKQ63T
Lithium,United States,Salient Statistics—United States,Consumption,"Consumption, apparent",metric tons,2025,W,,Defined as production + imports – exports ± adjustments for industry stock changes.,Yes,MCS2026_Commodities_Data.csv,SRC-USGS-002,https://www.sciencebase.gov/catalog/item/69837e43b66b01367d7ec7c7,2026-02-06,2026-08-07,reported,https://doi.org/10.5066/P1WKQ63T
Lithium,United States,Salient Statistics—United States,Price,"Price, annual average-real, battery-grade lithium carbonate, dollars per metric ton",dollars per metric ton,2025,9000.0,9000.0,Estimated. -- Lithium carbonate price assessments for spot and long-term contracts. Source: Benchmark Mineral Intelligence Ltd.,Yes,MCS2026_Commodities_Data.csv,SRC-USGS-002,https://www.sciencebase.gov/catalog/item/69837e43b66b01367d7ec7c7,2026-02-06,2026-08-07,estimated,https://doi.org/10.5066/P1WKQ63T
Lithium,United States,Salient Statistics—United States,Employment,"Employment, mine and mill, number",number,2025,70.0,70.0,Estimated.,Yes,MCS2026_Commodities_Data.csv,SRC-USGS-002,https://www.sciencebase.gov/catalog/item/69837e43b66b01367d7ec7c7,2026-02-06,2026-08-07,estimated,https://doi.org/10.5066/P1WKQ63T
Lithium,United States,Salient Statistics—United States,Net import reliance,Net import reliance as a percentage of apparent consumption,percent,2025,>50,,Estimated. -- Defined as imports – exports ± adjustments for industry stock changes.,Yes,MCS2026_Commodities_Data.csv,SRC-USGS-002,https://www.sciencebase.gov/catalog/item/69837e43b66b01367d7ec7c7,2026-02-06,2026-08-07,estimated,https://doi.org/10.5066/P1WKQ63T
Lithium,Chile,Import Sources,Import sources 2021-2024,All,percent,2021–24,54.0,54.0,,Yes,MCS2026_Commodities_Data.csv,SRC-USGS-002,https://www.sciencebase.gov/catalog/item/69837e43b66b01367d7ec7c7,2026-02-06,2026-08-07,reported,https://doi.org/10.5066/P1WKQ63T
Lithium,Argentina,Import Sources,Import sources 2021-2024,All,percent,2021–24,43.0,43.0,,Yes,MCS2026_Commodities_Data.csv,SRC-USGS-002,https://www.sciencebase.gov/catalog/item/69837e43b66b01367d7ec7c7,2026-02-06,2026-08-07,reported,https://doi.org/10.5066/P1WKQ63T
Lithium,Other countries,Import Sources,Import sources 2021-2024,All,percent,2021–24,3.0,3.0,,Yes,MCS2026_Commodities_Data.csv,SRC-USGS-002,https://www.sciencebase.gov/catalog/item/69837e43b66b01367d7ec7c7,2026-02-06,2026-08-07,reported,https://doi.org/10.5066/P1WKQ63T
Lithium,United States,World Mine Production and Reserves,Production,Mine production,metric tons,2024,W,,,Yes,MCS2026_Commodities_Data.csv,SRC-USGS-002,https://www.sciencebase.gov/catalog/item/69837e43b66b01367d7ec7c7,2026-02-06,2026-08-07,reported,https://doi.org/10.5066/P1WKQ63T
Lithium,Argentina,World Mine Production and Reserves,Production,Mine production,metric tons,2024,13800.0,13800.0,Reported.,Yes,MCS2026_Commodities_Data.csv,SRC-USGS-002,https://www.sciencebase.gov/catalog/item/69837e43b66b01367d7ec7c7,2026-02-06,2026-08-07,reported,https://doi.org/10.5066/P1WKQ63T
Lithium,Australia,World Mine Production and Reserves,Production,Mine production,metric tons,2024,82700.0,82700.0,Estimated.,Yes,MCS2026_Commodities_Data.csv,SRC-USGS-002,https://www.sciencebase.gov/catalog/item/69837e43b66b01367d7ec7c7,2026-02-06,2026-08-07,estimated,https://doi.org/10.5066/P1WKQ63T
Lithium,Brazil,World Mine Production and Reserves,Production,Mine production,metric tons,2024,10200.0,10200.0,Estimated.,Yes,MCS2026_Commodities_Data.csv,SRC-USGS-002,https://www.sciencebase.gov/catalog/item/69837e43b66b01367d7ec7c7,2026-02-06,2026-08-07,estimated,https://doi.org/10.5066/P1WKQ63T
Lithium,Canada,World Mine Production and Reserves,Production,Mine production,metric tons,2024,4820.0,4820.0,Estimated.,Yes,MCS2026_Commodities_Data.csv,SRC-USGS-002,https://www.sciencebase.gov/catalog/item/69837e43b66b01367d7ec7c7,2026-02-06,2026-08-07,estimated,https://doi.org/10.5066/P1WKQ63T
Lithium,Chile,World Mine Production and Reserves,Production,Mine production,metric tons,2024,48900.0,48900.0,Reported.,Yes,MCS2026_Commodities_Data.csv,SRC-USGS-002,https://www.sciencebase.gov/catalog/item/69837e43b66b01367d7ec7c7,2026-02-06,2026-08-07,reported,https://doi.org/10.5066/P1WKQ63T
Lithium,China,World Mine Production and Reserves,Production,Mine production,metric tons,2024,41400.0,41400.0,Estimated.,Yes,MCS2026_Commodities_Data.csv,SRC-USGS-002,https://www.sciencebase.gov/catalog/item/69837e43b66b01367d7ec7c7,2026-02-06,2026-08-07,estimated,https://doi.org/10.5066/P1WKQ63T
Lithium,Mali,World Mine Production and Reserves,Production,Mine production,metric tons,2024,770.0,770.0,Estimated.,Yes,MCS2026_Commodities_Data.csv,SRC-USGS-002,https://www.sciencebase.gov/catalog/item/69837e43b66b01367d7ec7c7,2026-02-06,2026-08-07,estimated,https://doi.org/10.5066/P1WKQ63T
Lithium,Portugal,World Mine Production and Reserves,Production,Mine production,metric tons,2024,380.0,380.0,Estimated.,Yes,MCS2026_Commodities_Data.csv,SRC-USGS-002,https://www.sciencebase.gov/catalog/item/69837e43b66b01367d7ec7c7,2026-02-06,2026-08-07,estimated,https://doi.org/10.5066/P1WKQ63T
Lithium,Zimbabwe,World Mine Production and Reserves,Production,Mine production,metric tons,2024,20000.0,20000.0,Estimated.,Yes,MCS2026_Commodities_Data.csv,SRC-USGS-002,https://www.sciencebase.gov/catalog/item/69837e43b66b01367d7ec7c7,2026-02-06,2026-08-07,estimated,https://doi.org/10.5066/P1WKQ63T
Lithium,Other countries,World Mine Production and Reserves,Production,Mine production,metric tons,2024,—,,"Other countries with reported reserves include Austria, Congo (Kinshasa), Czechia, Finland, Germany, Ghana, Mexico, Namibia, Serbia, and Spain.",Yes,MCS2026_Commodities_Data.csv,SRC-USGS-002,https://www.sciencebase.gov/catalog/item/69837e43b66b01367d7ec7c7,2026-02-06,2026-08-07,reported,https://doi.org/10.5066/P1WKQ63T
Lithium,World total,World Mine Production and Reserves,Production,Mine production: rounded,metric tons,2024,222000.0,222000.0,Estimated. -- Excludes U.S. production.,Yes,MCS2026_Commodities_Data.csv,SRC-USGS-002,https://www.sciencebase.gov/catalog/item/69837e43b66b01367d7ec7c7,2026-02-06,2026-08-07,estimated,https://doi.org/10.5066/P1WKQ63T
Lithium,United States,World Mine Production and Reserves,Production,Mine production,metric tons,2025,W,,,Yes,MCS2026_Commodities_Data.csv,SRC-USGS-002,https://www.sciencebase.gov/catalog/item/69837e43b66b01367d7ec7c7,2026-02-06,2026-08-07,reported,https://doi.org/10.5066/P1WKQ63T
Lithium,Argentina,World Mine Production and Reserves,Production,Mine production,metric tons,2025,23000.0,23000.0,Estimated.,Yes,MCS2026_Commodities_Data.csv,SRC-USGS-002,https://www.sciencebase.gov/catalog/item/69837e43b66b01367d7ec7c7,2026-02-06,2026-08-07,estimated,https://doi.org/10.5066/P1WKQ63T
Lithium,Australia,World Mine Production and Reserves,Production,Mine production,metric tons,2025,92000.0,92000.0,Estimated.,Yes,MCS2026_Commodities_Data.csv,SRC-USGS-002,https://www.sciencebase.gov/catalog/item/69837e43b66b01367d7ec7c7,2026-02-06,2026-08-07,estimated,https://doi.org/10.5066/P1WKQ63T
Lithium,Brazil,World Mine Production and Reserves,Production,Mine production,metric tons,2025,12000.0,12000.0,Estimated.,Yes,MCS2026_Commodities_Data.csv,SRC-USGS-002,https://www.sciencebase.gov/catalog/item/69837e43b66b01367d7ec7c7,2026-02-06,2026-08-07,estimated,https://doi.org/10.5066/P1WKQ63T
Lithium,Canada,World Mine Production and Reserves,Production,Mine production,metric tons,2025,5600.0,5600.0,Estimated.,Yes,MCS2026_Commodities_Data.csv,SRC-USGS-002,https://www.sciencebase.gov/catalog/item/69837e43b66b01367d7ec7c7,2026-02-06,2026-08-07,estimated,https://doi.org/10.5066/P1WKQ63T
Lithium,Chile,World Mine Production and Reserves,Production,Mine production,metric tons,2025,56000.0,56000.0,Estimated.,Yes,MCS2026_Commodities_Data.csv,SRC-USGS-002,https://www.sciencebase.gov/catalog/item/69837e43b66b01367d7ec7c7,2026-02-06,2026-08-07,estimated,https://doi.org/10.5066/P1WKQ63T
Lithium,China,World Mine Production and Reserves,Production,Mine production,metric tons,2025,62000.0,62000.0,Estimated.,Yes,MCS2026_Commodities_Data.csv,SRC-USGS-002,https://www.sciencebase.gov/catalog/item/69837e43b66b01367d7ec7c7,2026-02-06,2026-08-07,estimated,https://doi.org/10.5066/P1WKQ63T
Lithium,Mali,World Mine Production and Reserves,Production,Mine production,metric tons,2025,9400.0,9400.0,Estimated.,Yes,MCS2026_Commodities_Data.csv,SRC-USGS-002,https://www.sciencebase.gov/catalog/item/69837e43b66b01367d7ec7c7,2026-02-06,2026-08-07,estimated,https://doi.org/10.5066/P1WKQ63T
Lithium,Portugal,World Mine Production and Reserves,Production,Mine production,metric tons,2025,380.0,380.0,Estimated.,Yes,MCS2026_Commodities_Data.csv,SRC-USGS-002,https://www.sciencebase.gov/catalog/item/69837e43b66b01367d7ec7c7,2026-02-06,2026-08-07,estimated,https://doi.org/10.5066/P1WKQ63T
Lithium,Zimbabwe,World Mine Production and Reserves,Production,Mine production,metric tons,2025,28000.0,28000.0,Estimated.,Yes,MCS2026_Commodities_Data.csv,SRC-USGS-002,https://www.sciencebase.gov/catalog/item/69837e43b66b01367d7ec7c7,2026-02-06,2026-08-07,estimated,https://doi.org/10.5066/P1WKQ63T
Lithium,Other countries,World Mine Production and Reserves,Production,Mine production,metric tons,2025,—,,"Other countries with reported reserves include Austria, Congo (Kinshasa), Czechia, Finland, Germany, Ghana, Mexico, Namibia, Serbia, and Spain.",Yes,MCS2026_Commodities_Data.csv,SRC-USGS-002,https://www.sciencebase.gov/catalog/item/69837e43b66b01367d7ec7c7,2026-02-06,2026-08-07,reported,https://doi.org/10.5066/P1WKQ63T
Lithium,World total,World Mine Production and Reserves,Production,Mine production: rounded,metric tons,2025,290000.0,290000.0,Estimated. -- Excludes U.S. production.,Yes,MCS2026_Commodities_Data.csv,SRC-USGS-002,https://www.sciencebase.gov/catalog/item/69837e43b66b01367d7ec7c7,2026-02-06,2026-08-07,estimated,https://doi.org/10.5066/P1WKQ63T
Lithium,United States,World Mine Production and Reserves,Reserves,Reserves,metric tons,2025,4400000.0,4400000.0,See Appendix C for resource and reserve definitions and information concerning data sources.,Yes,MCS2026_Commodities_Data.csv,SRC-USGS-002,https://www.sciencebase.gov/catalog/item/69837e43b66b01367d7ec7c7,2026-02-06,2026-08-07,reported,https://doi.org/10.5066/P1WKQ63T
Lithium,Argentina,World Mine Production and Reserves,Reserves,Reserves,metric tons,2025,4400000.0,4400000.0,See Appendix C for resource and reserve definitions and information concerning data sources.,Yes,MCS2026_Commodities_Data.csv,SRC-USGS-002,https://www.sciencebase.gov/catalog/item/69837e43b66b01367d7ec7c7,2026-02-06,2026-08-07,reported,https://doi.org/10.5066/P1WKQ63T
Lithium,Australia,World Mine Production and Reserves,Reserves,Reserves,metric tons,2025,8400000.0,8400000.0,"See Appendix C for resource and reserve definitions and information concerning data sources. -- For Australia, Joint Ore Reserves Committee-compliant or equivalent reserves were 5.1 million tons.",Yes,MCS2026_Commodities_Data.csv,SRC-USGS-002,https://www.sciencebase.gov/catalog/item/69837e43b66b01367d7ec7c7,2026-02-06,2026-08-07,reported,https://doi.org/10.5066/P1WKQ63T
Lithium,Brazil,World Mine Production and Reserves,Reserves,Reserves,metric tons,2025,540000.0,540000.0,See Appendix C for resource and reserve definitions and information concerning data sources.,Yes,MCS2026_Commodities_Data.csv,SRC-USGS-002,https://www.sciencebase.gov/catalog/item/69837e43b66b01367d7ec7c7,2026-02-06,2026-08-07,reported,https://doi.org/10.5066/P1WKQ63T
Lithium,Canada,World Mine Production and Reserves,Reserves,Reserves,metric tons,2025,1600000.0,1600000.0,See Appendix C for resource and reserve definitions and information concerning data sources.,Yes,MCS2026_Commodities_Data.csv,SRC-USGS-002,https://www.sciencebase.gov/catalog/item/69837e43b66b01367d7ec7c7,2026-02-06,2026-08-07,reported,https://doi.org/10.5066/P1WKQ63T
Lithium,Chile,World Mine Production and Reserves,Reserves,Reserves,metric tons,2025,9200000.0,9200000.0,See Appendix C for resource and reserve definitions and information concerning data sources.,Yes,MCS2026_Commodities_Data.csv,SRC-USGS-002,https://www.sciencebase.gov/catalog/item/69837e43b66b01367d7ec7c7,2026-02-06,2026-08-07,reported,https://doi.org/10.5066/P1WKQ63T
Lithium,China,World Mine Production and Reserves,Reserves,Reserves,metric tons,2025,4600000.0,4600000.0,See Appendix C for resource and reserve definitions and information concerning data sources.,Yes,MCS2026_Commodities_Data.csv,SRC-USGS-002,https://www.sciencebase.gov/catalog/item/69837e43b66b01367d7ec7c7,2026-02-06,2026-08-07,reported,https://doi.org/10.5066/P1WKQ63T
Lithium,Mali,World Mine Production and Reserves,Reserves,Reserves,metric tons,2025,370000.0,370000.0,See Appendix C for resource and reserve definitions and information concerning data sources.,Yes,MCS2026_Commodities_Data.csv,SRC-USGS-002,https://www.sciencebase.gov/catalog/item/69837e43b66b01367d7ec7c7,2026-02-06,2026-08-07,reported,https://doi.org/10.5066/P1WKQ63T
Lithium,Portugal,World Mine Production and Reserves,Reserves,Reserves,metric tons,2025,60000.0,60000.0,See Appendix C for resource and reserve definitions and information concerning data sources.,Yes,MCS2026_Commodities_Data.csv,SRC-USGS-002,https://www.sciencebase.gov/catalog/item/69837e43b66b01367d7ec7c7,2026-02-06,2026-08-07,reported,https://doi.org/10.5066/P1WKQ63T
Lithium,Zimbabwe,World Mine Production and Reserves,Reserves,Reserves,metric tons,2025,500000.0,500000.0,See Appendix C for resource and reserve definitions and information concerning data sources.,Yes,MCS2026_Commodities_Data.csv,SRC-USGS-002,https://www.sciencebase.gov/catalog/item/69837e43b66b01367d7ec7c7,2026-02-06,2026-08-07,reported,https://doi.org/10.5066/P1WKQ63T
Lithium,Other countries,World Mine Production and Reserves,Reserves,Reserves,metric tons,2025,2400000.0,2400000.0,"See Appendix C for resource and reserve definitions and information concerning data sources. -- Other countries with reported reserves include Austria, Congo (Kinshasa), Czechia, Finland, Germany, Ghana, Mexico, Namibia, Serbia, and Spain.",Yes,MCS2026_Commodities_Data.csv,SRC-USGS-002,https://www.sciencebase.gov/catalog/item/69837e43b66b01367d7ec7c7,2026-02-06,2026-08-07,reported,https://doi.org/10.5066/P1WKQ63T
Lithium,World total,World Mine Production and Reserves,Reserves,Reserves: rounded,metric tons,2025,37000000.0,37000000.0,See Appendix C for resource and reserve definitions and information concerning data sources.,Yes,MCS2026_Commodities_Data.csv,SRC-USGS-002,https://www.sciencebase.gov/catalog/item/69837e43b66b01367d7ec7c7,2026-02-06,2026-08-07,reported,https://doi.org/10.5066/P1WKQ63T
Nickel,United States,Salient Statistics—United States,Production,Production: Mine,metric tons,2021,18400.0,18400.0,,Yes,MCS2026_Commodities_Data.csv,SRC-USGS-002,https://www.sciencebase.gov/catalog/item/69837e43b66b01367d7ec7c7,2026-02-06,2026-08-07,reported,https://doi.org/10.5066/P1WKQ63T
Nickel,United States,Salient Statistics—United States,Production,"Production: Refinery, byproduct",metric tons,2021,W,,,Yes,MCS2026_Commodities_Data.csv,SRC-USGS-002,https://www.sciencebase.gov/catalog/item/69837e43b66b01367d7ec7c7,2026-02-06,2026-08-07,reported,https://doi.org/10.5066/P1WKQ63T
Nickel,United States,Salient Statistics—United States,Import,Imports: Ores and concentrates,metric tons,2021,18.0,18.0,,Yes,MCS2026_Commodities_Data.csv,SRC-USGS-002,https://www.sciencebase.gov/catalog/item/69837e43b66b01367d7ec7c7,2026-02-06,2026-08-07,reported,https://doi.org/10.5066/P1WKQ63T
Nickel,United States,Salient Statistics—United States,Import,Imports: Primary,metric tons,2021,108000.0,108000.0,,Yes,MCS2026_Commodities_Data.csv,SRC-USGS-002,https://www.sciencebase.gov/catalog/item/69837e43b66b01367d7ec7c7,2026-02-06,2026-08-07,reported,https://doi.org/10.5066/P1WKQ63T
Nickel,United States,Salient Statistics—United States,Import,Imports: Secondary,metric tons,2021,34400.0,34400.0,,Yes,MCS2026_Commodities_Data.csv,SRC-USGS-002,https://www.sciencebase.gov/catalog/item/69837e43b66b01367d7ec7c7,2026-02-06,2026-08-07,reported,https://doi.org/10.5066/P1WKQ63T
Nickel,United States,Salient Statistics—United States,Export,Exports: Ores and concentrates,metric tons,2021,14900.0,14900.0,,Yes,MCS2026_Commodities_Data.csv,SRC-USGS-002,https://www.sciencebase.gov/catalog/item/69837e43b66b01367d7ec7c7,2026-02-06,2026-08-07,reported,https://doi.org/10.5066/P1WKQ63T
Nickel,United States,Salient Statistics—United States,Export,Exports: Primary,metric tons,2021,11600.0,11600.0,,Yes,MCS2026_Commodities_Data.csv,SRC-USGS-002,https://www.sciencebase.gov/catalog/item/69837e43b66b01367d7ec7c7,2026-02-06,2026-08-07,reported,https://doi.org/10.5066/P1WKQ63T
Nickel,United States,Salient Statistics—United States,Export,Exports: Secondary,metric tons,2021,29200.0,29200.0,,Yes,MCS2026_Commodities_Data.csv,SRC-USGS-002,https://www.sciencebase.gov/catalog/item/69837e43b66b01367d7ec7c7,2026-02-06,2026-08-07,reported,https://doi.org/10.5066/P1WKQ63T
Nickel,United States,Salient Statistics—United States,Consumption,"Consumption: Reported, primary",metric tons,2021,92100.0,92100.0,,Yes,MCS2026_Commodities_Data.csv,SRC-USGS-002,https://www.sciencebase.gov/catalog/item/69837e43b66b01367d7ec7c7,2026-02-06,2026-08-07,reported,https://doi.org/10.5066/P1WKQ63T
Nickel,United States,Salient Statistics—United States,Consumption,"Consumption: Reported, secondary, purchased scrap",metric tons,2021,156000.0,156000.0,Significant revisions were made to secondary scrap estimates following review of updated data.,Yes,MCS2026_Commodities_Data.csv,SRC-USGS-002,https://www.sciencebase.gov/catalog/item/69837e43b66b01367d7ec7c7,2026-02-06,2026-08-07,reported,https://doi.org/10.5066/P1WKQ63T
Nickel,United States,Salient Statistics—United States,Consumption,"Consumption: Apparent, primary",metric tons,2021,97500.0,97500.0,"Defined as primary imports – primary exports ± adjustments for industry stock changes, excluding secondary consumer stocks.",Yes,MCS2026_Commodities_Data.csv,SRC-USGS-002,https://www.sciencebase.gov/catalog/item/69837e43b66b01367d7ec7c7,2026-02-06,2026-08-07,reported,https://doi.org/10.5066/P1WKQ63T
Nickel,United States,Salient Statistics—United States,Consumption,"Consumption: Apparent, total",metric tons,2021,254000.0,254000.0,Defined as apparent primary consumption + reported secondary consumption.,Yes,MCS2026_Commodities_Data.csv,SRC-USGS-002,https://www.sciencebase.gov/catalog/item/69837e43b66b01367d7ec7c7,2026-02-06,2026-08-07,reported,https://doi.org/10.5066/P1WKQ63T
Nickel,United States,Salient Statistics—United States,Price,"Price, average annual, London Metal Exchange (LME), cash: Dollars per metric ton",dollars per metric ton,2021,18476.0,18476.0,,Yes,MCS2026_Commodities_Data.csv,SRC-USGS-002,https://www.sciencebase.gov/catalog/item/69837e43b66b01367d7ec7c7,2026-02-06,2026-08-07,reported,https://doi.org/10.5066/P1WKQ63T
Nickel,United States,Salient Statistics—United States,Price,"Price, average annual, London Metal Exchange (LME), cash: Dollars per pound",dollars per pound,2021,8.38,8.38,,Yes,MCS2026_Commodities_Data.csv,SRC-USGS-002,https://www.sciencebase.gov/catalog/item/69837e43b66b01367d7ec7c7,2026-02-06,2026-08-07,reported,https://doi.org/10.5066/P1WKQ63T
Nickel,United States,Salient Statistics—United States,Stock,"Stocks, yearend: Consumer",metric tons,2021,25100.0,25100.0,,Yes,MCS2026_Commodities_Data.csv,SRC-USGS-002,https://www.sciencebase.gov/catalog/item/69837e43b66b01367d7ec7c7,2026-02-06,2026-08-07,reported,https://doi.org/10.5066/P1WKQ63T
Nickel,United States,Salient Statistics—United States,Stock,"Stocks, yearend: LME U.S. warehouses",metric tons,2021,1296.0,1296.0,,Yes,MCS2026_Commodities_Data.csv,SRC-USGS-002,https://www.sciencebase.gov/catalog/item/69837e43b66b01367d7ec7c7,2026-02-06,2026-08-07,reported,https://doi.org/10.5066/P1WKQ63T
Nickel,United States,Salient Statistics—United States,Net import reliance,Net import reliance as a percentage of total apparent consumption,percent,2021,38.0,38.0,"Estimated. -- Defined as imports – exports ± adjustments for consumer stock changes. -- Includes the nickel content of stainless steel and alloy scrap. Excluding scrap, net import reliance would be nearly 100%.",Yes,MCS2026_Commodities_Data.csv,SRC-USGS-002,https://www.sciencebase.gov/catalog/item/69837e43b66b01367d7ec7c7,2026-02-06,2026-08-07,estimated,https://doi.org/10.5066/P1WKQ63T
Nickel,United States,Salient Statistics—United States,Production,Production: Mine,metric tons,2022,17500.0,17500.0,,Yes,MCS2026_Commodities_Data.csv,SRC-USGS-002,https://www.sciencebase.gov/catalog/item/69837e43b66b01367d7ec7c7,2026-02-06,2026-08-07,reported,https://doi.org/10.5066/P1WKQ63T
Nickel,United States,Salient Statistics—United States,Production,"Production: Refinery, byproduct",metric tons,2022,W,,,Yes,MCS2026_Commodities_Data.csv,SRC-USGS-002,https://www.sciencebase.gov/catalog/item/69837e43b66b01367d7ec7c7,2026-02-06,2026-08-07,reported,https://doi.org/10.5066/P1WKQ63T
Nickel,United States,Salient Statistics—United States,Import,Imports: Ores and concentrates,metric tons,2022,s,,less than ½ unit.,Yes,MCS2026_Commodities_Data.csv,SRC-USGS-002,https://www.sciencebase.gov/catalog/item/69837e43b66b01367d7ec7c7,2026-02-06,2026-08-07,reported,https://doi.org/10.5066/P1WKQ63T
Nickel,United States,Salient Statistics—United States,Import,Imports: Primary,metric tons,2022,127000.0,127000.0,,Yes,MCS2026_Commodities_Data.csv,SRC-USGS-002,https://www.sciencebase.gov/catalog/item/69837e43b66b01367d7ec7c7,2026-02-06,2026-08-07,reported,https://doi.org/10.5066/P1WKQ63T
Nickel,United States,Salient Statistics—United States,Import,Imports: Secondary,metric tons,2022,37300.0,37300.0,,Yes,MCS2026_Commodities_Data.csv,SRC-USGS-002,https://www.sciencebase.gov/catalog/item/69837e43b66b01367d7ec7c7,2026-02-06,2026-08-07,reported,https://doi.org/10.5066/P1WKQ63T
Nickel,United States,Salient Statistics—United States,Export,Exports: Ores and concentrates,metric tons,2022,15200.0,15200.0,,Yes,MCS2026_Commodities_Data.csv,SRC-USGS-002,https://www.sciencebase.gov/catalog/item/69837e43b66b01367d7ec7c7,2026-02-06,2026-08-07,reported,https://doi.org/10.5066/P1WKQ63T
Nickel,United States,Salient Statistics—United States,Export,Exports: Primary,metric tons,2022,11100.0,11100.0,,Yes,MCS2026_Commodities_Data.csv,SRC-USGS-002,https://www.sciencebase.gov/catalog/item/69837e43b66b01367d7ec7c7,2026-02-06,2026-08-07,reported,https://doi.org/10.5066/P1WKQ63T
Nickel,United States,Salient Statistics—United States,Export,Exports: Secondary,metric tons,2022,44400.0,44400.0,,Yes,MCS2026_Commodities_Data.csv,SRC-USGS-002,https://www.sciencebase.gov/catalog/item/69837e43b66b01367d7ec7c7,2026-02-06,2026-08-07,reported,https://doi.org/10.5066/P1WKQ63T
Nickel,United States,Salient Statistics—United States,Consumption,"Consumption: Reported, primary",metric tons,2022,96700.0,96700.0,,Yes,MCS2026_Commodities_Data.csv,SRC-USGS-002,https://www.sciencebase.gov/catalog/item/69837e43b66b01367d7ec7c7,2026-02-06,2026-08-07,reported,https://doi.org/10.5066/P1WKQ63T
Nickel,United States,Salient Statistics—United States,Consumption,"Consumption: Reported, secondary, purchased scrap",metric tons,2022,153000.0,153000.0,Significant revisions were made to secondary scrap estimates following review of updated data.,Yes,MCS2026_Commodities_Data.csv,SRC-USGS-002,https://www.sciencebase.gov/catalog/item/69837e43b66b01367d7ec7c7,2026-02-06,2026-08-07,reported,https://doi.org/10.5066/P1WKQ63T
Nickel,United States,Salient Statistics—United States,Consumption,"Consumption: Apparent, primary",metric tons,2022,117000.0,117000.0,"Defined as primary imports – primary exports ± adjustments for industry stock changes, excluding secondary consumer stocks.",Yes,MCS2026_Commodities_Data.csv,SRC-USGS-002,https://www.sciencebase.gov/catalog/item/69837e43b66b01367d7ec7c7,2026-02-06,2026-08-07,reported,https://doi.org/10.5066/P1WKQ63T
Nickel,United States,Salient Statistics—United States,Consumption,"Consumption: Apparent, total",metric tons,2022,270000.0,270000.0,Defined as apparent primary consumption + reported secondary consumption.,Yes,MCS2026_Commodities_Data.csv,SRC-USGS-002,https://www.sciencebase.gov/catalog/item/69837e43b66b01367d7ec7c7,2026-02-06,2026-08-07,reported,https://doi.org/10.5066/P1WKQ63T
Nickel,United States,Salient Statistics—United States,Price,"Price, average annual, London Metal Exchange (LME), cash: Dollars per metric ton",dollars per metric ton,2022,25815.0,25815.0,,Yes,MCS2026_Commodities_Data.csv,SRC-USGS-002,https://www.sciencebase.gov/catalog/item/69837e43b66b01367d7ec7c7,2026-02-06,2026-08-07,reported,https://doi.org/10.5066/P1WKQ63T
Nickel,United States,Salient Statistics—United States,Price,"Price, average annual, London Metal Exchange (LME), cash: Dollars per pound",dollars per pound,2022,11.71,11.71,,Yes,MCS2026_Commodities_Data.csv,SRC-USGS-002,https://www.sciencebase.gov/catalog/item/69837e43b66b01367d7ec7c7,2026-02-06,2026-08-07,reported,https://doi.org/10.5066/P1WKQ63T
Nickel,United States,Salient Statistics—United States,Stock,"Stocks, yearend: Consumer",metric tons,2022,23200.0,23200.0,,Yes,MCS2026_Commodities_Data.csv,SRC-USGS-002,https://www.sciencebase.gov/catalog/item/69837e43b66b01367d7ec7c7,2026-02-06,2026-08-07,reported,https://doi.org/10.5066/P1WKQ63T
Nickel,United States,Salient Statistics—United States,Stock,"Stocks, yearend: LME U.S. warehouses",metric tons,2022,6.0,6.0,,Yes,MCS2026_Commodities_Data.csv,SRC-USGS-002,https://www.sciencebase.gov/catalog/item/69837e43b66b01367d7ec7c7,2026-02-06,2026-08-07,reported,https://doi.org/10.5066/P1WKQ63T
Nickel,United States,Salient Statistics—United States,Net import reliance,Net import reliance as a percentage of total apparent consumption,percent,2022,43.0,43.0,"Estimated. -- Defined as imports – exports ± adjustments for consumer stock changes. -- Includes the nickel content of stainless steel and alloy scrap. Excluding scrap, net import reliance would be nearly 100%.",Yes,MCS2026_Commodities_Data.csv,SRC-USGS-002,https://www.sciencebase.gov/catalog/item/69837e43b66b01367d7ec7c7,2026-02-06,2026-08-07,estimated,https://doi.org/10.5066/P1WKQ63T
Nickel,United States,Salient Statistics—United States,Production,Production: Mine,metric tons,2023,16400.0,16400.0,,Yes,MCS2026_Commodities_Data.csv,SRC-USGS-002,https://www.sciencebase.gov/catalog/item/69837e43b66b01367d7ec7c7,2026-02-06,2026-08-07,reported,https://doi.org/10.5066/P1WKQ63T
Nickel,United States,Salient Statistics—United States,Production,"Production: Refinery, byproduct",metric tons,2023,W,,,Yes,MCS2026_Commodities_Data.csv,SRC-USGS-002,https://www.sciencebase.gov/catalog/item/69837e43b66b01367d7ec7c7,2026-02-06,2026-08-07,reported,https://doi.org/10.5066/P1WKQ63T
Nickel,United States,Salient Statistics—United States,Import,Imports: Ores and concentrates,metric tons,2023,4.0,4.0,,Yes,MCS2026_Commodities_Data.csv,SRC-USGS-002,https://www.sciencebase.gov/catalog/item/69837e43b66b01367d7ec7c7,2026-02-06,2026-08-07,reported,https://doi.org/10.5066/P1WKQ63T
Nickel,United States,Salient Statistics—United States,Import,Imports: Primary,metric tons,2023,112000.0,112000.0,,Yes,MCS2026_Commodities_Data.csv,SRC-USGS-002,https://www.sciencebase.gov/catalog/item/69837e43b66b01367d7ec7c7,2026-02-06,2026-08-07,reported,https://doi.org/10.5066/P1WKQ63T
Nickel,United States,Salient Statistics—United States,Import,Imports: Secondary,metric tons,2023,39600.0,39600.0,,Yes,MCS2026_Commodities_Data.csv,SRC-USGS-002,https://www.sciencebase.gov/catalog/item/69837e43b66b01367d7ec7c7,2026-02-06,2026-08-07,reported,https://doi.org/10.5066/P1WKQ63T
Nickel,United States,Salient Statistics—United States,Export,Exports: Ores and concentrates,metric tons,2023,9100.0,9100.0,,Yes,MCS2026_Commodities_Data.csv,SRC-USGS-002,https://www.sciencebase.gov/catalog/item/69837e43b66b01367d7ec7c7,2026-02-06,2026-08-07,reported,https://doi.org/10.5066/P1WKQ63T
Nickel,United States,Salient Statistics—United States,Export,Exports: Primary,metric tons,2023,12200.0,12200.0,,Yes,MCS2026_Commodities_Data.csv,SRC-USGS-002,https://www.sciencebase.gov/catalog/item/69837e43b66b01367d7ec7c7,2026-02-06,2026-08-07,reported,https://doi.org/10.5066/P1WKQ63T
Nickel,United States,Salient Statistics—United States,Export,Exports: Secondary,metric tons,2023,57200.0,57200.0,,Yes,MCS2026_Commodities_Data.csv,SRC-USGS-002,https://www.sciencebase.gov/catalog/item/69837e43b66b01367d7ec7c7,2026-02-06,2026-08-07,reported,https://doi.org/10.5066/P1WKQ63T
Nickel,United States,Salient Statistics—United States,Consumption,"Consumption: Reported, primary",metric tons,2023,107000.0,107000.0,,Yes,MCS2026_Commodities_Data.csv,SRC-USGS-002,https://www.sciencebase.gov/catalog/item/69837e43b66b01367d7ec7c7,2026-02-06,2026-08-07,reported,https://doi.org/10.5066/P1WKQ63T
Nickel,United States,Salient Statistics—United States,Consumption,"Consumption: Reported, secondary, purchased scrap",metric tons,2023,140000.0,140000.0,Significant revisions were made to secondary scrap estimates following review of updated data.,Yes,MCS2026_Commodities_Data.csv,SRC-USGS-002,https://www.sciencebase.gov/catalog/item/69837e43b66b01367d7ec7c7,2026-02-06,2026-08-07,reported,https://doi.org/10.5066/P1WKQ63T
Nickel,United States,Salient Statistics—United States,Consumption,"Consumption: Apparent, primary",metric tons,2023,98500.0,98500.0,"Defined as primary imports – primary exports ± adjustments for industry stock changes, excluding secondary consumer stocks.",Yes,MCS2026_Commodities_Data.csv,SRC-USGS-002,https://www.sciencebase.gov/catalog/item/69837e43b66b01367d7ec7c7,2026-02-06,2026-08-07,reported,https://doi.org/10.5066/P1WKQ63T
Nickel,United States,Salient Statistics—United States,Consumption,"Consumption: Apparent, total",metric tons,2023,238000.0,238000.0,Defined as apparent primary consumption + reported secondary consumption.,Yes,MCS2026_Commodities_Data.csv,SRC-USGS-002,https://www.sciencebase.gov/catalog/item/69837e43b66b01367d7ec7c7,2026-02-06,2026-08-07,reported,https://doi.org/10.5066/P1WKQ63T
Nickel,United States,Salient Statistics—United States,Price,"Price, average annual, London Metal Exchange (LME), cash: Dollars per metric ton",dollars per metric ton,2023,21495.0,21495.0,,Yes,MCS2026_Commodities_Data.csv,SRC-USGS-002,https://www.sciencebase.gov/catalog/item/69837e43b66b01367d7ec7c7,2026-02-06,2026-08-07,reported,https://doi.org/10.5066/P1WKQ63T
Nickel,United States,Salient Statistics—United States,Price,"Price, average annual, London Metal Exchange (LME), cash: Dollars per pound",dollars per pound,2023,9.75,9.75,,Yes,MCS2026_Commodities_Data.csv,SRC-USGS-002,https://www.sciencebase.gov/catalog/item/69837e43b66b01367d7ec7c7,2026-02-06,2026-08-07,reported,https://doi.org/10.5066/P1WKQ63T
Nickel,United States,Salient Statistics—United States,Stock,"Stocks, yearend: Consumer",metric tons,2023,25700.0,25700.0,,Yes,MCS2026_Commodities_Data.csv,SRC-USGS-002,https://www.sciencebase.gov/catalog/item/69837e43b66b01367d7ec7c7,2026-02-06,2026-08-07,reported,https://doi.org/10.5066/P1WKQ63T
Nickel,United States,Salient Statistics—United States,Stock,"Stocks, yearend: LME U.S. warehouses",metric tons,2023,1506.0,1506.0,,Yes,MCS2026_Commodities_Data.csv,SRC-USGS-002,https://www.sciencebase.gov/catalog/item/69837e43b66b01367d7ec7c7,2026-02-06,2026-08-07,reported,https://doi.org/10.5066/P1WKQ63T
Nickel,United States,Salient Statistics—United States,Net import reliance,Net import reliance as a percentage of total apparent consumption,percent,2023,41.0,41.0,"Estimated. -- Defined as imports – exports ± adjustments for consumer stock changes. -- Includes the nickel content of stainless steel and alloy scrap. Excluding scrap, net import reliance would be nearly 100%.",Yes,MCS2026_Commodities_Data.csv,SRC-USGS-002,https://www.sciencebase.gov/catalog/item/69837e43b66b01367d7ec7c7,2026-02-06,2026-08-07,estimated,https://doi.org/10.5066/P1WKQ63T
Nickel,United States,Salient Statistics—United States,Production,Production: Mine,metric tons,2024,7490.0,7490.0,,Yes,MCS2026_Commodities_Data.csv,SRC-USGS-002,https://www.sciencebase.gov/catalog/item/69837e43b66b01367d7ec7c7,2026-02-06,2026-08-07,reported,https://doi.org/10.5066/P1WKQ63T
Nickel,United States,Salient Statistics—United States,Production,"Production: Refinery, byproduct",metric tons,2024,W,,,Yes,MCS2026_Commodities_Data.csv,SRC-USGS-002,https://www.sciencebase.gov/catalog/item/69837e43b66b01367d7ec7c7,2026-02-06,2026-08-07,reported,https://doi.org/10.5066/P1WKQ63T
Nickel,United States,Salient Statistics—United States,Import,Imports: Ores and concentrates,metric tons,2024,12.0,12.0,,Yes,MCS2026_Commodities_Data.csv,SRC-USGS-002,https://www.sciencebase.gov/catalog/item/69837e43b66b01367d7ec7c7,2026-02-06,2026-08-07,reported,https://doi.org/10.5066/P1WKQ63T
Nickel,United States,Salient Statistics—United States,Import,Imports: Primary,metric tons,2024,105000.0,105000.0,,Yes,MCS2026_Commodities_Data.csv,SRC-USGS-002,https://www.sciencebase.gov/catalog/item/69837e43b66b01367d7ec7c7,2026-02-06,2026-08-07,reported,https://doi.org/10.5066/P1WKQ63T
Nickel,United States,Salient Statistics—United States,Import,Imports: Secondary,metric tons,2024,40000.0,40000.0,,Yes,MCS2026_Commodities_Data.csv,SRC-USGS-002,https://www.sciencebase.gov/catalog/item/69837e43b66b01367d7ec7c7,2026-02-06,2026-08-07,reported,https://doi.org/10.5066/P1WKQ63T
Nickel,United States,Salient Statistics—United States,Export,Exports: Ores and concentrates,metric tons,2024,5630.0,5630.0,,Yes,MCS2026_Commodities_Data.csv,SRC-USGS-002,https://www.sciencebase.gov/catalog/item/69837e43b66b01367d7ec7c7,2026-02-06,2026-08-07,reported,https://doi.org/10.5066/P1WKQ63T
Nickel,United States,Salient Statistics—United States,Export,Exports: Primary,metric tons,2024,15900.0,15900.0,,Yes,MCS2026_Commodities_Data.csv,SRC-USGS-002,https://www.sciencebase.gov/catalog/item/69837e43b66b01367d7ec7c7,2026-02-06,2026-08-07,reported,https://doi.org/10.5066/P1WKQ63T
Nickel,United States,Salient Statistics—United States,Export,Exports: Secondary,metric tons,2024,46900.0,46900.0,,Yes,MCS2026_Commodities_Data.csv,SRC-USGS-002,https://www.sciencebase.gov/catalog/item/69837e43b66b01367d7ec7c7,2026-02-06,2026-08-07,reported,https://doi.org/10.5066/P1WKQ63T
Nickel,United States,Salient Statistics—United States,Consumption,"Consumption: Reported, primary",metric tons,2024,114000.0,114000.0,,Yes,MCS2026_Commodities_Data.csv,SRC-USGS-002,https://www.sciencebase.gov/catalog/item/69837e43b66b01367d7ec7c7,2026-02-06,2026-08-07,reported,https://doi.org/10.5066/P1WKQ63T
Nickel,United States,Salient Statistics—United States,Consumption,"Consumption: Reported, secondary, purchased scrap",metric tons,2024,121000.0,121000.0,Significant revisions were made to secondary scrap estimates following review of updated data.,Yes,MCS2026_Commodities_Data.csv,SRC-USGS-002,https://www.sciencebase.gov/catalog/item/69837e43b66b01367d7ec7c7,2026-02-06,2026-08-07,reported,https://doi.org/10.5066/P1WKQ63T
Nickel,United States,Salient Statistics—United States,Consumption,"Consumption: Apparent, primary",metric tons,2024,90300.0,90300.0,"Defined as primary imports – primary exports ± adjustments for industry stock changes, excluding secondary consumer stocks.",Yes,MCS2026_Commodities_Data.csv,SRC-USGS-002,https://www.sciencebase.gov/catalog/item/69837e43b66b01367d7ec7c7,2026-02-06,2026-08-07,reported,https://doi.org/10.5066/P1WKQ63T
Nickel,United States,Salient Statistics—United States,Consumption,"Consumption: Apparent, total",metric tons,2024,211000.0,211000.0,Defined as apparent primary consumption + reported secondary consumption.,Yes,MCS2026_Commodities_Data.csv,SRC-USGS-002,https://www.sciencebase.gov/catalog/item/69837e43b66b01367d7ec7c7,2026-02-06,2026-08-07,reported,https://doi.org/10.5066/P1WKQ63T
Nickel,United States,Salient Statistics—United States,Price,"Price, average annual, London Metal Exchange (LME), cash: Dollars per metric ton",dollars per metric ton,2024,16812.0,16812.0,,Yes,MCS2026_Commodities_Data.csv,SRC-USGS-002,https://www.sciencebase.gov/catalog/item/69837e43b66b01367d7ec7c7,2026-02-06,2026-08-07,reported,https://doi.org/10.5066/P1WKQ63T
Nickel,United States,Salient Statistics—United States,Price,"Price, average annual, London Metal Exchange (LME), cash: Dollars per pound",dollars per pound,2024,7.63,7.63,,Yes,MCS2026_Commodities_Data.csv,SRC-USGS-002,https://www.sciencebase.gov/catalog/item/69837e43b66b01367d7ec7c7,2026-02-06,2026-08-07,reported,https://doi.org/10.5066/P1WKQ63T
Nickel,United States,Salient Statistics—United States,Stock,"Stocks, yearend: Consumer",metric tons,2024,25500.0,25500.0,,Yes,MCS2026_Commodities_Data.csv,SRC-USGS-002,https://www.sciencebase.gov/catalog/item/69837e43b66b01367d7ec7c7,2026-02-06,2026-08-07,reported,https://doi.org/10.5066/P1WKQ63T
Nickel,United States,Salient Statistics—United States,Stock,"Stocks, yearend: LME U.S. warehouses",metric tons,2024,258.0,258.0,,Yes,MCS2026_Commodities_Data.csv,SRC-USGS-002,https://www.sciencebase.gov/catalog/item/69837e43b66b01367d7ec7c7,2026-02-06,2026-08-07,reported,https://doi.org/10.5066/P1WKQ63T
Nickel,United States,Salient Statistics—United States,Net import reliance,Net import reliance as a percentage of total apparent consumption,percent,2024,43.0,43.0,"Estimated. -- Defined as imports – exports ± adjustments for consumer stock changes. -- Includes the nickel content of stainless steel and alloy scrap. Excluding scrap, net import reliance would be nearly 100%.",Yes,MCS2026_Commodities_Data.csv,SRC-USGS-002,https://www.sciencebase.gov/catalog/item/69837e43b66b01367d7ec7c7,2026-02-06,2026-08-07,estimated,https://doi.org/10.5066/P1WKQ63T
Nickel,United States,Salient Statistics—United States,Production,Production: Mine,metric tons,2025,10000.0,10000.0,Estimated.,Yes,MCS2026_Commodities_Data.csv,SRC-USGS-002,https://www.sciencebase.gov/catalog/item/69837e43b66b01367d7ec7c7,2026-02-06,2026-08-07,estimated,https://doi.org/10.5066/P1WKQ63T
Nickel,United States,Salient Statistics—United States,Production,"Production: Refinery, byproduct",metric tons,2025,W,,,Yes,MCS2026_Commodities_Data.csv,SRC-USGS-002,https://www.sciencebase.gov/catalog/item/69837e43b66b01367d7ec7c7,2026-02-06,2026-08-07,reported,https://doi.org/10.5066/P1WKQ63T
Nickel,United States,Salient Statistics—United States,Import,Imports: Ores and concentrates,metric tons,2025,20.0,20.0,Estimated.,Yes,MCS2026_Commodities_Data.csv,SRC-USGS-002,https://www.sciencebase.gov/catalog/item/69837e43b66b01367d7ec7c7,2026-02-06,2026-08-07,estimated,https://doi.org/10.5066/P1WKQ63T
Nickel,United States,Salient Statistics—United States,Import,Imports: Primary,metric tons,2025,100000.0,100000.0,Estimated.,Yes,MCS2026_Commodities_Data.csv,SRC-USGS-002,https://www.sciencebase.gov/catalog/item/69837e43b66b01367d7ec7c7,2026-02-06,2026-08-07,estimated,https://doi.org/10.5066/P1WKQ63T
Nickel,United States,Salient Statistics—United States,Import,Imports: Secondary,metric tons,2025,45000.0,45000.0,Estimated.,Yes,MCS2026_Commodities_Data.csv,SRC-USGS-002,https://www.sciencebase.gov/catalog/item/69837e43b66b01367d7ec7c7,2026-02-06,2026-08-07,estimated,https://doi.org/10.5066/P1WKQ63T
Nickel,United States,Salient Statistics—United States,Export,Exports: Ores and concentrates,metric tons,2025,11000.0,11000.0,Estimated.,Yes,MCS2026_Commodities_Data.csv,SRC-USGS-002,https://www.sciencebase.gov/catalog/item/69837e43b66b01367d7ec7c7,2026-02-06,2026-08-07,estimated,https://doi.org/10.5066/P1WKQ63T
Nickel,United States,Salient Statistics—United States,Export,Exports: Primary,metric tons,2025,9800.0,9800.0,Estimated.,Yes,MCS2026_Commodities_Data.csv,SRC-USGS-002,https://www.sciencebase.gov/catalog/item/69837e43b66b01367d7ec7c7,2026-02-06,2026-08-07,estimated,https://doi.org/10.5066/P1WKQ63T
Nickel,United States,Salient Statistics—United States,Export,Exports: Secondary,metric tons,2025,35200.0,35200.0,Estimated.,Yes,MCS2026_Commodities_Data.csv,SRC-USGS-002,https://www.sciencebase.gov/catalog/item/69837e43b66b01367d7ec7c7,2026-02-06,2026-08-07,estimated,https://doi.org/10.5066/P1WKQ63T
Nickel,United States,Salient Statistics—United States,Consumption,"Consumption: Reported, primary",metric tons,2025,120000.0,120000.0,Estimated.,Yes,MCS2026_Commodities_Data.csv,SRC-USGS-002,https://www.sciencebase.gov/catalog/item/69837e43b66b01367d7ec7c7,2026-02-06,2026-08-07,estimated,https://doi.org/10.5066/P1WKQ63T
Nickel,United States,Salient Statistics—United States,Consumption,"Consumption: Reported, secondary, purchased scrap",metric tons,2025,130000.0,130000.0,Estimated. -- Significant revisions were made to secondary scrap estimates following review of updated data.,Yes,MCS2026_Commodities_Data.csv,SRC-USGS-002,https://www.sciencebase.gov/catalog/item/69837e43b66b01367d7ec7c7,2026-02-06,2026-08-07,estimated,https://doi.org/10.5066/P1WKQ63T
Nickel,United States,Salient Statistics—United States,Consumption,"Consumption: Apparent, primary",metric tons,2025,90000.0,90000.0,"Estimated. -- Defined as primary imports – primary exports ± adjustments for industry stock changes, excluding secondary consumer stocks.",Yes,MCS2026_Commodities_Data.csv,SRC-USGS-002,https://www.sciencebase.gov/catalog/item/69837e43b66b01367d7ec7c7,2026-02-06,2026-08-07,estimated,https://doi.org/10.5066/P1WKQ63T
Nickel,United States,Salient Statistics—United States,Consumption,"Consumption: Apparent, total",metric tons,2025,220000.0,220000.0,Estimated. -- Defined as apparent primary consumption + reported secondary consumption.,Yes,MCS2026_Commodities_Data.csv,SRC-USGS-002,https://www.sciencebase.gov/catalog/item/69837e43b66b01367d7ec7c7,2026-02-06,2026-08-07,estimated,https://doi.org/10.5066/P1WKQ63T
Nickel,United States,Salient Statistics—United States,Price,"Price, average annual, London Metal Exchange (LME), cash: Dollars per metric ton",dollars per metric ton,2025,15000.0,15000.0,Estimated.,Yes,MCS2026_Commodities_Data.csv,SRC-USGS-002,https://www.sciencebase.gov/catalog/item/69837e43b66b01367d7ec7c7,2026-02-06,2026-08-07,estimated,https://doi.org/10.5066/P1WKQ63T
Nickel,United States,Salient Statistics—United States,Price,"Price, average annual, London Metal Exchange (LME), cash: Dollars per pound",dollars per pound,2025,6.9,6.9,Estimated.,Yes,MCS2026_Commodities_Data.csv,SRC-USGS-002,https://www.sciencebase.gov/catalog/item/69837e43b66b01367d7ec7c7,2026-02-06,2026-08-07,estimated,https://doi.org/10.5066/P1WKQ63T
Nickel,United States,Salient Statistics—United States,Stock,"Stocks, yearend: Consumer",metric tons,2025,25000.0,25000.0,Estimated.,Yes,MCS2026_Commodities_Data.csv,SRC-USGS-002,https://www.sciencebase.gov/catalog/item/69837e43b66b01367d7ec7c7,2026-02-06,2026-08-07,estimated,https://doi.org/10.5066/P1WKQ63T
Nickel,United States,Salient Statistics—United States,Stock,"Stocks, yearend: LME U.S. warehouses",metric tons,2025,110.0,110.0,Estimated.,Yes,MCS2026_Commodities_Data.csv,SRC-USGS-002,https://www.sciencebase.gov/catalog/item/69837e43b66b01367d7ec7c7,2026-02-06,2026-08-07,estimated,https://doi.org/10.5066/P1WKQ63T
Nickel,United States,Salient Statistics—United States,Net import reliance,Net import reliance as a percentage of total apparent consumption,percent,2025,41.0,41.0,"Estimated. -- Defined as imports – exports ± adjustments for consumer stock changes. -- Includes the nickel content of stainless steel and alloy scrap. Excluding scrap, net import reliance would be nearly 100%.",Yes,MCS2026_Commodities_Data.csv,SRC-USGS-002,https://www.sciencebase.gov/catalog/item/69837e43b66b01367d7ec7c7,2026-02-06,2026-08-07,estimated,https://doi.org/10.5066/P1WKQ63T
Nickel,Canada,Import Sources,Import sources 2021-2024,Primary nickel,percent,2021–24,44.0,44.0,,Yes,MCS2026_Commodities_Data.csv,SRC-USGS-002,https://www.sciencebase.gov/catalog/item/69837e43b66b01367d7ec7c7,2026-02-06,2026-08-07,reported,https://doi.org/10.5066/P1WKQ63T
Nickel,Norway,Import Sources,Import sources 2021-2024,Primary nickel,percent,2021–24,11.0,11.0,,Yes,MCS2026_Commodities_Data.csv,SRC-USGS-002,https://www.sciencebase.gov/catalog/item/69837e43b66b01367d7ec7c7,2026-02-06,2026-08-07,reported,https://doi.org/10.5066/P1WKQ63T
Nickel,Australia,Import Sources,Import sources 2021-2024,Primary nickel,percent,2021–24,8.0,8.0,,Yes,MCS2026_Commodities_Data.csv,SRC-USGS-002,https://www.sciencebase.gov/catalog/item/69837e43b66b01367d7ec7c7,2026-02-06,2026-08-07,reported,https://doi.org/10.5066/P1WKQ63T
Nickel,Brazil,Import Sources,Import sources 2021-2024,Primary nickel,percent,2021–24,7.0,7.0,,Yes,MCS2026_Commodities_Data.csv,SRC-USGS-002,https://www.sciencebase.gov/catalog/item/69837e43b66b01367d7ec7c7,2026-02-06,2026-08-07,reported,https://doi.org/10.5066/P1WKQ63T
Nickel,Other countries,Import Sources,Import sources 2021-2024,Primary nickel,percent,2021–24,30.0,30.0,,Yes,MCS2026_Commodities_Data.csv,SRC-USGS-002,https://www.sciencebase.gov/catalog/item/69837e43b66b01367d7ec7c7,2026-02-06,2026-08-07,reported,https://doi.org/10.5066/P1WKQ63T
Nickel,Canada,Import Sources,Import sources 2021-2024,"Nickel-containing scrap, including nickel content of stainless-steel scrap",percent,2021–24,41.0,41.0,,Yes,MCS2026_Commodities_Data.csv,SRC-USGS-002,https://www.sciencebase.gov/catalog/item/69837e43b66b01367d7ec7c7,2026-02-06,2026-08-07,reported,https://doi.org/10.5066/P1WKQ63T
Nickel,Mexico,Import Sources,Import sources 2021-2024,"Nickel-containing scrap, including nickel content of stainless-steel scrap",percent,2021–24,27.0,27.0,,Yes,MCS2026_Commodities_Data.csv,SRC-USGS-002,https://www.sciencebase.gov/catalog/item/69837e43b66b01367d7ec7c7,2026-02-06,2026-08-07,reported,https://doi.org/10.5066/P1WKQ63T
Nickel,United Kingdom,Import Sources,Import sources 2021-2024,"Nickel-containing scrap, including nickel content of stainless-steel scrap",percent,2021–24,9.0,9.0,,Yes,MCS2026_Commodities_Data.csv,SRC-USGS-002,https://www.sciencebase.gov/catalog/item/69837e43b66b01367d7ec7c7,2026-02-06,2026-08-07,reported,https://doi.org/10.5066/P1WKQ63T
Nickel,Other countries,Import Sources,Import sources 2021-2024,"Nickel-containing scrap, including nickel content of stainless-steel scrap",percent,2021–24,23.0,23.0,,Yes,MCS2026_Commodities_Data.csv,SRC-USGS-002,https://www.sciencebase.gov/catalog/item/69837e43b66b01367d7ec7c7,2026-02-06,2026-08-07,reported,https://doi.org/10.5066/P1WKQ63T
Nickel,United States,World Mine Production and Reserves,Production,Mine production,metric tons,2024,7490.0,7490.0,,Yes,MCS2026_Commodities_Data.csv,SRC-USGS-002,https://www.sciencebase.gov/catalog/item/69837e43b66b01367d7ec7c7,2026-02-06,2026-08-07,reported,https://doi.org/10.5066/P1WKQ63T
Nickel,Australia,World Mine Production and Reserves,Production,Mine production,metric tons,2024,98000.0,98000.0,,Yes,MCS2026_Commodities_Data.csv,SRC-USGS-002,https://www.sciencebase.gov/catalog/item/69837e43b66b01367d7ec7c7,2026-02-06,2026-08-07,reported,https://doi.org/10.5066/P1WKQ63T
Nickel,Brazil,World Mine Production and Reserves,Production,Mine production,metric tons,2024,67500.0,67500.0,,Yes,MCS2026_Commodities_Data.csv,SRC-USGS-002,https://www.sciencebase.gov/catalog/item/69837e43b66b01367d7ec7c7,2026-02-06,2026-08-07,reported,https://doi.org/10.5066/P1WKQ63T
Nickel,Canada,World Mine Production and Reserves,Production,Mine production,metric tons,2024,125000.0,125000.0,,Yes,MCS2026_Commodities_Data.csv,SRC-USGS-002,https://www.sciencebase.gov/catalog/item/69837e43b66b01367d7ec7c7,2026-02-06,2026-08-07,reported,https://doi.org/10.5066/P1WKQ63T
Nickel,China,World Mine Production and Reserves,Production,Mine production,metric tons,2024,115000.0,115000.0,Estimated.,Yes,MCS2026_Commodities_Data.csv,SRC-USGS-002,https://www.sciencebase.gov/catalog/item/69837e43b66b01367d7ec7c7,2026-02-06,2026-08-07,estimated,https://doi.org/10.5066/P1WKQ63T
Nickel,Indonesia,World Mine Production and Reserves,Production,Mine production,metric tons,2024,2310000.0,2310000.0,,Yes,MCS2026_Commodities_Data.csv,SRC-USGS-002,https://www.sciencebase.gov/catalog/item/69837e43b66b01367d7ec7c7,2026-02-06,2026-08-07,reported,https://doi.org/10.5066/P1WKQ63T
Nickel,New Caledonia,World Mine Production and Reserves,Production,Mine production,metric tons,2024,116000.0,116000.0,Overseas territory of France.,Yes,MCS2026_Commodities_Data.csv,SRC-USGS-002,https://www.sciencebase.gov/catalog/item/69837e43b66b01367d7ec7c7,2026-02-06,2026-08-07,reported,https://doi.org/10.5066/P1WKQ63T
Nickel,Philippines,World Mine Production and Reserves,Production,Mine production,metric tons,2024,354000.0,354000.0,,Yes,MCS2026_Commodities_Data.csv,SRC-USGS-002,https://www.sciencebase.gov/catalog/item/69837e43b66b01367d7ec7c7,2026-02-06,2026-08-07,reported,https://doi.org/10.5066/P1WKQ63T
Nickel,Russia,World Mine Production and Reserves,Production,Mine production,metric tons,2024,205000.0,205000.0,,Yes,MCS2026_Commodities_Data.csv,SRC-USGS-002,https://www.sciencebase.gov/catalog/item/69837e43b66b01367d7ec7c7,2026-02-06,2026-08-07,reported,https://doi.org/10.5066/P1WKQ63T
Nickel,Other countries,World Mine Production and Reserves,Production,Mine production,metric tons,2024,308000.0,308000.0,,Yes,MCS2026_Commodities_Data.csv,SRC-USGS-002,https://www.sciencebase.gov/catalog/item/69837e43b66b01367d7ec7c7,2026-02-06,2026-08-07,reported,https://doi.org/10.5066/P1WKQ63T
Nickel,World total,World Mine Production and Reserves,Production,Mine production: rounded,metric tons,2024,3710000.0,3710000.0,,Yes,MCS2026_Commodities_Data.csv,SRC-USGS-002,https://www.sciencebase.gov/catalog/item/69837e43b66b01367d7ec7c7,2026-02-06,2026-08-07,reported,https://doi.org/10.5066/P1WKQ63T
Nickel,United States,World Mine Production and Reserves,Production,Mine production,metric tons,2025,10000.0,10000.0,Estimated.,Yes,MCS2026_Commodities_Data.csv,SRC-USGS-002,https://www.sciencebase.gov/catalog/item/69837e43b66b01367d7ec7c7,2026-02-06,2026-08-07,estimated,https://doi.org/10.5066/P1WKQ63T
Nickel,Australia,World Mine Production and Reserves,Production,Mine production,metric tons,2025,45000.0,45000.0,Estimated.,Yes,MCS2026_Commodities_Data.csv,SRC-USGS-002,https://www.sciencebase.gov/catalog/item/69837e43b66b01367d7ec7c7,2026-02-06,2026-08-07,estimated,https://doi.org/10.5066/P1WKQ63T
Nickel,Brazil,World Mine Production and Reserves,Production,Mine production,metric tons,2025,70000.0,70000.0,Estimated.,Yes,MCS2026_Commodities_Data.csv,SRC-USGS-002,https://www.sciencebase.gov/catalog/item/69837e43b66b01367d7ec7c7,2026-02-06,2026-08-07,estimated,https://doi.org/10.5066/P1WKQ63T
Nickel,Canada,World Mine Production and Reserves,Production,Mine production,metric tons,2025,140000.0,140000.0,Estimated.,Yes,MCS2026_Commodities_Data.csv,SRC-USGS-002,https://www.sciencebase.gov/catalog/item/69837e43b66b01367d7ec7c7,2026-02-06,2026-08-07,estimated,https://doi.org/10.5066/P1WKQ63T
Nickel,China,World Mine Production and Reserves,Production,Mine production,metric tons,2025,120000.0,120000.0,Estimated.,Yes,MCS2026_Commodities_Data.csv,SRC-USGS-002,https://www.sciencebase.gov/catalog/item/69837e43b66b01367d7ec7c7,2026-02-06,2026-08-07,estimated,https://doi.org/10.5066/P1WKQ63T
Nickel,Indonesia,World Mine Production and Reserves,Production,Mine production,metric tons,2025,2600000.0,2600000.0,Estimated.,Yes,MCS2026_Commodities_Data.csv,SRC-USGS-002,https://www.sciencebase.gov/catalog/item/69837e43b66b01367d7ec7c7,2026-02-06,2026-08-07,estimated,https://doi.org/10.5066/P1WKQ63T
Nickel,New Caledonia,World Mine Production and Reserves,Production,Mine production,metric tons,2025,140000.0,140000.0,Estimated. -- Overseas territory of France.,Yes,MCS2026_Commodities_Data.csv,SRC-USGS-002,https://www.sciencebase.gov/catalog/item/69837e43b66b01367d7ec7c7,2026-02-06,2026-08-07,estimated,https://doi.org/10.5066/P1WKQ63T
Nickel,Philippines,World Mine Production and Reserves,Production,Mine production,metric tons,2025,270000.0,270000.0,Estimated.,Yes,MCS2026_Commodities_Data.csv,SRC-USGS-002,https://www.sciencebase.gov/catalog/item/69837e43b66b01367d7ec7c7,2026-02-06,2026-08-07,estimated,https://doi.org/10.5066/P1WKQ63T
Nickel,Russia,World Mine Production and Reserves,Production,Mine production,metric tons,2025,200000.0,200000.0,Estimated.,Yes,MCS2026_Commodities_Data.csv,SRC-USGS-002,https://www.sciencebase.gov/catalog/item/69837e43b66b01367d7ec7c7,2026-02-06,2026-08-07,estimated,https://doi.org/10.5066/P1WKQ63T
Nickel,Other countries,World Mine Production and Reserves,Production,Mine production,metric tons,2025,290000.0,290000.0,Estimated.,Yes,MCS2026_Commodities_Data.csv,SRC-USGS-002,https://www.sciencebase.gov/catalog/item/69837e43b66b01367d7ec7c7,2026-02-06,2026-08-07,estimated,https://doi.org/10.5066/P1WKQ63T
Nickel,World total,World Mine Production and Reserves,Production,Mine production: rounded,metric tons,2025,3900000.0,3900000.0,Estimated.,Yes,MCS2026_Commodities_Data.csv,SRC-USGS-002,https://www.sciencebase.gov/catalog/item/69837e43b66b01367d7ec7c7,2026-02-06,2026-08-07,estimated,https://doi.org/10.5066/P1WKQ63T
Nickel,United States,World Mine Production and Reserves,Reserves,Reserves,metric tons,2025,340000.0,340000.0,See Appendix C for resource and reserve definitions and information concerning data sources.,Yes,MCS2026_Commodities_Data.csv,SRC-USGS-002,https://www.sciencebase.gov/catalog/item/69837e43b66b01367d7ec7c7,2026-02-06,2026-08-07,reported,https://doi.org/10.5066/P1WKQ63T
Nickel,Australia,World Mine Production and Reserves,Reserves,Reserves,metric tons,2025,25000000.0,25000000.0,"See Appendix C for resource and reserve definitions and information concerning data sources. -- For Australia, Joint Ore Reserves Committee-compliant or equivalent reserves were 11 million tons.",Yes,MCS2026_Commodities_Data.csv,SRC-USGS-002,https://www.sciencebase.gov/catalog/item/69837e43b66b01367d7ec7c7,2026-02-06,2026-08-07,reported,https://doi.org/10.5066/P1WKQ63T
Nickel,Brazil,World Mine Production and Reserves,Reserves,Reserves,metric tons,2025,16000000.0,16000000.0,See Appendix C for resource and reserve definitions and information concerning data sources.,Yes,MCS2026_Commodities_Data.csv,SRC-USGS-002,https://www.sciencebase.gov/catalog/item/69837e43b66b01367d7ec7c7,2026-02-06,2026-08-07,reported,https://doi.org/10.5066/P1WKQ63T
Nickel,Canada,World Mine Production and Reserves,Reserves,Reserves,metric tons,2025,2200000.0,2200000.0,See Appendix C for resource and reserve definitions and information concerning data sources.,Yes,MCS2026_Commodities_Data.csv,SRC-USGS-002,https://www.sciencebase.gov/catalog/item/69837e43b66b01367d7ec7c7,2026-02-06,2026-08-07,reported,https://doi.org/10.5066/P1WKQ63T
Nickel,China,World Mine Production and Reserves,Reserves,Reserves,metric tons,2025,4400000.0,4400000.0,See Appendix C for resource and reserve definitions and information concerning data sources.,Yes,MCS2026_Commodities_Data.csv,SRC-USGS-002,https://www.sciencebase.gov/catalog/item/69837e43b66b01367d7ec7c7,2026-02-06,2026-08-07,reported,https://doi.org/10.5066/P1WKQ63T
Nickel,Indonesia,World Mine Production and Reserves,Reserves,Reserves,metric tons,2025,62000000.0,62000000.0,See Appendix C for resource and reserve definitions and information concerning data sources.,Yes,MCS2026_Commodities_Data.csv,SRC-USGS-002,https://www.sciencebase.gov/catalog/item/69837e43b66b01367d7ec7c7,2026-02-06,2026-08-07,reported,https://doi.org/10.5066/P1WKQ63T
Nickel,New Caledonia,World Mine Production and Reserves,Reserves,Reserves,metric tons,2025,7100000.0,7100000.0,See Appendix C for resource and reserve definitions and information concerning data sources. -- Overseas territory of France.,Yes,MCS2026_Commodities_Data.csv,SRC-USGS-002,https://www.sciencebase.gov/catalog/item/69837e43b66b01367d7ec7c7,2026-02-06,2026-08-07,reported,https://doi.org/10.5066/P1WKQ63T
Nickel,Philippines,World Mine Production and Reserves,Reserves,Reserves,metric tons,2025,4800000.0,4800000.0,See Appendix C for resource and reserve definitions and information concerning data sources.,Yes,MCS2026_Commodities_Data.csv,SRC-USGS-002,https://www.sciencebase.gov/catalog/item/69837e43b66b01367d7ec7c7,2026-02-06,2026-08-07,reported,https://doi.org/10.5066/P1WKQ63T
Nickel,Russia,World Mine Production and Reserves,Reserves,Reserves,metric tons,2025,8300000.0,8300000.0,See Appendix C for resource and reserve definitions and information concerning data sources.,Yes,MCS2026_Commodities_Data.csv,SRC-USGS-002,https://www.sciencebase.gov/catalog/item/69837e43b66b01367d7ec7c7,2026-02-06,2026-08-07,reported,https://doi.org/10.5066/P1WKQ63T
Nickel,Other countries,World Mine Production and Reserves,Reserves,Reserves,metric tons,2025,">9,100,000",,See Appendix C for resource and reserve definitions and information concerning data sources.,Yes,MCS2026_Commodities_Data.csv,SRC-USGS-002,https://www.sciencebase.gov/catalog/item/69837e43b66b01367d7ec7c7,2026-02-06,2026-08-07,reported,https://doi.org/10.5066/P1WKQ63T
Nickel,World total,World Mine Production and Reserves,Reserves,Reserves: rounded,metric tons,2025,">140,000,000",,See Appendix C for resource and reserve definitions and information concerning data sources.,Yes,MCS2026_Commodities_Data.csv,SRC-USGS-002,https://www.sciencebase.gov/catalog/item/69837e43b66b01367d7ec7c7,2026-02-06,2026-08-07,reported,https://doi.org/10.5066/P1WKQ63T
