Campaign_Number,Model,Model_Year,Field_Name,Field_Value,Metric_Label,Source_File,Source_URL,Notes
09V178000,ROADSTER,2008,Potential_Units_Affected,345,reported,FLAT_RCL_PRE_2010.zip::FLAT_RCL_PRE_2010.txt,https://static.nhtsa.gov/odi/ffdd/rcl/FLAT_RCL_PRE_2010.zip,Flat-file field POTAFF
10V458000,ROADSTER2,2010,Potential_Units_Affected,439,reported,FLAT_RCL_POST_2010.zip::FLAT_RCL_POST_2010.txt,https://static.nhtsa.gov/odi/ffdd/rcl/FLAT_RCL_POST_2010.zip,Flat-file field POTAFF
13V249000,MODEL S,2013,Potential_Units_Affected,1228,reported,FLAT_RCL_POST_2010.zip::FLAT_RCL_POST_2010.txt,https://static.nhtsa.gov/odi/ffdd/rcl/FLAT_RCL_POST_2010.zip,Flat-file field POTAFF
14V006000,MODEL S,2013,Potential_Units_Affected,21081,reported,FLAT_RCL_POST_2010.zip::FLAT_RCL_POST_2010.txt,https://static.nhtsa.gov/odi/ffdd/rcl/FLAT_RCL_POST_2010.zip,Flat-file field POTAFF
14V006000,MODEL S,2013,Potential_Units_Affected,21081,reported,FLAT_RCL_POST_2010.zip::FLAT_RCL_POST_2010.txt,https://static.nhtsa.gov/odi/ffdd/rcl/FLAT_RCL_POST_2010.zip,Flat-file field POTAFF
15V780000,MODEL S,2013,Potential_Units_Affected,59415,reported,FLAT_RCL_POST_2010.zip::FLAT_RCL_POST_2010.txt,https://static.nhtsa.gov/odi/ffdd/rcl/FLAT_RCL_POST_2010.zip,Flat-file field POTAFF
15V780000,MODEL S,2012,Potential_Units_Affected,59415,reported,FLAT_RCL_POST_2010.zip::FLAT_RCL_POST_2010.txt,https://static.nhtsa.gov/odi/ffdd/rcl/FLAT_RCL_POST_2010.zip,Flat-file field POTAFF
15V780000,MODEL S,2014,Potential_Units_Affected,59415,reported,FLAT_RCL_POST_2010.zip::FLAT_RCL_POST_2010.txt,https://static.nhtsa.gov/odi/ffdd/rcl/FLAT_RCL_POST_2010.zip,Flat-file field POTAFF
15V780000,MODEL S,2015,Potential_Units_Affected,59415,reported,FLAT_RCL_POST_2010.zip::FLAT_RCL_POST_2010.txt,https://static.nhtsa.gov/odi/ffdd/rcl/FLAT_RCL_POST_2010.zip,Flat-file field POTAFF
16V192000,MODEL X,2016,Potential_Units_Affected,2676,reported,FLAT_RCL_POST_2010.zip::FLAT_RCL_POST_2010.txt,https://static.nhtsa.gov/odi/ffdd/rcl/FLAT_RCL_POST_2010.zip,Flat-file field POTAFF
16E091000,NEMA 6-50 ADAPTER,9999,Potential_Units_Affected,6729,reported,FLAT_RCL_POST_2010.zip::FLAT_RCL_POST_2010.txt,https://static.nhtsa.gov/odi/ffdd/rcl/FLAT_RCL_POST_2010.zip,Flat-file field POTAFF
16E091000,NEMA 6-50 ADAPTER,9999,Potential_Units_Affected,6729,reported,FLAT_RCL_POST_2010.zip::FLAT_RCL_POST_2010.txt,https://static.nhtsa.gov/odi/ffdd/rcl/FLAT_RCL_POST_2010.zip,Flat-file field POTAFF
16E091000,NEMA 14-30 ADAPTER,9999,Potential_Units_Affected,6729,reported,FLAT_RCL_POST_2010.zip::FLAT_RCL_POST_2010.txt,https://static.nhtsa.gov/odi/ffdd/rcl/FLAT_RCL_POST_2010.zip,Flat-file field POTAFF
16E091000,NEMA 14-30 ADAPTER,9999,Potential_Units_Affected,6729,reported,FLAT_RCL_POST_2010.zip::FLAT_RCL_POST_2010.txt,https://static.nhtsa.gov/odi/ffdd/rcl/FLAT_RCL_POST_2010.zip,Flat-file field POTAFF
16E091000,NEMA 10-30 ADAPTER,9999,Potential_Units_Affected,6729,reported,FLAT_RCL_POST_2010.zip::FLAT_RCL_POST_2010.txt,https://static.nhtsa.gov/odi/ffdd/rcl/FLAT_RCL_POST_2010.zip,Flat-file field POTAFF
16E091000,NEMA 10-30 ADAPTER,9999,Potential_Units_Affected,6729,reported,FLAT_RCL_POST_2010.zip::FLAT_RCL_POST_2010.txt,https://static.nhtsa.gov/odi/ffdd/rcl/FLAT_RCL_POST_2010.zip,Flat-file field POTAFF
17V639000,MODEL X,2017,Potential_Units_Affected,4582,reported,FLAT_RCL_POST_2010.zip::FLAT_RCL_POST_2010.txt,https://static.nhtsa.gov/odi/ffdd/rcl/FLAT_RCL_POST_2010.zip,Flat-file field POTAFF
17V639000,MODEL X,2016,Potential_Units_Affected,4582,reported,FLAT_RCL_POST_2010.zip::FLAT_RCL_POST_2010.txt,https://static.nhtsa.gov/odi/ffdd/rcl/FLAT_RCL_POST_2010.zip,Flat-file field POTAFF
17V260000,MODEL S,2013,Potential_Units_Affected,31709,reported,FLAT_RCL_POST_2010.zip::FLAT_RCL_POST_2010.txt,https://static.nhtsa.gov/odi/ffdd/rcl/FLAT_RCL_POST_2010.zip,Flat-file field POTAFF
17V260000,MODEL S,2012,Potential_Units_Affected,31709,reported,FLAT_RCL_POST_2010.zip::FLAT_RCL_POST_2010.txt,https://static.nhtsa.gov/odi/ffdd/rcl/FLAT_RCL_POST_2010.zip,Flat-file field POTAFF
17V260000,MODEL S,2014,Potential_Units_Affected,31709,reported,FLAT_RCL_POST_2010.zip::FLAT_RCL_POST_2010.txt,https://static.nhtsa.gov/odi/ffdd/rcl/FLAT_RCL_POST_2010.zip,Flat-file field POTAFF
17V260000,MODEL S,2015,Potential_Units_Affected,31709,reported,FLAT_RCL_POST_2010.zip::FLAT_RCL_POST_2010.txt,https://static.nhtsa.gov/odi/ffdd/rcl/FLAT_RCL_POST_2010.zip,Flat-file field POTAFF
17V260000,MODEL S,2016,Potential_Units_Affected,31709,reported,FLAT_RCL_POST_2010.zip::FLAT_RCL_POST_2010.txt,https://static.nhtsa.gov/odi/ffdd/rcl/FLAT_RCL_POST_2010.zip,Flat-file field POTAFF
17V260000,MODEL X,2016,Potential_Units_Affected,31709,reported,FLAT_RCL_POST_2010.zip::FLAT_RCL_POST_2010.txt,https://static.nhtsa.gov/odi/ffdd/rcl/FLAT_RCL_POST_2010.zip,Flat-file field POTAFF
17V260000,MODEL X,2017,Potential_Units_Affected,31709,reported,FLAT_RCL_POST_2010.zip::FLAT_RCL_POST_2010.txt,https://static.nhtsa.gov/odi/ffdd/rcl/FLAT_RCL_POST_2010.zip,Flat-file field POTAFF
17V023000,MODEL S,2012,Potential_Units_Affected,2997,reported,FLAT_RCL_POST_2010.zip::FLAT_RCL_POST_2010.txt,https://static.nhtsa.gov/odi/ffdd/rcl/FLAT_RCL_POST_2010.zip,Flat-file field POTAFF
18V204000,MODEL S,2013,Potential_Units_Affected,70421,reported,FLAT_RCL_POST_2010.zip::FLAT_RCL_POST_2010.txt,https://static.nhtsa.gov/odi/ffdd/rcl/FLAT_RCL_POST_2010.zip,Flat-file field POTAFF
18V204000,MODEL S,2012,Potential_Units_Affected,70421,reported,FLAT_RCL_POST_2010.zip::FLAT_RCL_POST_2010.txt,https://static.nhtsa.gov/odi/ffdd/rcl/FLAT_RCL_POST_2010.zip,Flat-file field POTAFF
18V204000,MODEL S,2014,Potential_Units_Affected,70421,reported,FLAT_RCL_POST_2010.zip::FLAT_RCL_POST_2010.txt,https://static.nhtsa.gov/odi/ffdd/rcl/FLAT_RCL_POST_2010.zip,Flat-file field POTAFF
18V204000,MODEL S,2015,Potential_Units_Affected,70421,reported,FLAT_RCL_POST_2010.zip::FLAT_RCL_POST_2010.txt,https://static.nhtsa.gov/odi/ffdd/rcl/FLAT_RCL_POST_2010.zip,Flat-file field POTAFF
18V204000,MODEL S,2016,Potential_Units_Affected,70421,reported,FLAT_RCL_POST_2010.zip::FLAT_RCL_POST_2010.txt,https://static.nhtsa.gov/odi/ffdd/rcl/FLAT_RCL_POST_2010.zip,Flat-file field POTAFF
18V031000,MODEL S,2013,Potential_Units_Affected,17846,reported,FLAT_RCL_POST_2010.zip::FLAT_RCL_POST_2010.txt,https://static.nhtsa.gov/odi/ffdd/rcl/FLAT_RCL_POST_2010.zip,Flat-file field POTAFF
19V719000,MODEL 3,2019,Potential_Units_Affected,89,reported,FLAT_RCL_POST_2010.zip::FLAT_RCL_POST_2010.txt,https://static.nhtsa.gov/odi/ffdd/rcl/FLAT_RCL_POST_2010.zip,Flat-file field POTAFF
19V002000,MODEL S,2014,Potential_Units_Affected,68673,reported,FLAT_RCL_POST_2010.zip::FLAT_RCL_POST_2010.txt,https://static.nhtsa.gov/odi/ffdd/rcl/FLAT_RCL_POST_2010.zip,Flat-file field POTAFF
19V002000,MODEL S,2015,Potential_Units_Affected,68673,reported,FLAT_RCL_POST_2010.zip::FLAT_RCL_POST_2010.txt,https://static.nhtsa.gov/odi/ffdd/rcl/FLAT_RCL_POST_2010.zip,Flat-file field POTAFF
19V002000,MODEL S,2016,Potential_Units_Affected,68673,reported,FLAT_RCL_POST_2010.zip::FLAT_RCL_POST_2010.txt,https://static.nhtsa.gov/odi/ffdd/rcl/FLAT_RCL_POST_2010.zip,Flat-file field POTAFF
20V609000,MODEL Y,2020,Potential_Units_Affected,2567,reported,FLAT_RCL_POST_2010.zip::FLAT_RCL_POST_2010.txt,https://static.nhtsa.gov/odi/ffdd/rcl/FLAT_RCL_POST_2010.zip,Flat-file field POTAFF
20V609000,MODEL Y,2020,Potential_Units_Affected,2567,reported,FLAT_RCL_POST_2010.zip::FLAT_RCL_POST_2010.txt,https://static.nhtsa.gov/odi/ffdd/rcl/FLAT_RCL_POST_2010.zip,Flat-file field POTAFF
20V062000,MODEL X,2016,Potential_Units_Affected,14113,reported,FLAT_RCL_POST_2010.zip::FLAT_RCL_POST_2010.txt,https://static.nhtsa.gov/odi/ffdd/rcl/FLAT_RCL_POST_2010.zip,Flat-file field POTAFF
20V062000,MODEL X,2015,Potential_Units_Affected,14113,reported,FLAT_RCL_POST_2010.zip::FLAT_RCL_POST_2010.txt,https://static.nhtsa.gov/odi/ffdd/rcl/FLAT_RCL_POST_2010.zip,Flat-file field POTAFF
20V709000,MODEL Y,2020,Potential_Units_Affected,401,reported,FLAT_RCL_POST_2010.zip::FLAT_RCL_POST_2010.txt,https://static.nhtsa.gov/odi/ffdd/rcl/FLAT_RCL_POST_2010.zip,Flat-file field POTAFF
20V710000,MODEL X,2016,Potential_Units_Affected,9136,reported,FLAT_RCL_POST_2010.zip::FLAT_RCL_POST_2010.txt,https://static.nhtsa.gov/odi/ffdd/rcl/FLAT_RCL_POST_2010.zip,Flat-file field POTAFF
21V388000,MODEL Y,2019,Potential_Units_Affected,2166,reported,FLAT_RCL_POST_2010.zip::FLAT_RCL_POST_2010.txt,https://static.nhtsa.gov/odi/ffdd/rcl/FLAT_RCL_POST_2010.zip,Flat-file field POTAFF
21V388000,MODEL Y,2019,Potential_Units_Affected,2166,reported,FLAT_RCL_POST_2010.zip::FLAT_RCL_POST_2010.txt,https://static.nhtsa.gov/odi/ffdd/rcl/FLAT_RCL_POST_2010.zip,Flat-file field POTAFF
21V388000,MODEL Y,2020,Potential_Units_Affected,2166,reported,FLAT_RCL_POST_2010.zip::FLAT_RCL_POST_2010.txt,https://static.nhtsa.gov/odi/ffdd/rcl/FLAT_RCL_POST_2010.zip,Flat-file field POTAFF
21V388000,MODEL Y,2020,Potential_Units_Affected,2166,reported,FLAT_RCL_POST_2010.zip::FLAT_RCL_POST_2010.txt,https://static.nhtsa.gov/odi/ffdd/rcl/FLAT_RCL_POST_2010.zip,Flat-file field POTAFF
21V388000,MODEL Y,2021,Potential_Units_Affected,2166,reported,FLAT_RCL_POST_2010.zip::FLAT_RCL_POST_2010.txt,https://static.nhtsa.gov/odi/ffdd/rcl/FLAT_RCL_POST_2010.zip,Flat-file field POTAFF
21V388000,MODEL Y,2021,Potential_Units_Affected,2166,reported,FLAT_RCL_POST_2010.zip::FLAT_RCL_POST_2010.txt,https://static.nhtsa.gov/odi/ffdd/rcl/FLAT_RCL_POST_2010.zip,Flat-file field POTAFF
21V035000,MODEL S,2012,Potential_Units_Affected,134951,reported,FLAT_RCL_POST_2010.zip::FLAT_RCL_POST_2010.txt,https://static.nhtsa.gov/odi/ffdd/rcl/FLAT_RCL_POST_2010.zip,Flat-file field POTAFF
21V035000,MODEL S,2012,Potential_Units_Affected,134951,reported,FLAT_RCL_POST_2010.zip::FLAT_RCL_POST_2010.txt,https://static.nhtsa.gov/odi/ffdd/rcl/FLAT_RCL_POST_2010.zip,Flat-file field POTAFF
21V035000,MODEL S,2012,Potential_Units_Affected,134951,reported,FLAT_RCL_POST_2010.zip::FLAT_RCL_POST_2010.txt,https://static.nhtsa.gov/odi/ffdd/rcl/FLAT_RCL_POST_2010.zip,Flat-file field POTAFF
21V035000,MODEL S,2013,Potential_Units_Affected,134951,reported,FLAT_RCL_POST_2010.zip::FLAT_RCL_POST_2010.txt,https://static.nhtsa.gov/odi/ffdd/rcl/FLAT_RCL_POST_2010.zip,Flat-file field POTAFF
21V035000,MODEL S,2013,Potential_Units_Affected,134951,reported,FLAT_RCL_POST_2010.zip::FLAT_RCL_POST_2010.txt,https://static.nhtsa.gov/odi/ffdd/rcl/FLAT_RCL_POST_2010.zip,Flat-file field POTAFF
21V035000,MODEL S,2013,Potential_Units_Affected,134951,reported,FLAT_RCL_POST_2010.zip::FLAT_RCL_POST_2010.txt,https://static.nhtsa.gov/odi/ffdd/rcl/FLAT_RCL_POST_2010.zip,Flat-file field POTAFF
21V035000,MODEL S,2014,Potential_Units_Affected,134951,reported,FLAT_RCL_POST_2010.zip::FLAT_RCL_POST_2010.txt,https://static.nhtsa.gov/odi/ffdd/rcl/FLAT_RCL_POST_2010.zip,Flat-file field POTAFF
21V035000,MODEL S,2014,Potential_Units_Affected,134951,reported,FLAT_RCL_POST_2010.zip::FLAT_RCL_POST_2010.txt,https://static.nhtsa.gov/odi/ffdd/rcl/FLAT_RCL_POST_2010.zip,Flat-file field POTAFF
21V035000,MODEL S,2014,Potential_Units_Affected,134951,reported,FLAT_RCL_POST_2010.zip::FLAT_RCL_POST_2010.txt,https://static.nhtsa.gov/odi/ffdd/rcl/FLAT_RCL_POST_2010.zip,Flat-file field POTAFF
21V035000,MODEL S,2015,Potential_Units_Affected,134951,reported,FLAT_RCL_POST_2010.zip::FLAT_RCL_POST_2010.txt,https://static.nhtsa.gov/odi/ffdd/rcl/FLAT_RCL_POST_2010.zip,Flat-file field POTAFF
21V035000,MODEL S,2015,Potential_Units_Affected,134951,reported,FLAT_RCL_POST_2010.zip::FLAT_RCL_POST_2010.txt,https://static.nhtsa.gov/odi/ffdd/rcl/FLAT_RCL_POST_2010.zip,Flat-file field POTAFF
21V035000,MODEL S,2015,Potential_Units_Affected,134951,reported,FLAT_RCL_POST_2010.zip::FLAT_RCL_POST_2010.txt,https://static.nhtsa.gov/odi/ffdd/rcl/FLAT_RCL_POST_2010.zip,Flat-file field POTAFF
21V035000,MODEL X,2016,Potential_Units_Affected,134951,reported,FLAT_RCL_POST_2010.zip::FLAT_RCL_POST_2010.txt,https://static.nhtsa.gov/odi/ffdd/rcl/FLAT_RCL_POST_2010.zip,Flat-file field POTAFF
21V035000,MODEL X,2016,Potential_Units_Affected,134951,reported,FLAT_RCL_POST_2010.zip::FLAT_RCL_POST_2010.txt,https://static.nhtsa.gov/odi/ffdd/rcl/FLAT_RCL_POST_2010.zip,Flat-file field POTAFF
21V035000,MODEL X,2016,Potential_Units_Affected,134951,reported,FLAT_RCL_POST_2010.zip::FLAT_RCL_POST_2010.txt,https://static.nhtsa.gov/odi/ffdd/rcl/FLAT_RCL_POST_2010.zip,Flat-file field POTAFF
21V035000,MODEL S,2016,Potential_Units_Affected,134951,reported,FLAT_RCL_POST_2010.zip::FLAT_RCL_POST_2010.txt,https://static.nhtsa.gov/odi/ffdd/rcl/FLAT_RCL_POST_2010.zip,Flat-file field POTAFF
21V035000,MODEL S,2016,Potential_Units_Affected,134951,reported,FLAT_RCL_POST_2010.zip::FLAT_RCL_POST_2010.txt,https://static.nhtsa.gov/odi/ffdd/rcl/FLAT_RCL_POST_2010.zip,Flat-file field POTAFF
21V035000,MODEL S,2016,Potential_Units_Affected,134951,reported,FLAT_RCL_POST_2010.zip::FLAT_RCL_POST_2010.txt,https://static.nhtsa.gov/odi/ffdd/rcl/FLAT_RCL_POST_2010.zip,Flat-file field POTAFF
21V035000,MODEL S,2017,Potential_Units_Affected,134951,reported,FLAT_RCL_POST_2010.zip::FLAT_RCL_POST_2010.txt,https://static.nhtsa.gov/odi/ffdd/rcl/FLAT_RCL_POST_2010.zip,Flat-file field POTAFF
21V035000,MODEL S,2017,Potential_Units_Affected,134951,reported,FLAT_RCL_POST_2010.zip::FLAT_RCL_POST_2010.txt,https://static.nhtsa.gov/odi/ffdd/rcl/FLAT_RCL_POST_2010.zip,Flat-file field POTAFF
21V035000,MODEL S,2017,Potential_Units_Affected,134951,reported,FLAT_RCL_POST_2010.zip::FLAT_RCL_POST_2010.txt,https://static.nhtsa.gov/odi/ffdd/rcl/FLAT_RCL_POST_2010.zip,Flat-file field POTAFF
21V035000,MODEL X,2017,Potential_Units_Affected,134951,reported,FLAT_RCL_POST_2010.zip::FLAT_RCL_POST_2010.txt,https://static.nhtsa.gov/odi/ffdd/rcl/FLAT_RCL_POST_2010.zip,Flat-file field POTAFF
21V035000,MODEL X,2017,Potential_Units_Affected,134951,reported,FLAT_RCL_POST_2010.zip::FLAT_RCL_POST_2010.txt,https://static.nhtsa.gov/odi/ffdd/rcl/FLAT_RCL_POST_2010.zip,Flat-file field POTAFF
21V035000,MODEL X,2017,Potential_Units_Affected,134951,reported,FLAT_RCL_POST_2010.zip::FLAT_RCL_POST_2010.txt,https://static.nhtsa.gov/odi/ffdd/rcl/FLAT_RCL_POST_2010.zip,Flat-file field POTAFF
21V035000,MODEL S,2018,Potential_Units_Affected,134951,reported,FLAT_RCL_POST_2010.zip::FLAT_RCL_POST_2010.txt,https://static.nhtsa.gov/odi/ffdd/rcl/FLAT_RCL_POST_2010.zip,Flat-file field POTAFF
21V035000,MODEL S,2018,Potential_Units_Affected,134951,reported,FLAT_RCL_POST_2010.zip::FLAT_RCL_POST_2010.txt,https://static.nhtsa.gov/odi/ffdd/rcl/FLAT_RCL_POST_2010.zip,Flat-file field POTAFF
21V035000,MODEL S,2018,Potential_Units_Affected,134951,reported,FLAT_RCL_POST_2010.zip::FLAT_RCL_POST_2010.txt,https://static.nhtsa.gov/odi/ffdd/rcl/FLAT_RCL_POST_2010.zip,Flat-file field POTAFF
21V035000,MODEL X,2018,Potential_Units_Affected,134951,reported,FLAT_RCL_POST_2010.zip::FLAT_RCL_POST_2010.txt,https://static.nhtsa.gov/odi/ffdd/rcl/FLAT_RCL_POST_2010.zip,Flat-file field POTAFF
21V035000,MODEL X,2018,Potential_Units_Affected,134951,reported,FLAT_RCL_POST_2010.zip::FLAT_RCL_POST_2010.txt,https://static.nhtsa.gov/odi/ffdd/rcl/FLAT_RCL_POST_2010.zip,Flat-file field POTAFF
21V035000,MODEL X,2018,Potential_Units_Affected,134951,reported,FLAT_RCL_POST_2010.zip::FLAT_RCL_POST_2010.txt,https://static.nhtsa.gov/odi/ffdd/rcl/FLAT_RCL_POST_2010.zip,Flat-file field POTAFF
21V00B000,MODEL S,2014,Potential_Units_Affected,130441,reported,FLAT_RCL_POST_2010.zip::FLAT_RCL_POST_2010.txt,https://static.nhtsa.gov/odi/ffdd/rcl/FLAT_RCL_POST_2010.zip,Flat-file field POTAFF
21V00B000,MODEL S,2015,Potential_Units_Affected,130441,reported,FLAT_RCL_POST_2010.zip::FLAT_RCL_POST_2010.txt,https://static.nhtsa.gov/odi/ffdd/rcl/FLAT_RCL_POST_2010.zip,Flat-file field POTAFF
21V00B000,MODEL S,2016,Potential_Units_Affected,130441,reported,FLAT_RCL_POST_2010.zip::FLAT_RCL_POST_2010.txt,https://static.nhtsa.gov/odi/ffdd/rcl/FLAT_RCL_POST_2010.zip,Flat-file field POTAFF
21V00B000,MODEL S,2017,Potential_Units_Affected,130441,reported,FLAT_RCL_POST_2010.zip::FLAT_RCL_POST_2010.txt,https://static.nhtsa.gov/odi/ffdd/rcl/FLAT_RCL_POST_2010.zip,Flat-file field POTAFF
21V00B000,MODEL S,2018,Potential_Units_Affected,130441,reported,FLAT_RCL_POST_2010.zip::FLAT_RCL_POST_2010.txt,https://static.nhtsa.gov/odi/ffdd/rcl/FLAT_RCL_POST_2010.zip,Flat-file field POTAFF
21V00B000,MODEL S,2019,Potential_Units_Affected,130441,reported,FLAT_RCL_POST_2010.zip::FLAT_RCL_POST_2010.txt,https://static.nhtsa.gov/odi/ffdd/rcl/FLAT_RCL_POST_2010.zip,Flat-file field POTAFF
21V00B000,MODEL S,2020,Potential_Units_Affected,130441,reported,FLAT_RCL_POST_2010.zip::FLAT_RCL_POST_2010.txt,https://static.nhtsa.gov/odi/ffdd/rcl/FLAT_RCL_POST_2010.zip,Flat-file field POTAFF
21V00B000,MODEL S,2021,Potential_Units_Affected,130441,reported,FLAT_RCL_POST_2010.zip::FLAT_RCL_POST_2010.txt,https://static.nhtsa.gov/odi/ffdd/rcl/FLAT_RCL_POST_2010.zip,Flat-file field POTAFF
21V835000,MODEL Y,2021,Potential_Units_Affected,2791,reported,FLAT_RCL_POST_2010.zip::FLAT_RCL_POST_2010.txt,https://static.nhtsa.gov/odi/ffdd/rcl/FLAT_RCL_POST_2010.zip,Flat-file field POTAFF
21V835000,MODEL Y,2021,Potential_Units_Affected,2791,reported,FLAT_RCL_POST_2010.zip::FLAT_RCL_POST_2010.txt,https://static.nhtsa.gov/odi/ffdd/rcl/FLAT_RCL_POST_2010.zip,Flat-file field POTAFF
21V835000,MODEL 3,2021,Potential_Units_Affected,2791,reported,FLAT_RCL_POST_2010.zip::FLAT_RCL_POST_2010.txt,https://static.nhtsa.gov/odi/ffdd/rcl/FLAT_RCL_POST_2010.zip,Flat-file field POTAFF
21V835000,MODEL 3,2021,Potential_Units_Affected,2791,reported,FLAT_RCL_POST_2010.zip::FLAT_RCL_POST_2010.txt,https://static.nhtsa.gov/odi/ffdd/rcl/FLAT_RCL_POST_2010.zip,Flat-file field POTAFF
21V387000,MODEL 3,2019,Potential_Units_Affected,5974,reported,FLAT_RCL_POST_2010.zip::FLAT_RCL_POST_2010.txt,https://static.nhtsa.gov/odi/ffdd/rcl/FLAT_RCL_POST_2010.zip,Flat-file field POTAFF
21V387000,MODEL 3,2019,Potential_Units_Affected,5974,reported,FLAT_RCL_POST_2010.zip::FLAT_RCL_POST_2010.txt,https://static.nhtsa.gov/odi/ffdd/rcl/FLAT_RCL_POST_2010.zip,Flat-file field POTAFF
21V387000,MODEL 3,2019,Potential_Units_Affected,5974,reported,FLAT_RCL_POST_2010.zip::FLAT_RCL_POST_2010.txt,https://static.nhtsa.gov/odi/ffdd/rcl/FLAT_RCL_POST_2010.zip,Flat-file field POTAFF
21V387000,MODEL 3,2019,Potential_Units_Affected,5974,reported,FLAT_RCL_POST_2010.zip::FLAT_RCL_POST_2010.txt,https://static.nhtsa.gov/odi/ffdd/rcl/FLAT_RCL_POST_2010.zip,Flat-file field POTAFF
21V387000,MODEL 3,2020,Potential_Units_Affected,5974,reported,FLAT_RCL_POST_2010.zip::FLAT_RCL_POST_2010.txt,https://static.nhtsa.gov/odi/ffdd/rcl/FLAT_RCL_POST_2010.zip,Flat-file field POTAFF
21V387000,MODEL 3,2020,Potential_Units_Affected,5974,reported,FLAT_RCL_POST_2010.zip::FLAT_RCL_POST_2010.txt,https://static.nhtsa.gov/odi/ffdd/rcl/FLAT_RCL_POST_2010.zip,Flat-file field POTAFF
21V387000,MODEL 3,2020,Potential_Units_Affected,5974,reported,FLAT_RCL_POST_2010.zip::FLAT_RCL_POST_2010.txt,https://static.nhtsa.gov/odi/ffdd/rcl/FLAT_RCL_POST_2010.zip,Flat-file field POTAFF
21V387000,MODEL 3,2020,Potential_Units_Affected,5974,reported,FLAT_RCL_POST_2010.zip::FLAT_RCL_POST_2010.txt,https://static.nhtsa.gov/odi/ffdd/rcl/FLAT_RCL_POST_2010.zip,Flat-file field POTAFF
21V387000,MODEL Y,2020,Potential_Units_Affected,5974,reported,FLAT_RCL_POST_2010.zip::FLAT_RCL_POST_2010.txt,https://static.nhtsa.gov/odi/ffdd/rcl/FLAT_RCL_POST_2010.zip,Flat-file field POTAFF
21V387000,MODEL Y,2020,Potential_Units_Affected,5974,reported,FLAT_RCL_POST_2010.zip::FLAT_RCL_POST_2010.txt,https://static.nhtsa.gov/odi/ffdd/rcl/FLAT_RCL_POST_2010.zip,Flat-file field POTAFF
21V387000,MODEL Y,2020,Potential_Units_Affected,5974,reported,FLAT_RCL_POST_2010.zip::FLAT_RCL_POST_2010.txt,https://static.nhtsa.gov/odi/ffdd/rcl/FLAT_RCL_POST_2010.zip,Flat-file field POTAFF
21V387000,MODEL Y,2020,Potential_Units_Affected,5974,reported,FLAT_RCL_POST_2010.zip::FLAT_RCL_POST_2010.txt,https://static.nhtsa.gov/odi/ffdd/rcl/FLAT_RCL_POST_2010.zip,Flat-file field POTAFF
21V387000,MODEL Y,2021,Potential_Units_Affected,5974,reported,FLAT_RCL_POST_2010.zip::FLAT_RCL_POST_2010.txt,https://static.nhtsa.gov/odi/ffdd/rcl/FLAT_RCL_POST_2010.zip,Flat-file field POTAFF
21V387000,MODEL Y,2021,Potential_Units_Affected,5974,reported,FLAT_RCL_POST_2010.zip::FLAT_RCL_POST_2010.txt,https://static.nhtsa.gov/odi/ffdd/rcl/FLAT_RCL_POST_2010.zip,Flat-file field POTAFF
21V387000,MODEL Y,2021,Potential_Units_Affected,5974,reported,FLAT_RCL_POST_2010.zip::FLAT_RCL_POST_2010.txt,https://static.nhtsa.gov/odi/ffdd/rcl/FLAT_RCL_POST_2010.zip,Flat-file field POTAFF
21V387000,MODEL Y,2021,Potential_Units_Affected,5974,reported,FLAT_RCL_POST_2010.zip::FLAT_RCL_POST_2010.txt,https://static.nhtsa.gov/odi/ffdd/rcl/FLAT_RCL_POST_2010.zip,Flat-file field POTAFF
21V387000,MODEL 3,2021,Potential_Units_Affected,5974,reported,FLAT_RCL_POST_2010.zip::FLAT_RCL_POST_2010.txt,https://static.nhtsa.gov/odi/ffdd/rcl/FLAT_RCL_POST_2010.zip,Flat-file field POTAFF
21V387000,MODEL 3,2021,Potential_Units_Affected,5974,reported,FLAT_RCL_POST_2010.zip::FLAT_RCL_POST_2010.txt,https://static.nhtsa.gov/odi/ffdd/rcl/FLAT_RCL_POST_2010.zip,Flat-file field POTAFF
21V387000,MODEL 3,2021,Potential_Units_Affected,5974,reported,FLAT_RCL_POST_2010.zip::FLAT_RCL_POST_2010.txt,https://static.nhtsa.gov/odi/ffdd/rcl/FLAT_RCL_POST_2010.zip,Flat-file field POTAFF
21V387000,MODEL 3,2021,Potential_Units_Affected,5974,reported,FLAT_RCL_POST_2010.zip::FLAT_RCL_POST_2010.txt,https://static.nhtsa.gov/odi/ffdd/rcl/FLAT_RCL_POST_2010.zip,Flat-file field POTAFF
21V389000,MODEL Y,2019,Potential_Units_Affected,5530,reported,FLAT_RCL_POST_2010.zip::FLAT_RCL_POST_2010.txt,https://static.nhtsa.gov/odi/ffdd/rcl/FLAT_RCL_POST_2010.zip,Flat-file field POTAFF
21V389000,MODEL Y,2019,Potential_Units_Affected,5530,reported,FLAT_RCL_POST_2010.zip::FLAT_RCL_POST_2010.txt,https://static.nhtsa.gov/odi/ffdd/rcl/FLAT_RCL_POST_2010.zip,Flat-file field POTAFF
21V389000,MODEL 3,2018,Potential_Units_Affected,5530,reported,FLAT_RCL_POST_2010.zip::FLAT_RCL_POST_2010.txt,https://static.nhtsa.gov/odi/ffdd/rcl/FLAT_RCL_POST_2010.zip,Flat-file field POTAFF
21V389000,MODEL 3,2018,Potential_Units_Affected,5530,reported,FLAT_RCL_POST_2010.zip::FLAT_RCL_POST_2010.txt,https://static.nhtsa.gov/odi/ffdd/rcl/FLAT_RCL_POST_2010.zip,Flat-file field POTAFF
21V389000,MODEL 3,2019,Potential_Units_Affected,5530,reported,FLAT_RCL_POST_2010.zip::FLAT_RCL_POST_2010.txt,https://static.nhtsa.gov/odi/ffdd/rcl/FLAT_RCL_POST_2010.zip,Flat-file field POTAFF
21V389000,MODEL 3,2019,Potential_Units_Affected,5530,reported,FLAT_RCL_POST_2010.zip::FLAT_RCL_POST_2010.txt,https://static.nhtsa.gov/odi/ffdd/rcl/FLAT_RCL_POST_2010.zip,Flat-file field POTAFF
21V389000,MODEL 3,2020,Potential_Units_Affected,5530,reported,FLAT_RCL_POST_2010.zip::FLAT_RCL_POST_2010.txt,https://static.nhtsa.gov/odi/ffdd/rcl/FLAT_RCL_POST_2010.zip,Flat-file field POTAFF
21V389000,MODEL 3,2020,Potential_Units_Affected,5530,reported,FLAT_RCL_POST_2010.zip::FLAT_RCL_POST_2010.txt,https://static.nhtsa.gov/odi/ffdd/rcl/FLAT_RCL_POST_2010.zip,Flat-file field POTAFF
21V389000,MODEL Y,2020,Potential_Units_Affected,5530,reported,FLAT_RCL_POST_2010.zip::FLAT_RCL_POST_2010.txt,https://static.nhtsa.gov/odi/ffdd/rcl/FLAT_RCL_POST_2010.zip,Flat-file field POTAFF
21V389000,MODEL Y,2020,Potential_Units_Affected,5530,reported,FLAT_RCL_POST_2010.zip::FLAT_RCL_POST_2010.txt,https://static.nhtsa.gov/odi/ffdd/rcl/FLAT_RCL_POST_2010.zip,Flat-file field POTAFF
21V389000,MODEL Y,2021,Potential_Units_Affected,5530,reported,FLAT_RCL_POST_2010.zip::FLAT_RCL_POST_2010.txt,https://static.nhtsa.gov/odi/ffdd/rcl/FLAT_RCL_POST_2010.zip,Flat-file field POTAFF
21V389000,MODEL Y,2021,Potential_Units_Affected,5530,reported,FLAT_RCL_POST_2010.zip::FLAT_RCL_POST_2010.txt,https://static.nhtsa.gov/odi/ffdd/rcl/FLAT_RCL_POST_2010.zip,Flat-file field POTAFF
21V868000,MODEL X,2021,Potential_Units_Affected,7600,reported,FLAT_RCL_POST_2010.zip::FLAT_RCL_POST_2010.txt,https://static.nhtsa.gov/odi/ffdd/rcl/FLAT_RCL_POST_2010.zip,Flat-file field POTAFF
21V868000,MODEL X,2021,Potential_Units_Affected,7600,reported,FLAT_RCL_POST_2010.zip::FLAT_RCL_POST_2010.txt,https://static.nhtsa.gov/odi/ffdd/rcl/FLAT_RCL_POST_2010.zip,Flat-file field POTAFF
21V868000,MODEL X,2021,Potential_Units_Affected,7600,reported,FLAT_RCL_POST_2010.zip::FLAT_RCL_POST_2010.txt,https://static.nhtsa.gov/odi/ffdd/rcl/FLAT_RCL_POST_2010.zip,Flat-file field POTAFF
21V834000,MODEL 3,2023,Potential_Units_Affected,3,reported,FLAT_RCL_POST_2010.zip::FLAT_RCL_POST_2010.txt,https://static.nhtsa.gov/odi/ffdd/rcl/FLAT_RCL_POST_2010.zip,Flat-file field POTAFF
21V834000,MODEL 3,2023,Potential_Units_Affected,3,reported,FLAT_RCL_POST_2010.zip::FLAT_RCL_POST_2010.txt,https://static.nhtsa.gov/odi/ffdd/rcl/FLAT_RCL_POST_2010.zip,Flat-file field POTAFF
21V834000,MODEL 3,2020,Potential_Units_Affected,3,reported,FLAT_RCL_POST_2010.zip::FLAT_RCL_POST_2010.txt,https://static.nhtsa.gov/odi/ffdd/rcl/FLAT_RCL_POST_2010.zip,Flat-file field POTAFF
21V834000,MODEL 3,2020,Potential_Units_Affected,3,reported,FLAT_RCL_POST_2010.zip::FLAT_RCL_POST_2010.txt,https://static.nhtsa.gov/odi/ffdd/rcl/FLAT_RCL_POST_2010.zip,Flat-file field POTAFF
21V834000,MODEL 3,2021,Potential_Units_Affected,3,reported,FLAT_RCL_POST_2010.zip::FLAT_RCL_POST_2010.txt,https://static.nhtsa.gov/odi/ffdd/rcl/FLAT_RCL_POST_2010.zip,Flat-file field POTAFF
21V834000,MODEL 3,2021,Potential_Units_Affected,3,reported,FLAT_RCL_POST_2010.zip::FLAT_RCL_POST_2010.txt,https://static.nhtsa.gov/odi/ffdd/rcl/FLAT_RCL_POST_2010.zip,Flat-file field POTAFF
21V868000,MODEL S,2021,Potential_Units_Affected,7600,reported,FLAT_RCL_POST_2010.zip::FLAT_RCL_POST_2010.txt,https://static.nhtsa.gov/odi/ffdd/rcl/FLAT_RCL_POST_2010.zip,Flat-file field POTAFF
21V868000,MODEL S,2021,Potential_Units_Affected,7600,reported,FLAT_RCL_POST_2010.zip::FLAT_RCL_POST_2010.txt,https://static.nhtsa.gov/odi/ffdd/rcl/FLAT_RCL_POST_2010.zip,Flat-file field POTAFF
21V868000,MODEL S,2021,Potential_Units_Affected,7600,reported,FLAT_RCL_POST_2010.zip::FLAT_RCL_POST_2010.txt,https://static.nhtsa.gov/odi/ffdd/rcl/FLAT_RCL_POST_2010.zip,Flat-file field POTAFF
21V868000,MODEL S,2021,Potential_Units_Affected,7600,reported,FLAT_RCL_POST_2010.zip::FLAT_RCL_POST_2010.txt,https://static.nhtsa.gov/odi/ffdd/rcl/FLAT_RCL_POST_2010.zip,Flat-file field POTAFF
21V868000,MODEL X,2021,Potential_Units_Affected,7600,reported,FLAT_RCL_POST_2010.zip::FLAT_RCL_POST_2010.txt,https://static.nhtsa.gov/odi/ffdd/rcl/FLAT_RCL_POST_2010.zip,Flat-file field POTAFF
21V846000,MODEL S,2019,Potential_Units_Affected,11728,reported,FLAT_RCL_POST_2010.zip::FLAT_RCL_POST_2010.txt,https://static.nhtsa.gov/odi/ffdd/rcl/FLAT_RCL_POST_2010.zip,Flat-file field POTAFF
21V846000,MODEL S,2019,Potential_Units_Affected,11728,reported,FLAT_RCL_POST_2010.zip::FLAT_RCL_POST_2010.txt,https://static.nhtsa.gov/odi/ffdd/rcl/FLAT_RCL_POST_2010.zip,Flat-file field POTAFF
21V846000,MODEL S,2019,Potential_Units_Affected,11728,reported,FLAT_RCL_POST_2010.zip::FLAT_RCL_POST_2010.txt,https://static.nhtsa.gov/odi/ffdd/rcl/FLAT_RCL_POST_2010.zip,Flat-file field POTAFF
21V846000,MODEL X,2019,Potential_Units_Affected,11728,reported,FLAT_RCL_POST_2010.zip::FLAT_RCL_POST_2010.txt,https://static.nhtsa.gov/odi/ffdd/rcl/FLAT_RCL_POST_2010.zip,Flat-file field POTAFF
21V846000,MODEL X,2019,Potential_Units_Affected,11728,reported,FLAT_RCL_POST_2010.zip::FLAT_RCL_POST_2010.txt,https://static.nhtsa.gov/odi/ffdd/rcl/FLAT_RCL_POST_2010.zip,Flat-file field POTAFF
21V846000,MODEL 3,2019,Potential_Units_Affected,11728,reported,FLAT_RCL_POST_2010.zip::FLAT_RCL_POST_2010.txt,https://static.nhtsa.gov/odi/ffdd/rcl/FLAT_RCL_POST_2010.zip,Flat-file field POTAFF
21V846000,MODEL 3,2019,Potential_Units_Affected,11728,reported,FLAT_RCL_POST_2010.zip::FLAT_RCL_POST_2010.txt,https://static.nhtsa.gov/odi/ffdd/rcl/FLAT_RCL_POST_2010.zip,Flat-file field POTAFF
21V846000,MODEL 3,2019,Potential_Units_Affected,11728,reported,FLAT_RCL_POST_2010.zip::FLAT_RCL_POST_2010.txt,https://static.nhtsa.gov/odi/ffdd/rcl/FLAT_RCL_POST_2010.zip,Flat-file field POTAFF
21V846000,MODEL 3,2019,Potential_Units_Affected,11728,reported,FLAT_RCL_POST_2010.zip::FLAT_RCL_POST_2010.txt,https://static.nhtsa.gov/odi/ffdd/rcl/FLAT_RCL_POST_2010.zip,Flat-file field POTAFF
21V846000,MODEL 3,2020,Potential_Units_Affected,11728,reported,FLAT_RCL_POST_2010.zip::FLAT_RCL_POST_2010.txt,https://static.nhtsa.gov/odi/ffdd/rcl/FLAT_RCL_POST_2010.zip,Flat-file field POTAFF
21V846000,MODEL 3,2020,Potential_Units_Affected,11728,reported,FLAT_RCL_POST_2010.zip::FLAT_RCL_POST_2010.txt,https://static.nhtsa.gov/odi/ffdd/rcl/FLAT_RCL_POST_2010.zip,Flat-file field POTAFF
21V846000,MODEL 3,2020,Potential_Units_Affected,11728,reported,FLAT_RCL_POST_2010.zip::FLAT_RCL_POST_2010.txt,https://static.nhtsa.gov/odi/ffdd/rcl/FLAT_RCL_POST_2010.zip,Flat-file field POTAFF
21V846000,MODEL X,2020,Potential_Units_Affected,11728,reported,FLAT_RCL_POST_2010.zip::FLAT_RCL_POST_2010.txt,https://static.nhtsa.gov/odi/ffdd/rcl/FLAT_RCL_POST_2010.zip,Flat-file field POTAFF
21V846000,MODEL X,2020,Potential_Units_Affected,11728,reported,FLAT_RCL_POST_2010.zip::FLAT_RCL_POST_2010.txt,https://static.nhtsa.gov/odi/ffdd/rcl/FLAT_RCL_POST_2010.zip,Flat-file field POTAFF
21V846000,MODEL X,2020,Potential_Units_Affected,11728,reported,FLAT_RCL_POST_2010.zip::FLAT_RCL_POST_2010.txt,https://static.nhtsa.gov/odi/ffdd/rcl/FLAT_RCL_POST_2010.zip,Flat-file field POTAFF
21V846000,MODEL X,2020,Potential_Units_Affected,11728,reported,FLAT_RCL_POST_2010.zip::FLAT_RCL_POST_2010.txt,https://static.nhtsa.gov/odi/ffdd/rcl/FLAT_RCL_POST_2010.zip,Flat-file field POTAFF
21V846000,MODEL X,2018,Potential_Units_Affected,11728,reported,FLAT_RCL_POST_2010.zip::FLAT_RCL_POST_2010.txt,https://static.nhtsa.gov/odi/ffdd/rcl/FLAT_RCL_POST_2010.zip,Flat-file field POTAFF
21V846000,MODEL X,2018,Potential_Units_Affected,11728,reported,FLAT_RCL_POST_2010.zip::FLAT_RCL_POST_2010.txt,https://static.nhtsa.gov/odi/ffdd/rcl/FLAT_RCL_POST_2010.zip,Flat-file field POTAFF
21V846000,MODEL X,2018,Potential_Units_Affected,11728,reported,FLAT_RCL_POST_2010.zip::FLAT_RCL_POST_2010.txt,https://static.nhtsa.gov/odi/ffdd/rcl/FLAT_RCL_POST_2010.zip,Flat-file field POTAFF
21V846000,MODEL S,2018,Potential_Units_Affected,11728,reported,FLAT_RCL_POST_2010.zip::FLAT_RCL_POST_2010.txt,https://static.nhtsa.gov/odi/ffdd/rcl/FLAT_RCL_POST_2010.zip,Flat-file field POTAFF
21V846000,MODEL S,2018,Potential_Units_Affected,11728,reported,FLAT_RCL_POST_2010.zip::FLAT_RCL_POST_2010.txt,https://static.nhtsa.gov/odi/ffdd/rcl/FLAT_RCL_POST_2010.zip,Flat-file field POTAFF
21V846000,MODEL S,2018,Potential_Units_Affected,11728,reported,FLAT_RCL_POST_2010.zip::FLAT_RCL_POST_2010.txt,https://static.nhtsa.gov/odi/ffdd/rcl/FLAT_RCL_POST_2010.zip,Flat-file field POTAFF
21V846000,MODEL S,2018,Potential_Units_Affected,11728,reported,FLAT_RCL_POST_2010.zip::FLAT_RCL_POST_2010.txt,https://static.nhtsa.gov/odi/ffdd/rcl/FLAT_RCL_POST_2010.zip,Flat-file field POTAFF
21V846000,MODEL Y,2020,Potential_Units_Affected,11728,reported,FLAT_RCL_POST_2010.zip::FLAT_RCL_POST_2010.txt,https://static.nhtsa.gov/odi/ffdd/rcl/FLAT_RCL_POST_2010.zip,Flat-file field POTAFF
21V846000,MODEL Y,2020,Potential_Units_Affected,11728,reported,FLAT_RCL_POST_2010.zip::FLAT_RCL_POST_2010.txt,https://static.nhtsa.gov/odi/ffdd/rcl/FLAT_RCL_POST_2010.zip,Flat-file field POTAFF
21V846000,MODEL Y,2020,Potential_Units_Affected,11728,reported,FLAT_RCL_POST_2010.zip::FLAT_RCL_POST_2010.txt,https://static.nhtsa.gov/odi/ffdd/rcl/FLAT_RCL_POST_2010.zip,Flat-file field POTAFF
21V846000,MODEL S,2020,Potential_Units_Affected,11728,reported,FLAT_RCL_POST_2010.zip::FLAT_RCL_POST_2010.txt,https://static.nhtsa.gov/odi/ffdd/rcl/FLAT_RCL_POST_2010.zip,Flat-file field POTAFF
21V846000,MODEL S,2020,Potential_Units_Affected,11728,reported,FLAT_RCL_POST_2010.zip::FLAT_RCL_POST_2010.txt,https://static.nhtsa.gov/odi/ffdd/rcl/FLAT_RCL_POST_2010.zip,Flat-file field POTAFF
21V846000,MODEL S,2020,Potential_Units_Affected,11728,reported,FLAT_RCL_POST_2010.zip::FLAT_RCL_POST_2010.txt,https://static.nhtsa.gov/odi/ffdd/rcl/FLAT_RCL_POST_2010.zip,Flat-file field POTAFF
21V846000,MODEL S,2020,Potential_Units_Affected,11728,reported,FLAT_RCL_POST_2010.zip::FLAT_RCL_POST_2010.txt,https://static.nhtsa.gov/odi/ffdd/rcl/FLAT_RCL_POST_2010.zip,Flat-file field POTAFF
21V846000,MODEL S,2021,Potential_Units_Affected,11728,reported,FLAT_RCL_POST_2010.zip::FLAT_RCL_POST_2010.txt,https://static.nhtsa.gov/odi/ffdd/rcl/FLAT_RCL_POST_2010.zip,Flat-file field POTAFF
21V846000,MODEL S,2021,Potential_Units_Affected,11728,reported,FLAT_RCL_POST_2010.zip::FLAT_RCL_POST_2010.txt,https://static.nhtsa.gov/odi/ffdd/rcl/FLAT_RCL_POST_2010.zip,Flat-file field POTAFF
21V846000,MODEL S,2021,Potential_Units_Affected,11728,reported,FLAT_RCL_POST_2010.zip::FLAT_RCL_POST_2010.txt,https://static.nhtsa.gov/odi/ffdd/rcl/FLAT_RCL_POST_2010.zip,Flat-file field POTAFF
21V846000,MODEL 3,2017,Potential_Units_Affected,11728,reported,FLAT_RCL_POST_2010.zip::FLAT_RCL_POST_2010.txt,https://static.nhtsa.gov/odi/ffdd/rcl/FLAT_RCL_POST_2010.zip,Flat-file field POTAFF
21V846000,MODEL 3,2017,Potential_Units_Affected,11728,reported,FLAT_RCL_POST_2010.zip::FLAT_RCL_POST_2010.txt,https://static.nhtsa.gov/odi/ffdd/rcl/FLAT_RCL_POST_2010.zip,Flat-file field POTAFF
21V846000,MODEL 3,2017,Potential_Units_Affected,11728,reported,FLAT_RCL_POST_2010.zip::FLAT_RCL_POST_2010.txt,https://static.nhtsa.gov/odi/ffdd/rcl/FLAT_RCL_POST_2010.zip,Flat-file field POTAFF
21V846000,MODEL 3,2017,Potential_Units_Affected,11728,reported,FLAT_RCL_POST_2010.zip::FLAT_RCL_POST_2010.txt,https://static.nhtsa.gov/odi/ffdd/rcl/FLAT_RCL_POST_2010.zip,Flat-file field POTAFF
21V846000,MODEL X,2021,Potential_Units_Affected,11728,reported,FLAT_RCL_POST_2010.zip::FLAT_RCL_POST_2010.txt,https://static.nhtsa.gov/odi/ffdd/rcl/FLAT_RCL_POST_2010.zip,Flat-file field POTAFF
21V846000,MODEL X,2021,Potential_Units_Affected,11728,reported,FLAT_RCL_POST_2010.zip::FLAT_RCL_POST_2010.txt,https://static.nhtsa.gov/odi/ffdd/rcl/FLAT_RCL_POST_2010.zip,Flat-file field POTAFF
21V846000,MODEL X,2021,Potential_Units_Affected,11728,reported,FLAT_RCL_POST_2010.zip::FLAT_RCL_POST_2010.txt,https://static.nhtsa.gov/odi/ffdd/rcl/FLAT_RCL_POST_2010.zip,Flat-file field POTAFF
21V846000,MODEL S,2017,Potential_Units_Affected,11728,reported,FLAT_RCL_POST_2010.zip::FLAT_RCL_POST_2010.txt,https://static.nhtsa.gov/odi/ffdd/rcl/FLAT_RCL_POST_2010.zip,Flat-file field POTAFF
21V846000,MODEL S,2017,Potential_Units_Affected,11728,reported,FLAT_RCL_POST_2010.zip::FLAT_RCL_POST_2010.txt,https://static.nhtsa.gov/odi/ffdd/rcl/FLAT_RCL_POST_2010.zip,Flat-file field POTAFF
21V846000,MODEL S,2017,Potential_Units_Affected,11728,reported,FLAT_RCL_POST_2010.zip::FLAT_RCL_POST_2010.txt,https://static.nhtsa.gov/odi/ffdd/rcl/FLAT_RCL_POST_2010.zip,Flat-file field POTAFF
21V846000,MODEL S,2017,Potential_Units_Affected,11728,reported,FLAT_RCL_POST_2010.zip::FLAT_RCL_POST_2010.txt,https://static.nhtsa.gov/odi/ffdd/rcl/FLAT_RCL_POST_2010.zip,Flat-file field POTAFF
21V846000,MODEL 3,2021,Potential_Units_Affected,11728,reported,FLAT_RCL_POST_2010.zip::FLAT_RCL_POST_2010.txt,https://static.nhtsa.gov/odi/ffdd/rcl/FLAT_RCL_POST_2010.zip,Flat-file field POTAFF
21V846000,MODEL 3,2021,Potential_Units_Affected,11728,reported,FLAT_RCL_POST_2010.zip::FLAT_RCL_POST_2010.txt,https://static.nhtsa.gov/odi/ffdd/rcl/FLAT_RCL_POST_2010.zip,Flat-file field POTAFF
21V846000,MODEL 3,2021,Potential_Units_Affected,11728,reported,FLAT_RCL_POST_2010.zip::FLAT_RCL_POST_2010.txt,https://static.nhtsa.gov/odi/ffdd/rcl/FLAT_RCL_POST_2010.zip,Flat-file field POTAFF
21V846000,MODEL X,2017,Potential_Units_Affected,11728,reported,FLAT_RCL_POST_2010.zip::FLAT_RCL_POST_2010.txt,https://static.nhtsa.gov/odi/ffdd/rcl/FLAT_RCL_POST_2010.zip,Flat-file field POTAFF
21V846000,MODEL X,2017,Potential_Units_Affected,11728,reported,FLAT_RCL_POST_2010.zip::FLAT_RCL_POST_2010.txt,https://static.nhtsa.gov/odi/ffdd/rcl/FLAT_RCL_POST_2010.zip,Flat-file field POTAFF
21V846000,MODEL X,2017,Potential_Units_Affected,11728,reported,FLAT_RCL_POST_2010.zip::FLAT_RCL_POST_2010.txt,https://static.nhtsa.gov/odi/ffdd/rcl/FLAT_RCL_POST_2010.zip,Flat-file field POTAFF
21V846000,MODEL X,2017,Potential_Units_Affected,11728,reported,FLAT_RCL_POST_2010.zip::FLAT_RCL_POST_2010.txt,https://static.nhtsa.gov/odi/ffdd/rcl/FLAT_RCL_POST_2010.zip,Flat-file field POTAFF
21V846000,MODEL Y,2021,Potential_Units_Affected,11728,reported,FLAT_RCL_POST_2010.zip::FLAT_RCL_POST_2010.txt,https://static.nhtsa.gov/odi/ffdd/rcl/FLAT_RCL_POST_2010.zip,Flat-file field POTAFF
21V846000,MODEL Y,2021,Potential_Units_Affected,11728,reported,FLAT_RCL_POST_2010.zip::FLAT_RCL_POST_2010.txt,https://static.nhtsa.gov/odi/ffdd/rcl/FLAT_RCL_POST_2010.zip,Flat-file field POTAFF
21V846000,MODEL Y,2021,Potential_Units_Affected,11728,reported,FLAT_RCL_POST_2010.zip::FLAT_RCL_POST_2010.txt,https://static.nhtsa.gov/odi/ffdd/rcl/FLAT_RCL_POST_2010.zip,Flat-file field POTAFF
21V846000,MODEL 3,2018,Potential_Units_Affected,11728,reported,FLAT_RCL_POST_2010.zip::FLAT_RCL_POST_2010.txt,https://static.nhtsa.gov/odi/ffdd/rcl/FLAT_RCL_POST_2010.zip,Flat-file field POTAFF
21V846000,MODEL 3,2018,Potential_Units_Affected,11728,reported,FLAT_RCL_POST_2010.zip::FLAT_RCL_POST_2010.txt,https://static.nhtsa.gov/odi/ffdd/rcl/FLAT_RCL_POST_2010.zip,Flat-file field POTAFF
21V846000,MODEL 3,2018,Potential_Units_Affected,11728,reported,FLAT_RCL_POST_2010.zip::FLAT_RCL_POST_2010.txt,https://static.nhtsa.gov/odi/ffdd/rcl/FLAT_RCL_POST_2010.zip,Flat-file field POTAFF
21V846000,MODEL 3,2018,Potential_Units_Affected,11728,reported,FLAT_RCL_POST_2010.zip::FLAT_RCL_POST_2010.txt,https://static.nhtsa.gov/odi/ffdd/rcl/FLAT_RCL_POST_2010.zip,Flat-file field POTAFF
21V00D000,MODEL 3,2017,Potential_Units_Affected,356309,reported,FLAT_RCL_POST_2010.zip::FLAT_RCL_POST_2010.txt,https://static.nhtsa.gov/odi/ffdd/rcl/FLAT_RCL_POST_2010.zip,Flat-file field POTAFF
21V00D000,MODEL 3,2017,Potential_Units_Affected,356309,reported,FLAT_RCL_POST_2010.zip::FLAT_RCL_POST_2010.txt,https://static.nhtsa.gov/odi/ffdd/rcl/FLAT_RCL_POST_2010.zip,Flat-file field POTAFF
21V00D000,MODEL 3,2017,Potential_Units_Affected,356309,reported,FLAT_RCL_POST_2010.zip::FLAT_RCL_POST_2010.txt,https://static.nhtsa.gov/odi/ffdd/rcl/FLAT_RCL_POST_2010.zip,Flat-file field POTAFF
21V00D000,MODEL 3,2018,Potential_Units_Affected,356309,reported,FLAT_RCL_POST_2010.zip::FLAT_RCL_POST_2010.txt,https://static.nhtsa.gov/odi/ffdd/rcl/FLAT_RCL_POST_2010.zip,Flat-file field POTAFF
21V00D000,MODEL 3,2018,Potential_Units_Affected,356309,reported,FLAT_RCL_POST_2010.zip::FLAT_RCL_POST_2010.txt,https://static.nhtsa.gov/odi/ffdd/rcl/FLAT_RCL_POST_2010.zip,Flat-file field POTAFF
21V00D000,MODEL 3,2018,Potential_Units_Affected,356309,reported,FLAT_RCL_POST_2010.zip::FLAT_RCL_POST_2010.txt,https://static.nhtsa.gov/odi/ffdd/rcl/FLAT_RCL_POST_2010.zip,Flat-file field POTAFF
21V00D000,MODEL 3,2019,Potential_Units_Affected,356309,reported,FLAT_RCL_POST_2010.zip::FLAT_RCL_POST_2010.txt,https://static.nhtsa.gov/odi/ffdd/rcl/FLAT_RCL_POST_2010.zip,Flat-file field POTAFF
21V00D000,MODEL 3,2019,Potential_Units_Affected,356309,reported,FLAT_RCL_POST_2010.zip::FLAT_RCL_POST_2010.txt,https://static.nhtsa.gov/odi/ffdd/rcl/FLAT_RCL_POST_2010.zip,Flat-file field POTAFF
21V00D000,MODEL 3,2019,Potential_Units_Affected,356309,reported,FLAT_RCL_POST_2010.zip::FLAT_RCL_POST_2010.txt,https://static.nhtsa.gov/odi/ffdd/rcl/FLAT_RCL_POST_2010.zip,Flat-file field POTAFF
21V00D000,MODEL 3,2020,Potential_Units_Affected,356309,reported,FLAT_RCL_POST_2010.zip::FLAT_RCL_POST_2010.txt,https://static.nhtsa.gov/odi/ffdd/rcl/FLAT_RCL_POST_2010.zip,Flat-file field POTAFF
21V00D000,MODEL 3,2020,Potential_Units_Affected,356309,reported,FLAT_RCL_POST_2010.zip::FLAT_RCL_POST_2010.txt,https://static.nhtsa.gov/odi/ffdd/rcl/FLAT_RCL_POST_2010.zip,Flat-file field POTAFF
21V00D000,MODEL 3,2020,Potential_Units_Affected,356309,reported,FLAT_RCL_POST_2010.zip::FLAT_RCL_POST_2010.txt,https://static.nhtsa.gov/odi/ffdd/rcl/FLAT_RCL_POST_2010.zip,Flat-file field POTAFF
21V846000,MODEL S,2019,Potential_Units_Affected,11728,reported,FLAT_RCL_POST_2010.zip::FLAT_RCL_POST_2010.txt,https://static.nhtsa.gov/odi/ffdd/rcl/FLAT_RCL_POST_2010.zip,Flat-file field POTAFF
21V846000,MODEL X,2019,Potential_Units_Affected,11728,reported,FLAT_RCL_POST_2010.zip::FLAT_RCL_POST_2010.txt,https://static.nhtsa.gov/odi/ffdd/rcl/FLAT_RCL_POST_2010.zip,Flat-file field POTAFF
21V846000,MODEL X,2019,Potential_Units_Affected,11728,reported,FLAT_RCL_POST_2010.zip::FLAT_RCL_POST_2010.txt,https://static.nhtsa.gov/odi/ffdd/rcl/FLAT_RCL_POST_2010.zip,Flat-file field POTAFF
21V846000,MODEL 3,2020,Potential_Units_Affected,11728,reported,FLAT_RCL_POST_2010.zip::FLAT_RCL_POST_2010.txt,https://static.nhtsa.gov/odi/ffdd/rcl/FLAT_RCL_POST_2010.zip,Flat-file field POTAFF
21V846000,MODEL X,2018,Potential_Units_Affected,11728,reported,FLAT_RCL_POST_2010.zip::FLAT_RCL_POST_2010.txt,https://static.nhtsa.gov/odi/ffdd/rcl/FLAT_RCL_POST_2010.zip,Flat-file field POTAFF
21V846000,MODEL Y,2020,Potential_Units_Affected,11728,reported,FLAT_RCL_POST_2010.zip::FLAT_RCL_POST_2010.txt,https://static.nhtsa.gov/odi/ffdd/rcl/FLAT_RCL_POST_2010.zip,Flat-file field POTAFF
21V846000,MODEL S,2021,Potential_Units_Affected,11728,reported,FLAT_RCL_POST_2010.zip::FLAT_RCL_POST_2010.txt,https://static.nhtsa.gov/odi/ffdd/rcl/FLAT_RCL_POST_2010.zip,Flat-file field POTAFF
21V846000,MODEL X,2021,Potential_Units_Affected,11728,reported,FLAT_RCL_POST_2010.zip::FLAT_RCL_POST_2010.txt,https://static.nhtsa.gov/odi/ffdd/rcl/FLAT_RCL_POST_2010.zip,Flat-file field POTAFF
21V846000,MODEL 3,2021,Potential_Units_Affected,11728,reported,FLAT_RCL_POST_2010.zip::FLAT_RCL_POST_2010.txt,https://static.nhtsa.gov/odi/ffdd/rcl/FLAT_RCL_POST_2010.zip,Flat-file field POTAFF
21V846000,MODEL Y,2021,Potential_Units_Affected,11728,reported,FLAT_RCL_POST_2010.zip::FLAT_RCL_POST_2010.txt,https://static.nhtsa.gov/odi/ffdd/rcl/FLAT_RCL_POST_2010.zip,Flat-file field POTAFF
21V835000,MODEL 3,2019,Potential_Units_Affected,2791,reported,FLAT_RCL_POST_2010.zip::FLAT_RCL_POST_2010.txt,https://static.nhtsa.gov/odi/ffdd/rcl/FLAT_RCL_POST_2010.zip,Flat-file field POTAFF
21V835000,MODEL 3,2019,Potential_Units_Affected,2791,reported,FLAT_RCL_POST_2010.zip::FLAT_RCL_POST_2010.txt,https://static.nhtsa.gov/odi/ffdd/rcl/FLAT_RCL_POST_2010.zip,Flat-file field POTAFF
21V835000,MODEL 3,2020,Potential_Units_Affected,2791,reported,FLAT_RCL_POST_2010.zip::FLAT_RCL_POST_2010.txt,https://static.nhtsa.gov/odi/ffdd/rcl/FLAT_RCL_POST_2010.zip,Flat-file field POTAFF
21V835000,MODEL 3,2020,Potential_Units_Affected,2791,reported,FLAT_RCL_POST_2010.zip::FLAT_RCL_POST_2010.txt,https://static.nhtsa.gov/odi/ffdd/rcl/FLAT_RCL_POST_2010.zip,Flat-file field POTAFF
21V835000,MODEL Y,2020,Potential_Units_Affected,2791,reported,FLAT_RCL_POST_2010.zip::FLAT_RCL_POST_2010.txt,https://static.nhtsa.gov/odi/ffdd/rcl/FLAT_RCL_POST_2010.zip,Flat-file field POTAFF
21V835000,MODEL Y,2020,Potential_Units_Affected,2791,reported,FLAT_RCL_POST_2010.zip::FLAT_RCL_POST_2010.txt,https://static.nhtsa.gov/odi/ffdd/rcl/FLAT_RCL_POST_2010.zip,Flat-file field POTAFF
21V912000,MODEL Y,2020,Potential_Units_Affected,826,reported,FLAT_RCL_POST_2010.zip::FLAT_RCL_POST_2010.txt,https://static.nhtsa.gov/odi/ffdd/rcl/FLAT_RCL_POST_2010.zip,Flat-file field POTAFF
21V912000,MODEL Y,2020,Potential_Units_Affected,826,reported,FLAT_RCL_POST_2010.zip::FLAT_RCL_POST_2010.txt,https://static.nhtsa.gov/odi/ffdd/rcl/FLAT_RCL_POST_2010.zip,Flat-file field POTAFF
21V912000,MODEL Y,2020,Potential_Units_Affected,826,reported,FLAT_RCL_POST_2010.zip::FLAT_RCL_POST_2010.txt,https://static.nhtsa.gov/odi/ffdd/rcl/FLAT_RCL_POST_2010.zip,Flat-file field POTAFF
21V912000,MODEL Y,2020,Potential_Units_Affected,826,reported,FLAT_RCL_POST_2010.zip::FLAT_RCL_POST_2010.txt,https://static.nhtsa.gov/odi/ffdd/rcl/FLAT_RCL_POST_2010.zip,Flat-file field POTAFF
21V912000,MODEL Y,2021,Potential_Units_Affected,826,reported,FLAT_RCL_POST_2010.zip::FLAT_RCL_POST_2010.txt,https://static.nhtsa.gov/odi/ffdd/rcl/FLAT_RCL_POST_2010.zip,Flat-file field POTAFF
21V912000,MODEL Y,2021,Potential_Units_Affected,826,reported,FLAT_RCL_POST_2010.zip::FLAT_RCL_POST_2010.txt,https://static.nhtsa.gov/odi/ffdd/rcl/FLAT_RCL_POST_2010.zip,Flat-file field POTAFF
21V912000,MODEL Y,2021,Potential_Units_Affected,826,reported,FLAT_RCL_POST_2010.zip::FLAT_RCL_POST_2010.txt,https://static.nhtsa.gov/odi/ffdd/rcl/FLAT_RCL_POST_2010.zip,Flat-file field POTAFF
21V912000,MODEL Y,2021,Potential_Units_Affected,826,reported,FLAT_RCL_POST_2010.zip::FLAT_RCL_POST_2010.txt,https://static.nhtsa.gov/odi/ffdd/rcl/FLAT_RCL_POST_2010.zip,Flat-file field POTAFF
21V912000,MODEL Y,2022,Potential_Units_Affected,826,reported,FLAT_RCL_POST_2010.zip::FLAT_RCL_POST_2010.txt,https://static.nhtsa.gov/odi/ffdd/rcl/FLAT_RCL_POST_2010.zip,Flat-file field POTAFF
21V912000,MODEL Y,2022,Potential_Units_Affected,826,reported,FLAT_RCL_POST_2010.zip::FLAT_RCL_POST_2010.txt,https://static.nhtsa.gov/odi/ffdd/rcl/FLAT_RCL_POST_2010.zip,Flat-file field POTAFF
21V912000,MODEL Y,2022,Potential_Units_Affected,826,reported,FLAT_RCL_POST_2010.zip::FLAT_RCL_POST_2010.txt,https://static.nhtsa.gov/odi/ffdd/rcl/FLAT_RCL_POST_2010.zip,Flat-file field POTAFF
21V912000,MODEL Y,2022,Potential_Units_Affected,826,reported,FLAT_RCL_POST_2010.zip::FLAT_RCL_POST_2010.txt,https://static.nhtsa.gov/odi/ffdd/rcl/FLAT_RCL_POST_2010.zip,Flat-file field POTAFF
22V037000,MODEL S,2016,Potential_Units_Affected,53822,reported,FLAT_RCL_POST_2010.zip::FLAT_RCL_POST_2010.txt,https://static.nhtsa.gov/odi/ffdd/rcl/FLAT_RCL_POST_2010.zip,Flat-file field POTAFF
22V037000,MODEL S,2017,Potential_Units_Affected,53822,reported,FLAT_RCL_POST_2010.zip::FLAT_RCL_POST_2010.txt,https://static.nhtsa.gov/odi/ffdd/rcl/FLAT_RCL_POST_2010.zip,Flat-file field POTAFF
22V037000,MODEL X,2017,Potential_Units_Affected,53822,reported,FLAT_RCL_POST_2010.zip::FLAT_RCL_POST_2010.txt,https://static.nhtsa.gov/odi/ffdd/rcl/FLAT_RCL_POST_2010.zip,Flat-file field POTAFF
22V037000,MODEL S,2022,Potential_Units_Affected,53822,reported,FLAT_RCL_POST_2010.zip::FLAT_RCL_POST_2010.txt,https://static.nhtsa.gov/odi/ffdd/rcl/FLAT_RCL_POST_2010.zip,Flat-file field POTAFF
22V037000,MODEL 3,2017,Potential_Units_Affected,53822,reported,FLAT_RCL_POST_2010.zip::FLAT_RCL_POST_2010.txt,https://static.nhtsa.gov/odi/ffdd/rcl/FLAT_RCL_POST_2010.zip,Flat-file field POTAFF
22V037000,MODEL S,2018,Potential_Units_Affected,53822,reported,FLAT_RCL_POST_2010.zip::FLAT_RCL_POST_2010.txt,https://static.nhtsa.gov/odi/ffdd/rcl/FLAT_RCL_POST_2010.zip,Flat-file field POTAFF
22V037000,MODEL X,2018,Potential_Units_Affected,53822,reported,FLAT_RCL_POST_2010.zip::FLAT_RCL_POST_2010.txt,https://static.nhtsa.gov/odi/ffdd/rcl/FLAT_RCL_POST_2010.zip,Flat-file field POTAFF
22V037000,MODEL 3,2018,Potential_Units_Affected,53822,reported,FLAT_RCL_POST_2010.zip::FLAT_RCL_POST_2010.txt,https://static.nhtsa.gov/odi/ffdd/rcl/FLAT_RCL_POST_2010.zip,Flat-file field POTAFF
22V037000,MODEL X,2016,Potential_Units_Affected,53822,reported,FLAT_RCL_POST_2010.zip::FLAT_RCL_POST_2010.txt,https://static.nhtsa.gov/odi/ffdd/rcl/FLAT_RCL_POST_2010.zip,Flat-file field POTAFF
22V037000,MODEL S,2019,Potential_Units_Affected,53822,reported,FLAT_RCL_POST_2010.zip::FLAT_RCL_POST_2010.txt,https://static.nhtsa.gov/odi/ffdd/rcl/FLAT_RCL_POST_2010.zip,Flat-file field POTAFF
22V037000,MODEL X,2019,Potential_Units_Affected,53822,reported,FLAT_RCL_POST_2010.zip::FLAT_RCL_POST_2010.txt,https://static.nhtsa.gov/odi/ffdd/rcl/FLAT_RCL_POST_2010.zip,Flat-file field POTAFF
22V037000,MODEL 3,2019,Potential_Units_Affected,53822,reported,FLAT_RCL_POST_2010.zip::FLAT_RCL_POST_2010.txt,https://static.nhtsa.gov/odi/ffdd/rcl/FLAT_RCL_POST_2010.zip,Flat-file field POTAFF
22V037000,MODEL 3,2020,Potential_Units_Affected,53822,reported,FLAT_RCL_POST_2010.zip::FLAT_RCL_POST_2010.txt,https://static.nhtsa.gov/odi/ffdd/rcl/FLAT_RCL_POST_2010.zip,Flat-file field POTAFF
22V037000,MODEL X,2020,Potential_Units_Affected,53822,reported,FLAT_RCL_POST_2010.zip::FLAT_RCL_POST_2010.txt,https://static.nhtsa.gov/odi/ffdd/rcl/FLAT_RCL_POST_2010.zip,Flat-file field POTAFF
22V037000,MODEL Y,2020,Potential_Units_Affected,53822,reported,FLAT_RCL_POST_2010.zip::FLAT_RCL_POST_2010.txt,https://static.nhtsa.gov/odi/ffdd/rcl/FLAT_RCL_POST_2010.zip,Flat-file field POTAFF
22V037000,MODEL S,2020,Potential_Units_Affected,53822,reported,FLAT_RCL_POST_2010.zip::FLAT_RCL_POST_2010.txt,https://static.nhtsa.gov/odi/ffdd/rcl/FLAT_RCL_POST_2010.zip,Flat-file field POTAFF
22V037000,MODEL S,2021,Potential_Units_Affected,53822,reported,FLAT_RCL_POST_2010.zip::FLAT_RCL_POST_2010.txt,https://static.nhtsa.gov/odi/ffdd/rcl/FLAT_RCL_POST_2010.zip,Flat-file field POTAFF
22V037000,MODEL Y,2021,Potential_Units_Affected,53822,reported,FLAT_RCL_POST_2010.zip::FLAT_RCL_POST_2010.txt,https://static.nhtsa.gov/odi/ffdd/rcl/FLAT_RCL_POST_2010.zip,Flat-file field POTAFF
22V037000,MODEL 3,2021,Potential_Units_Affected,53822,reported,FLAT_RCL_POST_2010.zip::FLAT_RCL_POST_2010.txt,https://static.nhtsa.gov/odi/ffdd/rcl/FLAT_RCL_POST_2010.zip,Flat-file field POTAFF
22V037000,MODEL X,2021,Potential_Units_Affected,53822,reported,FLAT_RCL_POST_2010.zip::FLAT_RCL_POST_2010.txt,https://static.nhtsa.gov/odi/ffdd/rcl/FLAT_RCL_POST_2010.zip,Flat-file field POTAFF
22V037000,MODEL Y,2022,Potential_Units_Affected,53822,reported,FLAT_RCL_POST_2010.zip::FLAT_RCL_POST_2010.txt,https://static.nhtsa.gov/odi/ffdd/rcl/FLAT_RCL_POST_2010.zip,Flat-file field POTAFF
22V037000,MODEL 3,2022,Potential_Units_Affected,53822,reported,FLAT_RCL_POST_2010.zip::FLAT_RCL_POST_2010.txt,https://static.nhtsa.gov/odi/ffdd/rcl/FLAT_RCL_POST_2010.zip,Flat-file field POTAFF
22V037000,MODEL X,2022,Potential_Units_Affected,53822,reported,FLAT_RCL_POST_2010.zip::FLAT_RCL_POST_2010.txt,https://static.nhtsa.gov/odi/ffdd/rcl/FLAT_RCL_POST_2010.zip,Flat-file field POTAFF
22V045000,MODEL 3,2017,Potential_Units_Affected,817143,reported,FLAT_RCL_POST_2010.zip::FLAT_RCL_POST_2010.txt,https://static.nhtsa.gov/odi/ffdd/rcl/FLAT_RCL_POST_2010.zip,Flat-file field POTAFF
22V045000,MODEL 3,2017,Potential_Units_Affected,817143,reported,FLAT_RCL_POST_2010.zip::FLAT_RCL_POST_2010.txt,https://static.nhtsa.gov/odi/ffdd/rcl/FLAT_RCL_POST_2010.zip,Flat-file field POTAFF
22V045000,MODEL 3,2018,Potential_Units_Affected,817143,reported,FLAT_RCL_POST_2010.zip::FLAT_RCL_POST_2010.txt,https://static.nhtsa.gov/odi/ffdd/rcl/FLAT_RCL_POST_2010.zip,Flat-file field POTAFF
22V045000,MODEL 3,2018,Potential_Units_Affected,817143,reported,FLAT_RCL_POST_2010.zip::FLAT_RCL_POST_2010.txt,https://static.nhtsa.gov/odi/ffdd/rcl/FLAT_RCL_POST_2010.zip,Flat-file field POTAFF
22V045000,MODEL 3,2019,Potential_Units_Affected,817143,reported,FLAT_RCL_POST_2010.zip::FLAT_RCL_POST_2010.txt,https://static.nhtsa.gov/odi/ffdd/rcl/FLAT_RCL_POST_2010.zip,Flat-file field POTAFF
22V045000,MODEL 3,2019,Potential_Units_Affected,817143,reported,FLAT_RCL_POST_2010.zip::FLAT_RCL_POST_2010.txt,https://static.nhtsa.gov/odi/ffdd/rcl/FLAT_RCL_POST_2010.zip,Flat-file field POTAFF
22V045000,MODEL 3,2020,Potential_Units_Affected,817143,reported,FLAT_RCL_POST_2010.zip::FLAT_RCL_POST_2010.txt,https://static.nhtsa.gov/odi/ffdd/rcl/FLAT_RCL_POST_2010.zip,Flat-file field POTAFF
22V045000,MODEL 3,2020,Potential_Units_Affected,817143,reported,FLAT_RCL_POST_2010.zip::FLAT_RCL_POST_2010.txt,https://static.nhtsa.gov/odi/ffdd/rcl/FLAT_RCL_POST_2010.zip,Flat-file field POTAFF
22V045000,MODEL Y,2020,Potential_Units_Affected,817143,reported,FLAT_RCL_POST_2010.zip::FLAT_RCL_POST_2010.txt,https://static.nhtsa.gov/odi/ffdd/rcl/FLAT_RCL_POST_2010.zip,Flat-file field POTAFF
22V045000,MODEL Y,2020,Potential_Units_Affected,817143,reported,FLAT_RCL_POST_2010.zip::FLAT_RCL_POST_2010.txt,https://static.nhtsa.gov/odi/ffdd/rcl/FLAT_RCL_POST_2010.zip,Flat-file field POTAFF
22V045000,MODEL S,2021,Potential_Units_Affected,817143,reported,FLAT_RCL_POST_2010.zip::FLAT_RCL_POST_2010.txt,https://static.nhtsa.gov/odi/ffdd/rcl/FLAT_RCL_POST_2010.zip,Flat-file field POTAFF
22V045000,MODEL S,2021,Potential_Units_Affected,817143,reported,FLAT_RCL_POST_2010.zip::FLAT_RCL_POST_2010.txt,https://static.nhtsa.gov/odi/ffdd/rcl/FLAT_RCL_POST_2010.zip,Flat-file field POTAFF
22V045000,MODEL Y,2021,Potential_Units_Affected,817143,reported,FLAT_RCL_POST_2010.zip::FLAT_RCL_POST_2010.txt,https://static.nhtsa.gov/odi/ffdd/rcl/FLAT_RCL_POST_2010.zip,Flat-file field POTAFF
22V045000,MODEL Y,2021,Potential_Units_Affected,817143,reported,FLAT_RCL_POST_2010.zip::FLAT_RCL_POST_2010.txt,https://static.nhtsa.gov/odi/ffdd/rcl/FLAT_RCL_POST_2010.zip,Flat-file field POTAFF
22V045000,MODEL 3,2021,Potential_Units_Affected,817143,reported,FLAT_RCL_POST_2010.zip::FLAT_RCL_POST_2010.txt,https://static.nhtsa.gov/odi/ffdd/rcl/FLAT_RCL_POST_2010.zip,Flat-file field POTAFF
22V045000,MODEL 3,2021,Potential_Units_Affected,817143,reported,FLAT_RCL_POST_2010.zip::FLAT_RCL_POST_2010.txt,https://static.nhtsa.gov/odi/ffdd/rcl/FLAT_RCL_POST_2010.zip,Flat-file field POTAFF
22V045000,MODEL X,2021,Potential_Units_Affected,817143,reported,FLAT_RCL_POST_2010.zip::FLAT_RCL_POST_2010.txt,https://static.nhtsa.gov/odi/ffdd/rcl/FLAT_RCL_POST_2010.zip,Flat-file field POTAFF
22V045000,MODEL X,2021,Potential_Units_Affected,817143,reported,FLAT_RCL_POST_2010.zip::FLAT_RCL_POST_2010.txt,https://static.nhtsa.gov/odi/ffdd/rcl/FLAT_RCL_POST_2010.zip,Flat-file field POTAFF
22V045000,MODEL Y,2022,Potential_Units_Affected,817143,reported,FLAT_RCL_POST_2010.zip::FLAT_RCL_POST_2010.txt,https://static.nhtsa.gov/odi/ffdd/rcl/FLAT_RCL_POST_2010.zip,Flat-file field POTAFF
22V045000,MODEL Y,2022,Potential_Units_Affected,817143,reported,FLAT_RCL_POST_2010.zip::FLAT_RCL_POST_2010.txt,https://static.nhtsa.gov/odi/ffdd/rcl/FLAT_RCL_POST_2010.zip,Flat-file field POTAFF
22V045000,MODEL 3,2022,Potential_Units_Affected,817143,reported,FLAT_RCL_POST_2010.zip::FLAT_RCL_POST_2010.txt,https://static.nhtsa.gov/odi/ffdd/rcl/FLAT_RCL_POST_2010.zip,Flat-file field POTAFF
22V045000,MODEL 3,2022,Potential_Units_Affected,817143,reported,FLAT_RCL_POST_2010.zip::FLAT_RCL_POST_2010.txt,https://static.nhtsa.gov/odi/ffdd/rcl/FLAT_RCL_POST_2010.zip,Flat-file field POTAFF
22V045000,MODEL S,2022,Potential_Units_Affected,817143,reported,FLAT_RCL_POST_2010.zip::FLAT_RCL_POST_2010.txt,https://static.nhtsa.gov/odi/ffdd/rcl/FLAT_RCL_POST_2010.zip,Flat-file field POTAFF
22V045000,MODEL S,2022,Potential_Units_Affected,817143,reported,FLAT_RCL_POST_2010.zip::FLAT_RCL_POST_2010.txt,https://static.nhtsa.gov/odi/ffdd/rcl/FLAT_RCL_POST_2010.zip,Flat-file field POTAFF
22V045000,MODEL X,2022,Potential_Units_Affected,817143,reported,FLAT_RCL_POST_2010.zip::FLAT_RCL_POST_2010.txt,https://static.nhtsa.gov/odi/ffdd/rcl/FLAT_RCL_POST_2010.zip,Flat-file field POTAFF
22V045000,MODEL X,2022,Potential_Units_Affected,817143,reported,FLAT_RCL_POST_2010.zip::FLAT_RCL_POST_2010.txt,https://static.nhtsa.gov/odi/ffdd/rcl/FLAT_RCL_POST_2010.zip,Flat-file field POTAFF
22V104000,MODEL S,2021,Potential_Units_Affected,9,reported,FLAT_RCL_POST_2010.zip::FLAT_RCL_POST_2010.txt,https://static.nhtsa.gov/odi/ffdd/rcl/FLAT_RCL_POST_2010.zip,Flat-file field POTAFF
22V104000,MODEL S,2021,Potential_Units_Affected,9,reported,FLAT_RCL_POST_2010.zip::FLAT_RCL_POST_2010.txt,https://static.nhtsa.gov/odi/ffdd/rcl/FLAT_RCL_POST_2010.zip,Flat-file field POTAFF
22V104000,MODEL S,2022,Potential_Units_Affected,9,reported,FLAT_RCL_POST_2010.zip::FLAT_RCL_POST_2010.txt,https://static.nhtsa.gov/odi/ffdd/rcl/FLAT_RCL_POST_2010.zip,Flat-file field POTAFF
22V104000,MODEL S,2022,Potential_Units_Affected,9,reported,FLAT_RCL_POST_2010.zip::FLAT_RCL_POST_2010.txt,https://static.nhtsa.gov/odi/ffdd/rcl/FLAT_RCL_POST_2010.zip,Flat-file field POTAFF
22V235000,MODEL 3,2017,Potential_Units_Affected,594894,reported,FLAT_RCL_POST_2010.zip::FLAT_RCL_POST_2010.txt,https://static.nhtsa.gov/odi/ffdd/rcl/FLAT_RCL_POST_2010.zip,Flat-file field POTAFF
22V235000,MODEL 3,2017,Potential_Units_Affected,594894,reported,FLAT_RCL_POST_2010.zip::FLAT_RCL_POST_2010.txt,https://static.nhtsa.gov/odi/ffdd/rcl/FLAT_RCL_POST_2010.zip,Flat-file field POTAFF
22V235000,MODEL 3,2018,Potential_Units_Affected,594894,reported,FLAT_RCL_POST_2010.zip::FLAT_RCL_POST_2010.txt,https://static.nhtsa.gov/odi/ffdd/rcl/FLAT_RCL_POST_2010.zip,Flat-file field POTAFF
22V235000,MODEL 3,2018,Potential_Units_Affected,594894,reported,FLAT_RCL_POST_2010.zip::FLAT_RCL_POST_2010.txt,https://static.nhtsa.gov/odi/ffdd/rcl/FLAT_RCL_POST_2010.zip,Flat-file field POTAFF
22V235000,MODEL 3,2019,Potential_Units_Affected,594894,reported,FLAT_RCL_POST_2010.zip::FLAT_RCL_POST_2010.txt,https://static.nhtsa.gov/odi/ffdd/rcl/FLAT_RCL_POST_2010.zip,Flat-file field POTAFF
22V235000,MODEL 3,2019,Potential_Units_Affected,594894,reported,FLAT_RCL_POST_2010.zip::FLAT_RCL_POST_2010.txt,https://static.nhtsa.gov/odi/ffdd/rcl/FLAT_RCL_POST_2010.zip,Flat-file field POTAFF
22V235000,MODEL 3,2020,Potential_Units_Affected,594894,reported,FLAT_RCL_POST_2010.zip::FLAT_RCL_POST_2010.txt,https://static.nhtsa.gov/odi/ffdd/rcl/FLAT_RCL_POST_2010.zip,Flat-file field POTAFF
22V235000,MODEL 3,2020,Potential_Units_Affected,594894,reported,FLAT_RCL_POST_2010.zip::FLAT_RCL_POST_2010.txt,https://static.nhtsa.gov/odi/ffdd/rcl/FLAT_RCL_POST_2010.zip,Flat-file field POTAFF
22V235000,MODEL X,2020,Potential_Units_Affected,594894,reported,FLAT_RCL_POST_2010.zip::FLAT_RCL_POST_2010.txt,https://static.nhtsa.gov/odi/ffdd/rcl/FLAT_RCL_POST_2010.zip,Flat-file field POTAFF
22V235000,MODEL X,2020,Potential_Units_Affected,594894,reported,FLAT_RCL_POST_2010.zip::FLAT_RCL_POST_2010.txt,https://static.nhtsa.gov/odi/ffdd/rcl/FLAT_RCL_POST_2010.zip,Flat-file field POTAFF
22V235000,MODEL Y,2020,Potential_Units_Affected,594894,reported,FLAT_RCL_POST_2010.zip::FLAT_RCL_POST_2010.txt,https://static.nhtsa.gov/odi/ffdd/rcl/FLAT_RCL_POST_2010.zip,Flat-file field POTAFF
22V235000,MODEL Y,2020,Potential_Units_Affected,594894,reported,FLAT_RCL_POST_2010.zip::FLAT_RCL_POST_2010.txt,https://static.nhtsa.gov/odi/ffdd/rcl/FLAT_RCL_POST_2010.zip,Flat-file field POTAFF
22V235000,MODEL S,2020,Potential_Units_Affected,594894,reported,FLAT_RCL_POST_2010.zip::FLAT_RCL_POST_2010.txt,https://static.nhtsa.gov/odi/ffdd/rcl/FLAT_RCL_POST_2010.zip,Flat-file field POTAFF
22V235000,MODEL S,2020,Potential_Units_Affected,594894,reported,FLAT_RCL_POST_2010.zip::FLAT_RCL_POST_2010.txt,https://static.nhtsa.gov/odi/ffdd/rcl/FLAT_RCL_POST_2010.zip,Flat-file field POTAFF
22V235000,MODEL S,2021,Potential_Units_Affected,594894,reported,FLAT_RCL_POST_2010.zip::FLAT_RCL_POST_2010.txt,https://static.nhtsa.gov/odi/ffdd/rcl/FLAT_RCL_POST_2010.zip,Flat-file field POTAFF
22V235000,MODEL S,2021,Potential_Units_Affected,594894,reported,FLAT_RCL_POST_2010.zip::FLAT_RCL_POST_2010.txt,https://static.nhtsa.gov/odi/ffdd/rcl/FLAT_RCL_POST_2010.zip,Flat-file field POTAFF
22V235000,MODEL Y,2021,Potential_Units_Affected,594894,reported,FLAT_RCL_POST_2010.zip::FLAT_RCL_POST_2010.txt,https://static.nhtsa.gov/odi/ffdd/rcl/FLAT_RCL_POST_2010.zip,Flat-file field POTAFF
22V235000,MODEL Y,2021,Potential_Units_Affected,594894,reported,FLAT_RCL_POST_2010.zip::FLAT_RCL_POST_2010.txt,https://static.nhtsa.gov/odi/ffdd/rcl/FLAT_RCL_POST_2010.zip,Flat-file field POTAFF
22V235000,MODEL 3,2021,Potential_Units_Affected,594894,reported,FLAT_RCL_POST_2010.zip::FLAT_RCL_POST_2010.txt,https://static.nhtsa.gov/odi/ffdd/rcl/FLAT_RCL_POST_2010.zip,Flat-file field POTAFF
22V235000,MODEL 3,2021,Potential_Units_Affected,594894,reported,FLAT_RCL_POST_2010.zip::FLAT_RCL_POST_2010.txt,https://static.nhtsa.gov/odi/ffdd/rcl/FLAT_RCL_POST_2010.zip,Flat-file field POTAFF
22V235000,MODEL X,2021,Potential_Units_Affected,594894,reported,FLAT_RCL_POST_2010.zip::FLAT_RCL_POST_2010.txt,https://static.nhtsa.gov/odi/ffdd/rcl/FLAT_RCL_POST_2010.zip,Flat-file field POTAFF
22V235000,MODEL X,2021,Potential_Units_Affected,594894,reported,FLAT_RCL_POST_2010.zip::FLAT_RCL_POST_2010.txt,https://static.nhtsa.gov/odi/ffdd/rcl/FLAT_RCL_POST_2010.zip,Flat-file field POTAFF
22V235000,MODEL Y,2022,Potential_Units_Affected,594894,reported,FLAT_RCL_POST_2010.zip::FLAT_RCL_POST_2010.txt,https://static.nhtsa.gov/odi/ffdd/rcl/FLAT_RCL_POST_2010.zip,Flat-file field POTAFF
22V235000,MODEL Y,2022,Potential_Units_Affected,594894,reported,FLAT_RCL_POST_2010.zip::FLAT_RCL_POST_2010.txt,https://static.nhtsa.gov/odi/ffdd/rcl/FLAT_RCL_POST_2010.zip,Flat-file field POTAFF
22V235000,MODEL 3,2022,Potential_Units_Affected,594894,reported,FLAT_RCL_POST_2010.zip::FLAT_RCL_POST_2010.txt,https://static.nhtsa.gov/odi/ffdd/rcl/FLAT_RCL_POST_2010.zip,Flat-file field POTAFF
22V235000,MODEL 3,2022,Potential_Units_Affected,594894,reported,FLAT_RCL_POST_2010.zip::FLAT_RCL_POST_2010.txt,https://static.nhtsa.gov/odi/ffdd/rcl/FLAT_RCL_POST_2010.zip,Flat-file field POTAFF
22V235000,MODEL S,2022,Potential_Units_Affected,594894,reported,FLAT_RCL_POST_2010.zip::FLAT_RCL_POST_2010.txt,https://static.nhtsa.gov/odi/ffdd/rcl/FLAT_RCL_POST_2010.zip,Flat-file field POTAFF
22V235000,MODEL S,2022,Potential_Units_Affected,594894,reported,FLAT_RCL_POST_2010.zip::FLAT_RCL_POST_2010.txt,https://static.nhtsa.gov/odi/ffdd/rcl/FLAT_RCL_POST_2010.zip,Flat-file field POTAFF
22V235000,MODEL X,2022,Potential_Units_Affected,594894,reported,FLAT_RCL_POST_2010.zip::FLAT_RCL_POST_2010.txt,https://static.nhtsa.gov/odi/ffdd/rcl/FLAT_RCL_POST_2010.zip,Flat-file field POTAFF
22V235000,MODEL X,2022,Potential_Units_Affected,594894,reported,FLAT_RCL_POST_2010.zip::FLAT_RCL_POST_2010.txt,https://static.nhtsa.gov/odi/ffdd/rcl/FLAT_RCL_POST_2010.zip,Flat-file field POTAFF
22V263000,MODEL 3,2018,Potential_Units_Affected,48184,reported,FLAT_RCL_POST_2010.zip::FLAT_RCL_POST_2010.txt,https://static.nhtsa.gov/odi/ffdd/rcl/FLAT_RCL_POST_2010.zip,Flat-file field POTAFF
22V263000,MODEL 3,2019,Potential_Units_Affected,48184,reported,FLAT_RCL_POST_2010.zip::FLAT_RCL_POST_2010.txt,https://static.nhtsa.gov/odi/ffdd/rcl/FLAT_RCL_POST_2010.zip,Flat-file field POTAFF
22V263000,MODEL 3,2020,Potential_Units_Affected,48184,reported,FLAT_RCL_POST_2010.zip::FLAT_RCL_POST_2010.txt,https://static.nhtsa.gov/odi/ffdd/rcl/FLAT_RCL_POST_2010.zip,Flat-file field POTAFF
22V263000,MODEL 3,2021,Potential_Units_Affected,48184,reported,FLAT_RCL_POST_2010.zip::FLAT_RCL_POST_2010.txt,https://static.nhtsa.gov/odi/ffdd/rcl/FLAT_RCL_POST_2010.zip,Flat-file field POTAFF
22V263000,MODEL 3,2022,Potential_Units_Affected,48184,reported,FLAT_RCL_POST_2010.zip::FLAT_RCL_POST_2010.txt,https://static.nhtsa.gov/odi/ffdd/rcl/FLAT_RCL_POST_2010.zip,Flat-file field POTAFF
22V296000,MODEL S,2021,Potential_Units_Affected,129960,reported,FLAT_RCL_POST_2010.zip::FLAT_RCL_POST_2010.txt,https://static.nhtsa.gov/odi/ffdd/rcl/FLAT_RCL_POST_2010.zip,Flat-file field POTAFF
22V296000,MODEL S,2021,Potential_Units_Affected,129960,reported,FLAT_RCL_POST_2010.zip::FLAT_RCL_POST_2010.txt,https://static.nhtsa.gov/odi/ffdd/rcl/FLAT_RCL_POST_2010.zip,Flat-file field POTAFF
22V296000,MODEL X,2021,Potential_Units_Affected,129960,reported,FLAT_RCL_POST_2010.zip::FLAT_RCL_POST_2010.txt,https://static.nhtsa.gov/odi/ffdd/rcl/FLAT_RCL_POST_2010.zip,Flat-file field POTAFF
22V296000,MODEL X,2021,Potential_Units_Affected,129960,reported,FLAT_RCL_POST_2010.zip::FLAT_RCL_POST_2010.txt,https://static.nhtsa.gov/odi/ffdd/rcl/FLAT_RCL_POST_2010.zip,Flat-file field POTAFF
22V296000,MODEL Y,2022,Potential_Units_Affected,129960,reported,FLAT_RCL_POST_2010.zip::FLAT_RCL_POST_2010.txt,https://static.nhtsa.gov/odi/ffdd/rcl/FLAT_RCL_POST_2010.zip,Flat-file field POTAFF
22V296000,MODEL Y,2022,Potential_Units_Affected,129960,reported,FLAT_RCL_POST_2010.zip::FLAT_RCL_POST_2010.txt,https://static.nhtsa.gov/odi/ffdd/rcl/FLAT_RCL_POST_2010.zip,Flat-file field POTAFF
22V296000,MODEL 3,2022,Potential_Units_Affected,129960,reported,FLAT_RCL_POST_2010.zip::FLAT_RCL_POST_2010.txt,https://static.nhtsa.gov/odi/ffdd/rcl/FLAT_RCL_POST_2010.zip,Flat-file field POTAFF
22V296000,MODEL 3,2022,Potential_Units_Affected,129960,reported,FLAT_RCL_POST_2010.zip::FLAT_RCL_POST_2010.txt,https://static.nhtsa.gov/odi/ffdd/rcl/FLAT_RCL_POST_2010.zip,Flat-file field POTAFF
22V296000,MODEL S,2022,Potential_Units_Affected,129960,reported,FLAT_RCL_POST_2010.zip::FLAT_RCL_POST_2010.txt,https://static.nhtsa.gov/odi/ffdd/rcl/FLAT_RCL_POST_2010.zip,Flat-file field POTAFF
22V296000,MODEL S,2022,Potential_Units_Affected,129960,reported,FLAT_RCL_POST_2010.zip::FLAT_RCL_POST_2010.txt,https://static.nhtsa.gov/odi/ffdd/rcl/FLAT_RCL_POST_2010.zip,Flat-file field POTAFF
22V296000,MODEL X,2022,Potential_Units_Affected,129960,reported,FLAT_RCL_POST_2010.zip::FLAT_RCL_POST_2010.txt,https://static.nhtsa.gov/odi/ffdd/rcl/FLAT_RCL_POST_2010.zip,Flat-file field POTAFF
22V296000,MODEL X,2022,Potential_Units_Affected,129960,reported,FLAT_RCL_POST_2010.zip::FLAT_RCL_POST_2010.txt,https://static.nhtsa.gov/odi/ffdd/rcl/FLAT_RCL_POST_2010.zip,Flat-file field POTAFF
22V169000,MODEL S,2018,Potential_Units_Affected,947,reported,FLAT_RCL_POST_2010.zip::FLAT_RCL_POST_2010.txt,https://static.nhtsa.gov/odi/ffdd/rcl/FLAT_RCL_POST_2010.zip,Flat-file field POTAFF
22V063000,MODEL 3,2017,Potential_Units_Affected,578607,reported,FLAT_RCL_POST_2010.zip::FLAT_RCL_POST_2010.txt,https://static.nhtsa.gov/odi/ffdd/rcl/FLAT_RCL_POST_2010.zip,Flat-file field POTAFF
22V063000,MODEL 3,2017,Potential_Units_Affected,578607,reported,FLAT_RCL_POST_2010.zip::FLAT_RCL_POST_2010.txt,https://static.nhtsa.gov/odi/ffdd/rcl/FLAT_RCL_POST_2010.zip,Flat-file field POTAFF
22V063000,MODEL 3,2018,Potential_Units_Affected,578607,reported,FLAT_RCL_POST_2010.zip::FLAT_RCL_POST_2010.txt,https://static.nhtsa.gov/odi/ffdd/rcl/FLAT_RCL_POST_2010.zip,Flat-file field POTAFF
22V063000,MODEL 3,2018,Potential_Units_Affected,578607,reported,FLAT_RCL_POST_2010.zip::FLAT_RCL_POST_2010.txt,https://static.nhtsa.gov/odi/ffdd/rcl/FLAT_RCL_POST_2010.zip,Flat-file field POTAFF
22V063000,MODEL 3,2019,Potential_Units_Affected,578607,reported,FLAT_RCL_POST_2010.zip::FLAT_RCL_POST_2010.txt,https://static.nhtsa.gov/odi/ffdd/rcl/FLAT_RCL_POST_2010.zip,Flat-file field POTAFF
22V063000,MODEL 3,2019,Potential_Units_Affected,578607,reported,FLAT_RCL_POST_2010.zip::FLAT_RCL_POST_2010.txt,https://static.nhtsa.gov/odi/ffdd/rcl/FLAT_RCL_POST_2010.zip,Flat-file field POTAFF
22V063000,MODEL 3,2020,Potential_Units_Affected,578607,reported,FLAT_RCL_POST_2010.zip::FLAT_RCL_POST_2010.txt,https://static.nhtsa.gov/odi/ffdd/rcl/FLAT_RCL_POST_2010.zip,Flat-file field POTAFF
22V063000,MODEL 3,2020,Potential_Units_Affected,578607,reported,FLAT_RCL_POST_2010.zip::FLAT_RCL_POST_2010.txt,https://static.nhtsa.gov/odi/ffdd/rcl/FLAT_RCL_POST_2010.zip,Flat-file field POTAFF
22V063000,MODEL X,2020,Potential_Units_Affected,578607,reported,FLAT_RCL_POST_2010.zip::FLAT_RCL_POST_2010.txt,https://static.nhtsa.gov/odi/ffdd/rcl/FLAT_RCL_POST_2010.zip,Flat-file field POTAFF
22V063000,MODEL X,2020,Potential_Units_Affected,578607,reported,FLAT_RCL_POST_2010.zip::FLAT_RCL_POST_2010.txt,https://static.nhtsa.gov/odi/ffdd/rcl/FLAT_RCL_POST_2010.zip,Flat-file field POTAFF
22V063000,MODEL Y,2020,Potential_Units_Affected,578607,reported,FLAT_RCL_POST_2010.zip::FLAT_RCL_POST_2010.txt,https://static.nhtsa.gov/odi/ffdd/rcl/FLAT_RCL_POST_2010.zip,Flat-file field POTAFF
22V063000,MODEL Y,2020,Potential_Units_Affected,578607,reported,FLAT_RCL_POST_2010.zip::FLAT_RCL_POST_2010.txt,https://static.nhtsa.gov/odi/ffdd/rcl/FLAT_RCL_POST_2010.zip,Flat-file field POTAFF
22V063000,MODEL S,2020,Potential_Units_Affected,578607,reported,FLAT_RCL_POST_2010.zip::FLAT_RCL_POST_2010.txt,https://static.nhtsa.gov/odi/ffdd/rcl/FLAT_RCL_POST_2010.zip,Flat-file field POTAFF
22V063000,MODEL S,2020,Potential_Units_Affected,578607,reported,FLAT_RCL_POST_2010.zip::FLAT_RCL_POST_2010.txt,https://static.nhtsa.gov/odi/ffdd/rcl/FLAT_RCL_POST_2010.zip,Flat-file field POTAFF
22V063000,MODEL S,2021,Potential_Units_Affected,578607,reported,FLAT_RCL_POST_2010.zip::FLAT_RCL_POST_2010.txt,https://static.nhtsa.gov/odi/ffdd/rcl/FLAT_RCL_POST_2010.zip,Flat-file field POTAFF
22V063000,MODEL S,2021,Potential_Units_Affected,578607,reported,FLAT_RCL_POST_2010.zip::FLAT_RCL_POST_2010.txt,https://static.nhtsa.gov/odi/ffdd/rcl/FLAT_RCL_POST_2010.zip,Flat-file field POTAFF
22V063000,MODEL Y,2021,Potential_Units_Affected,578607,reported,FLAT_RCL_POST_2010.zip::FLAT_RCL_POST_2010.txt,https://static.nhtsa.gov/odi/ffdd/rcl/FLAT_RCL_POST_2010.zip,Flat-file field POTAFF
22V063000,MODEL Y,2021,Potential_Units_Affected,578607,reported,FLAT_RCL_POST_2010.zip::FLAT_RCL_POST_2010.txt,https://static.nhtsa.gov/odi/ffdd/rcl/FLAT_RCL_POST_2010.zip,Flat-file field POTAFF
22V063000,MODEL 3,2021,Potential_Units_Affected,578607,reported,FLAT_RCL_POST_2010.zip::FLAT_RCL_POST_2010.txt,https://static.nhtsa.gov/odi/ffdd/rcl/FLAT_RCL_POST_2010.zip,Flat-file field POTAFF
22V063000,MODEL 3,2021,Potential_Units_Affected,578607,reported,FLAT_RCL_POST_2010.zip::FLAT_RCL_POST_2010.txt,https://static.nhtsa.gov/odi/ffdd/rcl/FLAT_RCL_POST_2010.zip,Flat-file field POTAFF
22V063000,MODEL X,2021,Potential_Units_Affected,578607,reported,FLAT_RCL_POST_2010.zip::FLAT_RCL_POST_2010.txt,https://static.nhtsa.gov/odi/ffdd/rcl/FLAT_RCL_POST_2010.zip,Flat-file field POTAFF
22V063000,MODEL X,2021,Potential_Units_Affected,578607,reported,FLAT_RCL_POST_2010.zip::FLAT_RCL_POST_2010.txt,https://static.nhtsa.gov/odi/ffdd/rcl/FLAT_RCL_POST_2010.zip,Flat-file field POTAFF
22V063000,MODEL Y,2022,Potential_Units_Affected,578607,reported,FLAT_RCL_POST_2010.zip::FLAT_RCL_POST_2010.txt,https://static.nhtsa.gov/odi/ffdd/rcl/FLAT_RCL_POST_2010.zip,Flat-file field POTAFF
22V063000,MODEL Y,2022,Potential_Units_Affected,578607,reported,FLAT_RCL_POST_2010.zip::FLAT_RCL_POST_2010.txt,https://static.nhtsa.gov/odi/ffdd/rcl/FLAT_RCL_POST_2010.zip,Flat-file field POTAFF
22V063000,MODEL 3,2022,Potential_Units_Affected,578607,reported,FLAT_RCL_POST_2010.zip::FLAT_RCL_POST_2010.txt,https://static.nhtsa.gov/odi/ffdd/rcl/FLAT_RCL_POST_2010.zip,Flat-file field POTAFF
22V063000,MODEL 3,2022,Potential_Units_Affected,578607,reported,FLAT_RCL_POST_2010.zip::FLAT_RCL_POST_2010.txt,https://static.nhtsa.gov/odi/ffdd/rcl/FLAT_RCL_POST_2010.zip,Flat-file field POTAFF
22V063000,MODEL S,2022,Potential_Units_Affected,578607,reported,FLAT_RCL_POST_2010.zip::FLAT_RCL_POST_2010.txt,https://static.nhtsa.gov/odi/ffdd/rcl/FLAT_RCL_POST_2010.zip,Flat-file field POTAFF
22V063000,MODEL S,2022,Potential_Units_Affected,578607,reported,FLAT_RCL_POST_2010.zip::FLAT_RCL_POST_2010.txt,https://static.nhtsa.gov/odi/ffdd/rcl/FLAT_RCL_POST_2010.zip,Flat-file field POTAFF
22V063000,MODEL X,2022,Potential_Units_Affected,578607,reported,FLAT_RCL_POST_2010.zip::FLAT_RCL_POST_2010.txt,https://static.nhtsa.gov/odi/ffdd/rcl/FLAT_RCL_POST_2010.zip,Flat-file field POTAFF
22V063000,MODEL X,2022,Potential_Units_Affected,578607,reported,FLAT_RCL_POST_2010.zip::FLAT_RCL_POST_2010.txt,https://static.nhtsa.gov/odi/ffdd/rcl/FLAT_RCL_POST_2010.zip,Flat-file field POTAFF
22V169000,MODEL 3,2017,Potential_Units_Affected,947,reported,FLAT_RCL_POST_2010.zip::FLAT_RCL_POST_2010.txt,https://static.nhtsa.gov/odi/ffdd/rcl/FLAT_RCL_POST_2010.zip,Flat-file field POTAFF
22V169000,MODEL X,2018,Potential_Units_Affected,947,reported,FLAT_RCL_POST_2010.zip::FLAT_RCL_POST_2010.txt,https://static.nhtsa.gov/odi/ffdd/rcl/FLAT_RCL_POST_2010.zip,Flat-file field POTAFF
22V169000,MODEL 3,2018,Potential_Units_Affected,947,reported,FLAT_RCL_POST_2010.zip::FLAT_RCL_POST_2010.txt,https://static.nhtsa.gov/odi/ffdd/rcl/FLAT_RCL_POST_2010.zip,Flat-file field POTAFF
22V169000,MODEL S,2019,Potential_Units_Affected,947,reported,FLAT_RCL_POST_2010.zip::FLAT_RCL_POST_2010.txt,https://static.nhtsa.gov/odi/ffdd/rcl/FLAT_RCL_POST_2010.zip,Flat-file field POTAFF
22V169000,MODEL X,2019,Potential_Units_Affected,947,reported,FLAT_RCL_POST_2010.zip::FLAT_RCL_POST_2010.txt,https://static.nhtsa.gov/odi/ffdd/rcl/FLAT_RCL_POST_2010.zip,Flat-file field POTAFF
22V169000,MODEL 3,2019,Potential_Units_Affected,947,reported,FLAT_RCL_POST_2010.zip::FLAT_RCL_POST_2010.txt,https://static.nhtsa.gov/odi/ffdd/rcl/FLAT_RCL_POST_2010.zip,Flat-file field POTAFF
22V169000,MODEL 3,2020,Potential_Units_Affected,947,reported,FLAT_RCL_POST_2010.zip::FLAT_RCL_POST_2010.txt,https://static.nhtsa.gov/odi/ffdd/rcl/FLAT_RCL_POST_2010.zip,Flat-file field POTAFF
22V264000,MODEL X,2022,Potential_Units_Affected,1,reported,FLAT_RCL_POST_2010.zip::FLAT_RCL_POST_2010.txt,https://static.nhtsa.gov/odi/ffdd/rcl/FLAT_RCL_POST_2010.zip,Flat-file field POTAFF
22V264000,MODEL X,2022,Potential_Units_Affected,1,reported,FLAT_RCL_POST_2010.zip::FLAT_RCL_POST_2010.txt,https://static.nhtsa.gov/odi/ffdd/rcl/FLAT_RCL_POST_2010.zip,Flat-file field POTAFF
22V264000,MODEL X,2022,Potential_Units_Affected,1,reported,FLAT_RCL_POST_2010.zip::FLAT_RCL_POST_2010.txt,https://static.nhtsa.gov/odi/ffdd/rcl/FLAT_RCL_POST_2010.zip,Flat-file field POTAFF
22V264000,MODEL X,2022,Potential_Units_Affected,1,reported,FLAT_RCL_POST_2010.zip::FLAT_RCL_POST_2010.txt,https://static.nhtsa.gov/odi/ffdd/rcl/FLAT_RCL_POST_2010.zip,Flat-file field POTAFF
22V317000,MODEL Y,2021,Potential_Units_Affected,7,reported,FLAT_RCL_POST_2010.zip::FLAT_RCL_POST_2010.txt,https://static.nhtsa.gov/odi/ffdd/rcl/FLAT_RCL_POST_2010.zip,Flat-file field POTAFF
22V317000,MODEL Y,2021,Potential_Units_Affected,7,reported,FLAT_RCL_POST_2010.zip::FLAT_RCL_POST_2010.txt,https://static.nhtsa.gov/odi/ffdd/rcl/FLAT_RCL_POST_2010.zip,Flat-file field POTAFF
22V317000,MODEL Y,2021,Potential_Units_Affected,7,reported,FLAT_RCL_POST_2010.zip::FLAT_RCL_POST_2010.txt,https://static.nhtsa.gov/odi/ffdd/rcl/FLAT_RCL_POST_2010.zip,Flat-file field POTAFF
22V317000,MODEL Y,2021,Potential_Units_Affected,7,reported,FLAT_RCL_POST_2010.zip::FLAT_RCL_POST_2010.txt,https://static.nhtsa.gov/odi/ffdd/rcl/FLAT_RCL_POST_2010.zip,Flat-file field POTAFF
22V317000,MODEL Y,2021,Potential_Units_Affected,7,reported,FLAT_RCL_POST_2010.zip::FLAT_RCL_POST_2010.txt,https://static.nhtsa.gov/odi/ffdd/rcl/FLAT_RCL_POST_2010.zip,Flat-file field POTAFF
22V317000,MODEL Y,2021,Potential_Units_Affected,7,reported,FLAT_RCL_POST_2010.zip::FLAT_RCL_POST_2010.txt,https://static.nhtsa.gov/odi/ffdd/rcl/FLAT_RCL_POST_2010.zip,Flat-file field POTAFF
22V317000,MODEL 3,2021,Potential_Units_Affected,7,reported,FLAT_RCL_POST_2010.zip::FLAT_RCL_POST_2010.txt,https://static.nhtsa.gov/odi/ffdd/rcl/FLAT_RCL_POST_2010.zip,Flat-file field POTAFF
22V317000,MODEL 3,2021,Potential_Units_Affected,7,reported,FLAT_RCL_POST_2010.zip::FLAT_RCL_POST_2010.txt,https://static.nhtsa.gov/odi/ffdd/rcl/FLAT_RCL_POST_2010.zip,Flat-file field POTAFF
22V317000,MODEL 3,2021,Potential_Units_Affected,7,reported,FLAT_RCL_POST_2010.zip::FLAT_RCL_POST_2010.txt,https://static.nhtsa.gov/odi/ffdd/rcl/FLAT_RCL_POST_2010.zip,Flat-file field POTAFF
22V317000,MODEL 3,2021,Potential_Units_Affected,7,reported,FLAT_RCL_POST_2010.zip::FLAT_RCL_POST_2010.txt,https://static.nhtsa.gov/odi/ffdd/rcl/FLAT_RCL_POST_2010.zip,Flat-file field POTAFF
22V317000,MODEL 3,2021,Potential_Units_Affected,7,reported,FLAT_RCL_POST_2010.zip::FLAT_RCL_POST_2010.txt,https://static.nhtsa.gov/odi/ffdd/rcl/FLAT_RCL_POST_2010.zip,Flat-file field POTAFF
22V317000,MODEL 3,2021,Potential_Units_Affected,7,reported,FLAT_RCL_POST_2010.zip::FLAT_RCL_POST_2010.txt,https://static.nhtsa.gov/odi/ffdd/rcl/FLAT_RCL_POST_2010.zip,Flat-file field POTAFF
22V798000,MODEL 3,2017,Potential_Units_Affected,24064,reported,FLAT_RCL_POST_2010.zip::FLAT_RCL_POST_2010.txt,https://static.nhtsa.gov/odi/ffdd/rcl/FLAT_RCL_POST_2010.zip,Flat-file field POTAFF
22V798000,MODEL 3,2018,Potential_Units_Affected,24064,reported,FLAT_RCL_POST_2010.zip::FLAT_RCL_POST_2010.txt,https://static.nhtsa.gov/odi/ffdd/rcl/FLAT_RCL_POST_2010.zip,Flat-file field POTAFF
22V798000,MODEL 3,2019,Potential_Units_Affected,24064,reported,FLAT_RCL_POST_2010.zip::FLAT_RCL_POST_2010.txt,https://static.nhtsa.gov/odi/ffdd/rcl/FLAT_RCL_POST_2010.zip,Flat-file field POTAFF
22V798000,MODEL 3,2020,Potential_Units_Affected,24064,reported,FLAT_RCL_POST_2010.zip::FLAT_RCL_POST_2010.txt,https://static.nhtsa.gov/odi/ffdd/rcl/FLAT_RCL_POST_2010.zip,Flat-file field POTAFF
22V798000,MODEL 3,2021,Potential_Units_Affected,24064,reported,FLAT_RCL_POST_2010.zip::FLAT_RCL_POST_2010.txt,https://static.nhtsa.gov/odi/ffdd/rcl/FLAT_RCL_POST_2010.zip,Flat-file field POTAFF
22V798000,MODEL 3,2022,Potential_Units_Affected,24064,reported,FLAT_RCL_POST_2010.zip::FLAT_RCL_POST_2010.txt,https://static.nhtsa.gov/odi/ffdd/rcl/FLAT_RCL_POST_2010.zip,Flat-file field POTAFF
22V818000,MODEL S,2017,Potential_Units_Affected,40168,reported,FLAT_RCL_POST_2010.zip::FLAT_RCL_POST_2010.txt,https://static.nhtsa.gov/odi/ffdd/rcl/FLAT_RCL_POST_2010.zip,Flat-file field POTAFF
22V818000,MODEL X,2017,Potential_Units_Affected,40168,reported,FLAT_RCL_POST_2010.zip::FLAT_RCL_POST_2010.txt,https://static.nhtsa.gov/odi/ffdd/rcl/FLAT_RCL_POST_2010.zip,Flat-file field POTAFF
22V818000,MODEL S,2018,Potential_Units_Affected,40168,reported,FLAT_RCL_POST_2010.zip::FLAT_RCL_POST_2010.txt,https://static.nhtsa.gov/odi/ffdd/rcl/FLAT_RCL_POST_2010.zip,Flat-file field POTAFF
22V818000,MODEL X,2018,Potential_Units_Affected,40168,reported,FLAT_RCL_POST_2010.zip::FLAT_RCL_POST_2010.txt,https://static.nhtsa.gov/odi/ffdd/rcl/FLAT_RCL_POST_2010.zip,Flat-file field POTAFF
22V818000,MODEL S,2019,Potential_Units_Affected,40168,reported,FLAT_RCL_POST_2010.zip::FLAT_RCL_POST_2010.txt,https://static.nhtsa.gov/odi/ffdd/rcl/FLAT_RCL_POST_2010.zip,Flat-file field POTAFF
22V818000,MODEL X,2019,Potential_Units_Affected,40168,reported,FLAT_RCL_POST_2010.zip::FLAT_RCL_POST_2010.txt,https://static.nhtsa.gov/odi/ffdd/rcl/FLAT_RCL_POST_2010.zip,Flat-file field POTAFF
22V818000,MODEL X,2020,Potential_Units_Affected,40168,reported,FLAT_RCL_POST_2010.zip::FLAT_RCL_POST_2010.txt,https://static.nhtsa.gov/odi/ffdd/rcl/FLAT_RCL_POST_2010.zip,Flat-file field POTAFF
22V818000,MODEL S,2020,Potential_Units_Affected,40168,reported,FLAT_RCL_POST_2010.zip::FLAT_RCL_POST_2010.txt,https://static.nhtsa.gov/odi/ffdd/rcl/FLAT_RCL_POST_2010.zip,Flat-file field POTAFF
22V818000,MODEL S,2021,Potential_Units_Affected,40168,reported,FLAT_RCL_POST_2010.zip::FLAT_RCL_POST_2010.txt,https://static.nhtsa.gov/odi/ffdd/rcl/FLAT_RCL_POST_2010.zip,Flat-file field POTAFF
22V818000,MODEL X,2021,Potential_Units_Affected,40168,reported,FLAT_RCL_POST_2010.zip::FLAT_RCL_POST_2010.txt,https://static.nhtsa.gov/odi/ffdd/rcl/FLAT_RCL_POST_2010.zip,Flat-file field POTAFF
22V895000,MODEL Y,2023,Potential_Units_Affected,26,reported,FLAT_RCL_POST_2010.zip::FLAT_RCL_POST_2010.txt,https://static.nhtsa.gov/odi/ffdd/rcl/FLAT_RCL_POST_2010.zip,Flat-file field POTAFF
22V233000,MODEL X,2021,Potential_Units_Affected,7289,reported,FLAT_RCL_POST_2010.zip::FLAT_RCL_POST_2010.txt,https://static.nhtsa.gov/odi/ffdd/rcl/FLAT_RCL_POST_2010.zip,Flat-file field POTAFF
22V233000,MODEL X,2021,Potential_Units_Affected,7289,reported,FLAT_RCL_POST_2010.zip::FLAT_RCL_POST_2010.txt,https://static.nhtsa.gov/odi/ffdd/rcl/FLAT_RCL_POST_2010.zip,Flat-file field POTAFF
22V233000,MODEL X,2022,Potential_Units_Affected,7289,reported,FLAT_RCL_POST_2010.zip::FLAT_RCL_POST_2010.txt,https://static.nhtsa.gov/odi/ffdd/rcl/FLAT_RCL_POST_2010.zip,Flat-file field POTAFF
22V233000,MODEL X,2022,Potential_Units_Affected,7289,reported,FLAT_RCL_POST_2010.zip::FLAT_RCL_POST_2010.txt,https://static.nhtsa.gov/odi/ffdd/rcl/FLAT_RCL_POST_2010.zip,Flat-file field POTAFF
22V050000,MODEL S,2021,Potential_Units_Affected,26681,reported,FLAT_RCL_POST_2010.zip::FLAT_RCL_POST_2010.txt,https://static.nhtsa.gov/odi/ffdd/rcl/FLAT_RCL_POST_2010.zip,Flat-file field POTAFF
22V050000,MODEL S,2021,Potential_Units_Affected,26681,reported,FLAT_RCL_POST_2010.zip::FLAT_RCL_POST_2010.txt,https://static.nhtsa.gov/odi/ffdd/rcl/FLAT_RCL_POST_2010.zip,Flat-file field POTAFF
22V050000,MODEL Y,2021,Potential_Units_Affected,26681,reported,FLAT_RCL_POST_2010.zip::FLAT_RCL_POST_2010.txt,https://static.nhtsa.gov/odi/ffdd/rcl/FLAT_RCL_POST_2010.zip,Flat-file field POTAFF
22V050000,MODEL Y,2021,Potential_Units_Affected,26681,reported,FLAT_RCL_POST_2010.zip::FLAT_RCL_POST_2010.txt,https://static.nhtsa.gov/odi/ffdd/rcl/FLAT_RCL_POST_2010.zip,Flat-file field POTAFF
22V050000,MODEL 3,2021,Potential_Units_Affected,26681,reported,FLAT_RCL_POST_2010.zip::FLAT_RCL_POST_2010.txt,https://static.nhtsa.gov/odi/ffdd/rcl/FLAT_RCL_POST_2010.zip,Flat-file field POTAFF
22V050000,MODEL 3,2021,Potential_Units_Affected,26681,reported,FLAT_RCL_POST_2010.zip::FLAT_RCL_POST_2010.txt,https://static.nhtsa.gov/odi/ffdd/rcl/FLAT_RCL_POST_2010.zip,Flat-file field POTAFF
22V050000,MODEL X,2021,Potential_Units_Affected,26681,reported,FLAT_RCL_POST_2010.zip::FLAT_RCL_POST_2010.txt,https://static.nhtsa.gov/odi/ffdd/rcl/FLAT_RCL_POST_2010.zip,Flat-file field POTAFF
22V050000,MODEL X,2021,Potential_Units_Affected,26681,reported,FLAT_RCL_POST_2010.zip::FLAT_RCL_POST_2010.txt,https://static.nhtsa.gov/odi/ffdd/rcl/FLAT_RCL_POST_2010.zip,Flat-file field POTAFF
22V050000,MODEL Y,2022,Potential_Units_Affected,26681,reported,FLAT_RCL_POST_2010.zip::FLAT_RCL_POST_2010.txt,https://static.nhtsa.gov/odi/ffdd/rcl/FLAT_RCL_POST_2010.zip,Flat-file field POTAFF
22V050000,MODEL Y,2022,Potential_Units_Affected,26681,reported,FLAT_RCL_POST_2010.zip::FLAT_RCL_POST_2010.txt,https://static.nhtsa.gov/odi/ffdd/rcl/FLAT_RCL_POST_2010.zip,Flat-file field POTAFF
22V050000,MODEL 3,2022,Potential_Units_Affected,26681,reported,FLAT_RCL_POST_2010.zip::FLAT_RCL_POST_2010.txt,https://static.nhtsa.gov/odi/ffdd/rcl/FLAT_RCL_POST_2010.zip,Flat-file field POTAFF
22V050000,MODEL 3,2022,Potential_Units_Affected,26681,reported,FLAT_RCL_POST_2010.zip::FLAT_RCL_POST_2010.txt,https://static.nhtsa.gov/odi/ffdd/rcl/FLAT_RCL_POST_2010.zip,Flat-file field POTAFF
22V050000,MODEL S,2022,Potential_Units_Affected,26681,reported,FLAT_RCL_POST_2010.zip::FLAT_RCL_POST_2010.txt,https://static.nhtsa.gov/odi/ffdd/rcl/FLAT_RCL_POST_2010.zip,Flat-file field POTAFF
22V050000,MODEL S,2022,Potential_Units_Affected,26681,reported,FLAT_RCL_POST_2010.zip::FLAT_RCL_POST_2010.txt,https://static.nhtsa.gov/odi/ffdd/rcl/FLAT_RCL_POST_2010.zip,Flat-file field POTAFF
22V050000,MODEL X,2022,Potential_Units_Affected,26681,reported,FLAT_RCL_POST_2010.zip::FLAT_RCL_POST_2010.txt,https://static.nhtsa.gov/odi/ffdd/rcl/FLAT_RCL_POST_2010.zip,Flat-file field POTAFF
22V050000,MODEL X,2022,Potential_Units_Affected,26681,reported,FLAT_RCL_POST_2010.zip::FLAT_RCL_POST_2010.txt,https://static.nhtsa.gov/odi/ffdd/rcl/FLAT_RCL_POST_2010.zip,Flat-file field POTAFF
22V050000,MODEL Y,2020,Potential_Units_Affected,26681,reported,FLAT_RCL_POST_2010.zip::FLAT_RCL_POST_2010.txt,https://static.nhtsa.gov/odi/ffdd/rcl/FLAT_RCL_POST_2010.zip,Flat-file field POTAFF
22V050000,MODEL Y,2020,Potential_Units_Affected,26681,reported,FLAT_RCL_POST_2010.zip::FLAT_RCL_POST_2010.txt,https://static.nhtsa.gov/odi/ffdd/rcl/FLAT_RCL_POST_2010.zip,Flat-file field POTAFF
22V702000,MODEL 3,2017,Potential_Units_Affected,1096762,reported,FLAT_RCL_POST_2010.zip::FLAT_RCL_POST_2010.txt,https://static.nhtsa.gov/odi/ffdd/rcl/FLAT_RCL_POST_2010.zip,Flat-file field POTAFF
22V702000,MODEL 3,2018,Potential_Units_Affected,1096762,reported,FLAT_RCL_POST_2010.zip::FLAT_RCL_POST_2010.txt,https://static.nhtsa.gov/odi/ffdd/rcl/FLAT_RCL_POST_2010.zip,Flat-file field POTAFF
22V702000,MODEL 3,2019,Potential_Units_Affected,1096762,reported,FLAT_RCL_POST_2010.zip::FLAT_RCL_POST_2010.txt,https://static.nhtsa.gov/odi/ffdd/rcl/FLAT_RCL_POST_2010.zip,Flat-file field POTAFF
22V702000,MODEL 3,2020,Potential_Units_Affected,1096762,reported,FLAT_RCL_POST_2010.zip::FLAT_RCL_POST_2010.txt,https://static.nhtsa.gov/odi/ffdd/rcl/FLAT_RCL_POST_2010.zip,Flat-file field POTAFF
22V702000,MODEL Y,2020,Potential_Units_Affected,1096762,reported,FLAT_RCL_POST_2010.zip::FLAT_RCL_POST_2010.txt,https://static.nhtsa.gov/odi/ffdd/rcl/FLAT_RCL_POST_2010.zip,Flat-file field POTAFF
22V702000,MODEL S,2021,Potential_Units_Affected,1096762,reported,FLAT_RCL_POST_2010.zip::FLAT_RCL_POST_2010.txt,https://static.nhtsa.gov/odi/ffdd/rcl/FLAT_RCL_POST_2010.zip,Flat-file field POTAFF
22V702000,MODEL Y,2021,Potential_Units_Affected,1096762,reported,FLAT_RCL_POST_2010.zip::FLAT_RCL_POST_2010.txt,https://static.nhtsa.gov/odi/ffdd/rcl/FLAT_RCL_POST_2010.zip,Flat-file field POTAFF
22V702000,MODEL 3,2021,Potential_Units_Affected,1096762,reported,FLAT_RCL_POST_2010.zip::FLAT_RCL_POST_2010.txt,https://static.nhtsa.gov/odi/ffdd/rcl/FLAT_RCL_POST_2010.zip,Flat-file field POTAFF
22V702000,MODEL X,2021,Potential_Units_Affected,1096762,reported,FLAT_RCL_POST_2010.zip::FLAT_RCL_POST_2010.txt,https://static.nhtsa.gov/odi/ffdd/rcl/FLAT_RCL_POST_2010.zip,Flat-file field POTAFF
22V702000,MODEL 3,2022,Potential_Units_Affected,1096762,reported,FLAT_RCL_POST_2010.zip::FLAT_RCL_POST_2010.txt,https://static.nhtsa.gov/odi/ffdd/rcl/FLAT_RCL_POST_2010.zip,Flat-file field POTAFF
22V702000,MODEL S,2022,Potential_Units_Affected,1096762,reported,FLAT_RCL_POST_2010.zip::FLAT_RCL_POST_2010.txt,https://static.nhtsa.gov/odi/ffdd/rcl/FLAT_RCL_POST_2010.zip,Flat-file field POTAFF
22V702000,MODEL X,2022,Potential_Units_Affected,1096762,reported,FLAT_RCL_POST_2010.zip::FLAT_RCL_POST_2010.txt,https://static.nhtsa.gov/odi/ffdd/rcl/FLAT_RCL_POST_2010.zip,Flat-file field POTAFF
22V702000,MODEL Y,2022,Potential_Units_Affected,1096762,reported,FLAT_RCL_POST_2010.zip::FLAT_RCL_POST_2010.txt,https://static.nhtsa.gov/odi/ffdd/rcl/FLAT_RCL_POST_2010.zip,Flat-file field POTAFF
22E092000,MODEL S,2021,Potential_Units_Affected,53,reported,FLAT_RCL_POST_2010.zip::FLAT_RCL_POST_2010.txt,https://static.nhtsa.gov/odi/ffdd/rcl/FLAT_RCL_POST_2010.zip,Flat-file field POTAFF
22E092000,MODEL S,2021,Potential_Units_Affected,53,reported,FLAT_RCL_POST_2010.zip::FLAT_RCL_POST_2010.txt,https://static.nhtsa.gov/odi/ffdd/rcl/FLAT_RCL_POST_2010.zip,Flat-file field POTAFF
22E092000,REARVIEW MIRROR,9999,Potential_Units_Affected,53,reported,FLAT_RCL_POST_2010.zip::FLAT_RCL_POST_2010.txt,https://static.nhtsa.gov/odi/ffdd/rcl/FLAT_RCL_POST_2010.zip,Flat-file field POTAFF
22E092000,REARVIEW MIRROR,9999,Potential_Units_Affected,53,reported,FLAT_RCL_POST_2010.zip::FLAT_RCL_POST_2010.txt,https://static.nhtsa.gov/odi/ffdd/rcl/FLAT_RCL_POST_2010.zip,Flat-file field POTAFF
22V844000,MODEL Y,2022,Potential_Units_Affected,321628,reported,FLAT_RCL_POST_2010.zip::FLAT_RCL_POST_2010.txt,https://static.nhtsa.gov/odi/ffdd/rcl/FLAT_RCL_POST_2010.zip,Flat-file field POTAFF
22V844000,MODEL 3,2023,Potential_Units_Affected,321628,reported,FLAT_RCL_POST_2010.zip::FLAT_RCL_POST_2010.txt,https://static.nhtsa.gov/odi/ffdd/rcl/FLAT_RCL_POST_2010.zip,Flat-file field POTAFF
22V843000,MODEL X,2021,Potential_Units_Affected,29348,reported,FLAT_RCL_POST_2010.zip::FLAT_RCL_POST_2010.txt,https://static.nhtsa.gov/odi/ffdd/rcl/FLAT_RCL_POST_2010.zip,Flat-file field POTAFF
22V843000,MODEL X,2021,Potential_Units_Affected,29348,reported,FLAT_RCL_POST_2010.zip::FLAT_RCL_POST_2010.txt,https://static.nhtsa.gov/odi/ffdd/rcl/FLAT_RCL_POST_2010.zip,Flat-file field POTAFF
22V843000,MODEL X,2022,Potential_Units_Affected,29348,reported,FLAT_RCL_POST_2010.zip::FLAT_RCL_POST_2010.txt,https://static.nhtsa.gov/odi/ffdd/rcl/FLAT_RCL_POST_2010.zip,Flat-file field POTAFF
22V843000,MODEL X,2022,Potential_Units_Affected,29348,reported,FLAT_RCL_POST_2010.zip::FLAT_RCL_POST_2010.txt,https://static.nhtsa.gov/odi/ffdd/rcl/FLAT_RCL_POST_2010.zip,Flat-file field POTAFF
22V843000,MODEL X,2023,Potential_Units_Affected,29348,reported,FLAT_RCL_POST_2010.zip::FLAT_RCL_POST_2010.txt,https://static.nhtsa.gov/odi/ffdd/rcl/FLAT_RCL_POST_2010.zip,Flat-file field POTAFF
22V843000,MODEL X,2023,Potential_Units_Affected,29348,reported,FLAT_RCL_POST_2010.zip::FLAT_RCL_POST_2010.txt,https://static.nhtsa.gov/odi/ffdd/rcl/FLAT_RCL_POST_2010.zip,Flat-file field POTAFF
22V844000,MODEL Y,2020,Potential_Units_Affected,321628,reported,FLAT_RCL_POST_2010.zip::FLAT_RCL_POST_2010.txt,https://static.nhtsa.gov/odi/ffdd/rcl/FLAT_RCL_POST_2010.zip,Flat-file field POTAFF
22V844000,MODEL Y,2021,Potential_Units_Affected,321628,reported,FLAT_RCL_POST_2010.zip::FLAT_RCL_POST_2010.txt,https://static.nhtsa.gov/odi/ffdd/rcl/FLAT_RCL_POST_2010.zip,Flat-file field POTAFF
22V844000,MODEL Y,2023,Potential_Units_Affected,321628,reported,FLAT_RCL_POST_2010.zip::FLAT_RCL_POST_2010.txt,https://static.nhtsa.gov/odi/ffdd/rcl/FLAT_RCL_POST_2010.zip,Flat-file field POTAFF
22V526000,MODEL S,2022,Potential_Units_Affected,5,reported,FLAT_RCL_POST_2010.zip::FLAT_RCL_POST_2010.txt,https://static.nhtsa.gov/odi/ffdd/rcl/FLAT_RCL_POST_2010.zip,Flat-file field POTAFF
23V838000,MODEL S,2012,Potential_Units_Affected,2031220,reported,FLAT_RCL_POST_2010.zip::FLAT_RCL_POST_2010.txt,https://static.nhtsa.gov/odi/ffdd/rcl/FLAT_RCL_POST_2010.zip,Flat-file field POTAFF
23V838000,MODEL S,2018,Potential_Units_Affected,2031220,reported,FLAT_RCL_POST_2010.zip::FLAT_RCL_POST_2010.txt,https://static.nhtsa.gov/odi/ffdd/rcl/FLAT_RCL_POST_2010.zip,Flat-file field POTAFF
23V838000,MODEL X,2016,Potential_Units_Affected,2031220,reported,FLAT_RCL_POST_2010.zip::FLAT_RCL_POST_2010.txt,https://static.nhtsa.gov/odi/ffdd/rcl/FLAT_RCL_POST_2010.zip,Flat-file field POTAFF
23V838000,MODEL X,2019,Potential_Units_Affected,2031220,reported,FLAT_RCL_POST_2010.zip::FLAT_RCL_POST_2010.txt,https://static.nhtsa.gov/odi/ffdd/rcl/FLAT_RCL_POST_2010.zip,Flat-file field POTAFF
23V838000,MODEL S,2016,Potential_Units_Affected,2031220,reported,FLAT_RCL_POST_2010.zip::FLAT_RCL_POST_2010.txt,https://static.nhtsa.gov/odi/ffdd/rcl/FLAT_RCL_POST_2010.zip,Flat-file field POTAFF
23V838000,MODEL S,2017,Potential_Units_Affected,2031220,reported,FLAT_RCL_POST_2010.zip::FLAT_RCL_POST_2010.txt,https://static.nhtsa.gov/odi/ffdd/rcl/FLAT_RCL_POST_2010.zip,Flat-file field POTAFF
23V838000,MODEL X,2021,Potential_Units_Affected,2031220,reported,FLAT_RCL_POST_2010.zip::FLAT_RCL_POST_2010.txt,https://static.nhtsa.gov/odi/ffdd/rcl/FLAT_RCL_POST_2010.zip,Flat-file field POTAFF
23V838000,MODEL X,2017,Potential_Units_Affected,2031220,reported,FLAT_RCL_POST_2010.zip::FLAT_RCL_POST_2010.txt,https://static.nhtsa.gov/odi/ffdd/rcl/FLAT_RCL_POST_2010.zip,Flat-file field POTAFF
23V838000,MODEL S,2022,Potential_Units_Affected,2031220,reported,FLAT_RCL_POST_2010.zip::FLAT_RCL_POST_2010.txt,https://static.nhtsa.gov/odi/ffdd/rcl/FLAT_RCL_POST_2010.zip,Flat-file field POTAFF
23V838000,MODEL X,2022,Potential_Units_Affected,2031220,reported,FLAT_RCL_POST_2010.zip::FLAT_RCL_POST_2010.txt,https://static.nhtsa.gov/odi/ffdd/rcl/FLAT_RCL_POST_2010.zip,Flat-file field POTAFF
23V838000,MODEL S,2021,Potential_Units_Affected,2031220,reported,FLAT_RCL_POST_2010.zip::FLAT_RCL_POST_2010.txt,https://static.nhtsa.gov/odi/ffdd/rcl/FLAT_RCL_POST_2010.zip,Flat-file field POTAFF
23V838000,MODEL S,2019,Potential_Units_Affected,2031220,reported,FLAT_RCL_POST_2010.zip::FLAT_RCL_POST_2010.txt,https://static.nhtsa.gov/odi/ffdd/rcl/FLAT_RCL_POST_2010.zip,Flat-file field POTAFF
23V838000,MODEL 3,2023,Potential_Units_Affected,2031220,reported,FLAT_RCL_POST_2010.zip::FLAT_RCL_POST_2010.txt,https://static.nhtsa.gov/odi/ffdd/rcl/FLAT_RCL_POST_2010.zip,Flat-file field POTAFF
23V838000,MODEL 3,2019,Potential_Units_Affected,2031220,reported,FLAT_RCL_POST_2010.zip::FLAT_RCL_POST_2010.txt,https://static.nhtsa.gov/odi/ffdd/rcl/FLAT_RCL_POST_2010.zip,Flat-file field POTAFF
23V838000,MODEL 3,2020,Potential_Units_Affected,2031220,reported,FLAT_RCL_POST_2010.zip::FLAT_RCL_POST_2010.txt,https://static.nhtsa.gov/odi/ffdd/rcl/FLAT_RCL_POST_2010.zip,Flat-file field POTAFF
23V838000,MODEL Y,2022,Potential_Units_Affected,2031220,reported,FLAT_RCL_POST_2010.zip::FLAT_RCL_POST_2010.txt,https://static.nhtsa.gov/odi/ffdd/rcl/FLAT_RCL_POST_2010.zip,Flat-file field POTAFF
23V838000,MODEL S,2020,Potential_Units_Affected,2031220,reported,FLAT_RCL_POST_2010.zip::FLAT_RCL_POST_2010.txt,https://static.nhtsa.gov/odi/ffdd/rcl/FLAT_RCL_POST_2010.zip,Flat-file field POTAFF
23V838000,MODEL S,2015,Potential_Units_Affected,2031220,reported,FLAT_RCL_POST_2010.zip::FLAT_RCL_POST_2010.txt,https://static.nhtsa.gov/odi/ffdd/rcl/FLAT_RCL_POST_2010.zip,Flat-file field POTAFF
23V838000,MODEL X,2020,Potential_Units_Affected,2031220,reported,FLAT_RCL_POST_2010.zip::FLAT_RCL_POST_2010.txt,https://static.nhtsa.gov/odi/ffdd/rcl/FLAT_RCL_POST_2010.zip,Flat-file field POTAFF
23V838000,MODEL Y,2020,Potential_Units_Affected,2031220,reported,FLAT_RCL_POST_2010.zip::FLAT_RCL_POST_2010.txt,https://static.nhtsa.gov/odi/ffdd/rcl/FLAT_RCL_POST_2010.zip,Flat-file field POTAFF
23V838000,MODEL X,2018,Potential_Units_Affected,2031220,reported,FLAT_RCL_POST_2010.zip::FLAT_RCL_POST_2010.txt,https://static.nhtsa.gov/odi/ffdd/rcl/FLAT_RCL_POST_2010.zip,Flat-file field POTAFF
23V838000,MODEL 3,2018,Potential_Units_Affected,2031220,reported,FLAT_RCL_POST_2010.zip::FLAT_RCL_POST_2010.txt,https://static.nhtsa.gov/odi/ffdd/rcl/FLAT_RCL_POST_2010.zip,Flat-file field POTAFF
23V838000,MODEL S,2014,Potential_Units_Affected,2031220,reported,FLAT_RCL_POST_2010.zip::FLAT_RCL_POST_2010.txt,https://static.nhtsa.gov/odi/ffdd/rcl/FLAT_RCL_POST_2010.zip,Flat-file field POTAFF
23V838000,MODEL Y,2021,Potential_Units_Affected,2031220,reported,FLAT_RCL_POST_2010.zip::FLAT_RCL_POST_2010.txt,https://static.nhtsa.gov/odi/ffdd/rcl/FLAT_RCL_POST_2010.zip,Flat-file field POTAFF
23V838000,MODEL 3,2021,Potential_Units_Affected,2031220,reported,FLAT_RCL_POST_2010.zip::FLAT_RCL_POST_2010.txt,https://static.nhtsa.gov/odi/ffdd/rcl/FLAT_RCL_POST_2010.zip,Flat-file field POTAFF
23V838000,MODEL S,2023,Potential_Units_Affected,2031220,reported,FLAT_RCL_POST_2010.zip::FLAT_RCL_POST_2010.txt,https://static.nhtsa.gov/odi/ffdd/rcl/FLAT_RCL_POST_2010.zip,Flat-file field POTAFF
23V838000,MODEL 3,2017,Potential_Units_Affected,2031220,reported,FLAT_RCL_POST_2010.zip::FLAT_RCL_POST_2010.txt,https://static.nhtsa.gov/odi/ffdd/rcl/FLAT_RCL_POST_2010.zip,Flat-file field POTAFF
23V838000,MODEL X,2023,Potential_Units_Affected,2031220,reported,FLAT_RCL_POST_2010.zip::FLAT_RCL_POST_2010.txt,https://static.nhtsa.gov/odi/ffdd/rcl/FLAT_RCL_POST_2010.zip,Flat-file field POTAFF
23V838000,MODEL Y,2023,Potential_Units_Affected,2031220,reported,FLAT_RCL_POST_2010.zip::FLAT_RCL_POST_2010.txt,https://static.nhtsa.gov/odi/ffdd/rcl/FLAT_RCL_POST_2010.zip,Flat-file field POTAFF
23V838000,MODEL 3,2022,Potential_Units_Affected,2031220,reported,FLAT_RCL_POST_2010.zip::FLAT_RCL_POST_2010.txt,https://static.nhtsa.gov/odi/ffdd/rcl/FLAT_RCL_POST_2010.zip,Flat-file field POTAFF
23V838000,MODEL S,2013,Potential_Units_Affected,2031220,reported,FLAT_RCL_POST_2010.zip::FLAT_RCL_POST_2010.txt,https://static.nhtsa.gov/odi/ffdd/rcl/FLAT_RCL_POST_2010.zip,Flat-file field POTAFF
23V130000,MODEL Y,2022,Potential_Units_Affected,3470,reported,FLAT_RCL_POST_2010.zip::FLAT_RCL_POST_2010.txt,https://static.nhtsa.gov/odi/ffdd/rcl/FLAT_RCL_POST_2010.zip,Flat-file field POTAFF
23V130000,MODEL Y,2022,Potential_Units_Affected,3470,reported,FLAT_RCL_POST_2010.zip::FLAT_RCL_POST_2010.txt,https://static.nhtsa.gov/odi/ffdd/rcl/FLAT_RCL_POST_2010.zip,Flat-file field POTAFF
23V130000,MODEL Y,2023,Potential_Units_Affected,3470,reported,FLAT_RCL_POST_2010.zip::FLAT_RCL_POST_2010.txt,https://static.nhtsa.gov/odi/ffdd/rcl/FLAT_RCL_POST_2010.zip,Flat-file field POTAFF
23V130000,MODEL Y,2023,Potential_Units_Affected,3470,reported,FLAT_RCL_POST_2010.zip::FLAT_RCL_POST_2010.txt,https://static.nhtsa.gov/odi/ffdd/rcl/FLAT_RCL_POST_2010.zip,Flat-file field POTAFF
23V244000,MODEL X,2023,Potential_Units_Affected,38,reported,FLAT_RCL_POST_2010.zip::FLAT_RCL_POST_2010.txt,https://static.nhtsa.gov/odi/ffdd/rcl/FLAT_RCL_POST_2010.zip,Flat-file field POTAFF
23V743000,MODEL S,2024,Potential_Units_Affected,194,reported,FLAT_RCL_POST_2010.zip::FLAT_RCL_POST_2010.txt,https://static.nhtsa.gov/odi/ffdd/rcl/FLAT_RCL_POST_2010.zip,Flat-file field POTAFF
23V743000,MODEL S,2024,Potential_Units_Affected,194,reported,FLAT_RCL_POST_2010.zip::FLAT_RCL_POST_2010.txt,https://static.nhtsa.gov/odi/ffdd/rcl/FLAT_RCL_POST_2010.zip,Flat-file field POTAFF
23V743000,MODEL X,2024,Potential_Units_Affected,194,reported,FLAT_RCL_POST_2010.zip::FLAT_RCL_POST_2010.txt,https://static.nhtsa.gov/odi/ffdd/rcl/FLAT_RCL_POST_2010.zip,Flat-file field POTAFF
23V743000,MODEL X,2024,Potential_Units_Affected,194,reported,FLAT_RCL_POST_2010.zip::FLAT_RCL_POST_2010.txt,https://static.nhtsa.gov/odi/ffdd/rcl/FLAT_RCL_POST_2010.zip,Flat-file field POTAFF
23V743000,MODEL S,2021,Potential_Units_Affected,194,reported,FLAT_RCL_POST_2010.zip::FLAT_RCL_POST_2010.txt,https://static.nhtsa.gov/odi/ffdd/rcl/FLAT_RCL_POST_2010.zip,Flat-file field POTAFF
23V743000,MODEL S,2021,Potential_Units_Affected,194,reported,FLAT_RCL_POST_2010.zip::FLAT_RCL_POST_2010.txt,https://static.nhtsa.gov/odi/ffdd/rcl/FLAT_RCL_POST_2010.zip,Flat-file field POTAFF
23V743000,MODEL S,2023,Potential_Units_Affected,194,reported,FLAT_RCL_POST_2010.zip::FLAT_RCL_POST_2010.txt,https://static.nhtsa.gov/odi/ffdd/rcl/FLAT_RCL_POST_2010.zip,Flat-file field POTAFF
23V743000,MODEL S,2023,Potential_Units_Affected,194,reported,FLAT_RCL_POST_2010.zip::FLAT_RCL_POST_2010.txt,https://static.nhtsa.gov/odi/ffdd/rcl/FLAT_RCL_POST_2010.zip,Flat-file field POTAFF
23V743000,MODEL X,2023,Potential_Units_Affected,194,reported,FLAT_RCL_POST_2010.zip::FLAT_RCL_POST_2010.txt,https://static.nhtsa.gov/odi/ffdd/rcl/FLAT_RCL_POST_2010.zip,Flat-file field POTAFF
23V743000,MODEL X,2023,Potential_Units_Affected,194,reported,FLAT_RCL_POST_2010.zip::FLAT_RCL_POST_2010.txt,https://static.nhtsa.gov/odi/ffdd/rcl/FLAT_RCL_POST_2010.zip,Flat-file field POTAFF
23V743000,MODEL X,2022,Potential_Units_Affected,194,reported,FLAT_RCL_POST_2010.zip::FLAT_RCL_POST_2010.txt,https://static.nhtsa.gov/odi/ffdd/rcl/FLAT_RCL_POST_2010.zip,Flat-file field POTAFF
23V743000,MODEL X,2022,Potential_Units_Affected,194,reported,FLAT_RCL_POST_2010.zip::FLAT_RCL_POST_2010.txt,https://static.nhtsa.gov/odi/ffdd/rcl/FLAT_RCL_POST_2010.zip,Flat-file field POTAFF
23V743000,MODEL S,2022,Potential_Units_Affected,194,reported,FLAT_RCL_POST_2010.zip::FLAT_RCL_POST_2010.txt,https://static.nhtsa.gov/odi/ffdd/rcl/FLAT_RCL_POST_2010.zip,Flat-file field POTAFF
23V743000,MODEL S,2022,Potential_Units_Affected,194,reported,FLAT_RCL_POST_2010.zip::FLAT_RCL_POST_2010.txt,https://static.nhtsa.gov/odi/ffdd/rcl/FLAT_RCL_POST_2010.zip,Flat-file field POTAFF
23V743000,MODEL X,2021,Potential_Units_Affected,194,reported,FLAT_RCL_POST_2010.zip::FLAT_RCL_POST_2010.txt,https://static.nhtsa.gov/odi/ffdd/rcl/FLAT_RCL_POST_2010.zip,Flat-file field POTAFF
23V743000,MODEL X,2021,Potential_Units_Affected,194,reported,FLAT_RCL_POST_2010.zip::FLAT_RCL_POST_2010.txt,https://static.nhtsa.gov/odi/ffdd/rcl/FLAT_RCL_POST_2010.zip,Flat-file field POTAFF
23V385000,MODEL Y,2023,Potential_Units_Affected,137,reported,FLAT_RCL_POST_2010.zip::FLAT_RCL_POST_2010.txt,https://static.nhtsa.gov/odi/ffdd/rcl/FLAT_RCL_POST_2010.zip,Flat-file field POTAFF
23V385000,MODEL Y,2023,Potential_Units_Affected,137,reported,FLAT_RCL_POST_2010.zip::FLAT_RCL_POST_2010.txt,https://static.nhtsa.gov/odi/ffdd/rcl/FLAT_RCL_POST_2010.zip,Flat-file field POTAFF
23V385000,MODEL Y,2022,Potential_Units_Affected,137,reported,FLAT_RCL_POST_2010.zip::FLAT_RCL_POST_2010.txt,https://static.nhtsa.gov/odi/ffdd/rcl/FLAT_RCL_POST_2010.zip,Flat-file field POTAFF
23V385000,MODEL Y,2022,Potential_Units_Affected,137,reported,FLAT_RCL_POST_2010.zip::FLAT_RCL_POST_2010.txt,https://static.nhtsa.gov/odi/ffdd/rcl/FLAT_RCL_POST_2010.zip,Flat-file field POTAFF
23V488000,MODEL S,2021,Potential_Units_Affected,15869,reported,FLAT_RCL_POST_2010.zip::FLAT_RCL_POST_2010.txt,https://static.nhtsa.gov/odi/ffdd/rcl/FLAT_RCL_POST_2010.zip,Flat-file field POTAFF
23V488000,MODEL S,2021,Potential_Units_Affected,15869,reported,FLAT_RCL_POST_2010.zip::FLAT_RCL_POST_2010.txt,https://static.nhtsa.gov/odi/ffdd/rcl/FLAT_RCL_POST_2010.zip,Flat-file field POTAFF
23V488000,MODEL S,2021,Potential_Units_Affected,15869,reported,FLAT_RCL_POST_2010.zip::FLAT_RCL_POST_2010.txt,https://static.nhtsa.gov/odi/ffdd/rcl/FLAT_RCL_POST_2010.zip,Flat-file field POTAFF
23V488000,MODEL S,2021,Potential_Units_Affected,15869,reported,FLAT_RCL_POST_2010.zip::FLAT_RCL_POST_2010.txt,https://static.nhtsa.gov/odi/ffdd/rcl/FLAT_RCL_POST_2010.zip,Flat-file field POTAFF
23V488000,MODEL S,2021,Potential_Units_Affected,15869,reported,FLAT_RCL_POST_2010.zip::FLAT_RCL_POST_2010.txt,https://static.nhtsa.gov/odi/ffdd/rcl/FLAT_RCL_POST_2010.zip,Flat-file field POTAFF
23V488000,MODEL S,2021,Potential_Units_Affected,15869,reported,FLAT_RCL_POST_2010.zip::FLAT_RCL_POST_2010.txt,https://static.nhtsa.gov/odi/ffdd/rcl/FLAT_RCL_POST_2010.zip,Flat-file field POTAFF
23V488000,MODEL S,2021,Potential_Units_Affected,15869,reported,FLAT_RCL_POST_2010.zip::FLAT_RCL_POST_2010.txt,https://static.nhtsa.gov/odi/ffdd/rcl/FLAT_RCL_POST_2010.zip,Flat-file field POTAFF
23V488000,MODEL S,2021,Potential_Units_Affected,15869,reported,FLAT_RCL_POST_2010.zip::FLAT_RCL_POST_2010.txt,https://static.nhtsa.gov/odi/ffdd/rcl/FLAT_RCL_POST_2010.zip,Flat-file field POTAFF
23V488000,MODEL S,2021,Potential_Units_Affected,15869,reported,FLAT_RCL_POST_2010.zip::FLAT_RCL_POST_2010.txt,https://static.nhtsa.gov/odi/ffdd/rcl/FLAT_RCL_POST_2010.zip,Flat-file field POTAFF
23V488000,MODEL S,2021,Potential_Units_Affected,15869,reported,FLAT_RCL_POST_2010.zip::FLAT_RCL_POST_2010.txt,https://static.nhtsa.gov/odi/ffdd/rcl/FLAT_RCL_POST_2010.zip,Flat-file field POTAFF
23V488000,MODEL X,2021,Potential_Units_Affected,15869,reported,FLAT_RCL_POST_2010.zip::FLAT_RCL_POST_2010.txt,https://static.nhtsa.gov/odi/ffdd/rcl/FLAT_RCL_POST_2010.zip,Flat-file field POTAFF
23V488000,MODEL X,2021,Potential_Units_Affected,15869,reported,FLAT_RCL_POST_2010.zip::FLAT_RCL_POST_2010.txt,https://static.nhtsa.gov/odi/ffdd/rcl/FLAT_RCL_POST_2010.zip,Flat-file field POTAFF
23V488000,MODEL X,2021,Potential_Units_Affected,15869,reported,FLAT_RCL_POST_2010.zip::FLAT_RCL_POST_2010.txt,https://static.nhtsa.gov/odi/ffdd/rcl/FLAT_RCL_POST_2010.zip,Flat-file field POTAFF
23V488000,MODEL X,2021,Potential_Units_Affected,15869,reported,FLAT_RCL_POST_2010.zip::FLAT_RCL_POST_2010.txt,https://static.nhtsa.gov/odi/ffdd/rcl/FLAT_RCL_POST_2010.zip,Flat-file field POTAFF
23V488000,MODEL X,2021,Potential_Units_Affected,15869,reported,FLAT_RCL_POST_2010.zip::FLAT_RCL_POST_2010.txt,https://static.nhtsa.gov/odi/ffdd/rcl/FLAT_RCL_POST_2010.zip,Flat-file field POTAFF
23V488000,MODEL X,2021,Potential_Units_Affected,15869,reported,FLAT_RCL_POST_2010.zip::FLAT_RCL_POST_2010.txt,https://static.nhtsa.gov/odi/ffdd/rcl/FLAT_RCL_POST_2010.zip,Flat-file field POTAFF
23V488000,MODEL X,2021,Potential_Units_Affected,15869,reported,FLAT_RCL_POST_2010.zip::FLAT_RCL_POST_2010.txt,https://static.nhtsa.gov/odi/ffdd/rcl/FLAT_RCL_POST_2010.zip,Flat-file field POTAFF
23V488000,MODEL X,2021,Potential_Units_Affected,15869,reported,FLAT_RCL_POST_2010.zip::FLAT_RCL_POST_2010.txt,https://static.nhtsa.gov/odi/ffdd/rcl/FLAT_RCL_POST_2010.zip,Flat-file field POTAFF
23V488000,MODEL X,2021,Potential_Units_Affected,15869,reported,FLAT_RCL_POST_2010.zip::FLAT_RCL_POST_2010.txt,https://static.nhtsa.gov/odi/ffdd/rcl/FLAT_RCL_POST_2010.zip,Flat-file field POTAFF
23V488000,MODEL X,2021,Potential_Units_Affected,15869,reported,FLAT_RCL_POST_2010.zip::FLAT_RCL_POST_2010.txt,https://static.nhtsa.gov/odi/ffdd/rcl/FLAT_RCL_POST_2010.zip,Flat-file field POTAFF
23V488000,MODEL S,2022,Potential_Units_Affected,15869,reported,FLAT_RCL_POST_2010.zip::FLAT_RCL_POST_2010.txt,https://static.nhtsa.gov/odi/ffdd/rcl/FLAT_RCL_POST_2010.zip,Flat-file field POTAFF
23V488000,MODEL S,2022,Potential_Units_Affected,15869,reported,FLAT_RCL_POST_2010.zip::FLAT_RCL_POST_2010.txt,https://static.nhtsa.gov/odi/ffdd/rcl/FLAT_RCL_POST_2010.zip,Flat-file field POTAFF
23V488000,MODEL S,2022,Potential_Units_Affected,15869,reported,FLAT_RCL_POST_2010.zip::FLAT_RCL_POST_2010.txt,https://static.nhtsa.gov/odi/ffdd/rcl/FLAT_RCL_POST_2010.zip,Flat-file field POTAFF
23V488000,MODEL S,2022,Potential_Units_Affected,15869,reported,FLAT_RCL_POST_2010.zip::FLAT_RCL_POST_2010.txt,https://static.nhtsa.gov/odi/ffdd/rcl/FLAT_RCL_POST_2010.zip,Flat-file field POTAFF
23V488000,MODEL S,2022,Potential_Units_Affected,15869,reported,FLAT_RCL_POST_2010.zip::FLAT_RCL_POST_2010.txt,https://static.nhtsa.gov/odi/ffdd/rcl/FLAT_RCL_POST_2010.zip,Flat-file field POTAFF
23V488000,MODEL S,2022,Potential_Units_Affected,15869,reported,FLAT_RCL_POST_2010.zip::FLAT_RCL_POST_2010.txt,https://static.nhtsa.gov/odi/ffdd/rcl/FLAT_RCL_POST_2010.zip,Flat-file field POTAFF
23V488000,MODEL S,2022,Potential_Units_Affected,15869,reported,FLAT_RCL_POST_2010.zip::FLAT_RCL_POST_2010.txt,https://static.nhtsa.gov/odi/ffdd/rcl/FLAT_RCL_POST_2010.zip,Flat-file field POTAFF
23V488000,MODEL S,2022,Potential_Units_Affected,15869,reported,FLAT_RCL_POST_2010.zip::FLAT_RCL_POST_2010.txt,https://static.nhtsa.gov/odi/ffdd/rcl/FLAT_RCL_POST_2010.zip,Flat-file field POTAFF
23V488000,MODEL S,2022,Potential_Units_Affected,15869,reported,FLAT_RCL_POST_2010.zip::FLAT_RCL_POST_2010.txt,https://static.nhtsa.gov/odi/ffdd/rcl/FLAT_RCL_POST_2010.zip,Flat-file field POTAFF
23V488000,MODEL S,2022,Potential_Units_Affected,15869,reported,FLAT_RCL_POST_2010.zip::FLAT_RCL_POST_2010.txt,https://static.nhtsa.gov/odi/ffdd/rcl/FLAT_RCL_POST_2010.zip,Flat-file field POTAFF
23V488000,MODEL X,2022,Potential_Units_Affected,15869,reported,FLAT_RCL_POST_2010.zip::FLAT_RCL_POST_2010.txt,https://static.nhtsa.gov/odi/ffdd/rcl/FLAT_RCL_POST_2010.zip,Flat-file field POTAFF
23V488000,MODEL X,2022,Potential_Units_Affected,15869,reported,FLAT_RCL_POST_2010.zip::FLAT_RCL_POST_2010.txt,https://static.nhtsa.gov/odi/ffdd/rcl/FLAT_RCL_POST_2010.zip,Flat-file field POTAFF
23V488000,MODEL X,2022,Potential_Units_Affected,15869,reported,FLAT_RCL_POST_2010.zip::FLAT_RCL_POST_2010.txt,https://static.nhtsa.gov/odi/ffdd/rcl/FLAT_RCL_POST_2010.zip,Flat-file field POTAFF
23V488000,MODEL X,2022,Potential_Units_Affected,15869,reported,FLAT_RCL_POST_2010.zip::FLAT_RCL_POST_2010.txt,https://static.nhtsa.gov/odi/ffdd/rcl/FLAT_RCL_POST_2010.zip,Flat-file field POTAFF
23V488000,MODEL X,2022,Potential_Units_Affected,15869,reported,FLAT_RCL_POST_2010.zip::FLAT_RCL_POST_2010.txt,https://static.nhtsa.gov/odi/ffdd/rcl/FLAT_RCL_POST_2010.zip,Flat-file field POTAFF
23V488000,MODEL X,2022,Potential_Units_Affected,15869,reported,FLAT_RCL_POST_2010.zip::FLAT_RCL_POST_2010.txt,https://static.nhtsa.gov/odi/ffdd/rcl/FLAT_RCL_POST_2010.zip,Flat-file field POTAFF
23V488000,MODEL X,2022,Potential_Units_Affected,15869,reported,FLAT_RCL_POST_2010.zip::FLAT_RCL_POST_2010.txt,https://static.nhtsa.gov/odi/ffdd/rcl/FLAT_RCL_POST_2010.zip,Flat-file field POTAFF
23V488000,MODEL X,2022,Potential_Units_Affected,15869,reported,FLAT_RCL_POST_2010.zip::FLAT_RCL_POST_2010.txt,https://static.nhtsa.gov/odi/ffdd/rcl/FLAT_RCL_POST_2010.zip,Flat-file field POTAFF
23V488000,MODEL X,2022,Potential_Units_Affected,15869,reported,FLAT_RCL_POST_2010.zip::FLAT_RCL_POST_2010.txt,https://static.nhtsa.gov/odi/ffdd/rcl/FLAT_RCL_POST_2010.zip,Flat-file field POTAFF
23V488000,MODEL X,2022,Potential_Units_Affected,15869,reported,FLAT_RCL_POST_2010.zip::FLAT_RCL_POST_2010.txt,https://static.nhtsa.gov/odi/ffdd/rcl/FLAT_RCL_POST_2010.zip,Flat-file field POTAFF
23V488000,MODEL X,2023,Potential_Units_Affected,15869,reported,FLAT_RCL_POST_2010.zip::FLAT_RCL_POST_2010.txt,https://static.nhtsa.gov/odi/ffdd/rcl/FLAT_RCL_POST_2010.zip,Flat-file field POTAFF
23V488000,MODEL X,2023,Potential_Units_Affected,15869,reported,FLAT_RCL_POST_2010.zip::FLAT_RCL_POST_2010.txt,https://static.nhtsa.gov/odi/ffdd/rcl/FLAT_RCL_POST_2010.zip,Flat-file field POTAFF
23V488000,MODEL X,2023,Potential_Units_Affected,15869,reported,FLAT_RCL_POST_2010.zip::FLAT_RCL_POST_2010.txt,https://static.nhtsa.gov/odi/ffdd/rcl/FLAT_RCL_POST_2010.zip,Flat-file field POTAFF
23V488000,MODEL X,2023,Potential_Units_Affected,15869,reported,FLAT_RCL_POST_2010.zip::FLAT_RCL_POST_2010.txt,https://static.nhtsa.gov/odi/ffdd/rcl/FLAT_RCL_POST_2010.zip,Flat-file field POTAFF
23V488000,MODEL X,2023,Potential_Units_Affected,15869,reported,FLAT_RCL_POST_2010.zip::FLAT_RCL_POST_2010.txt,https://static.nhtsa.gov/odi/ffdd/rcl/FLAT_RCL_POST_2010.zip,Flat-file field POTAFF
23V488000,MODEL X,2023,Potential_Units_Affected,15869,reported,FLAT_RCL_POST_2010.zip::FLAT_RCL_POST_2010.txt,https://static.nhtsa.gov/odi/ffdd/rcl/FLAT_RCL_POST_2010.zip,Flat-file field POTAFF
23V488000,MODEL X,2023,Potential_Units_Affected,15869,reported,FLAT_RCL_POST_2010.zip::FLAT_RCL_POST_2010.txt,https://static.nhtsa.gov/odi/ffdd/rcl/FLAT_RCL_POST_2010.zip,Flat-file field POTAFF
23V488000,MODEL X,2023,Potential_Units_Affected,15869,reported,FLAT_RCL_POST_2010.zip::FLAT_RCL_POST_2010.txt,https://static.nhtsa.gov/odi/ffdd/rcl/FLAT_RCL_POST_2010.zip,Flat-file field POTAFF
23V488000,MODEL X,2023,Potential_Units_Affected,15869,reported,FLAT_RCL_POST_2010.zip::FLAT_RCL_POST_2010.txt,https://static.nhtsa.gov/odi/ffdd/rcl/FLAT_RCL_POST_2010.zip,Flat-file field POTAFF
23V488000,MODEL X,2023,Potential_Units_Affected,15869,reported,FLAT_RCL_POST_2010.zip::FLAT_RCL_POST_2010.txt,https://static.nhtsa.gov/odi/ffdd/rcl/FLAT_RCL_POST_2010.zip,Flat-file field POTAFF
23V488000,MODEL S,2023,Potential_Units_Affected,15869,reported,FLAT_RCL_POST_2010.zip::FLAT_RCL_POST_2010.txt,https://static.nhtsa.gov/odi/ffdd/rcl/FLAT_RCL_POST_2010.zip,Flat-file field POTAFF
23V488000,MODEL S,2023,Potential_Units_Affected,15869,reported,FLAT_RCL_POST_2010.zip::FLAT_RCL_POST_2010.txt,https://static.nhtsa.gov/odi/ffdd/rcl/FLAT_RCL_POST_2010.zip,Flat-file field POTAFF
23V488000,MODEL S,2023,Potential_Units_Affected,15869,reported,FLAT_RCL_POST_2010.zip::FLAT_RCL_POST_2010.txt,https://static.nhtsa.gov/odi/ffdd/rcl/FLAT_RCL_POST_2010.zip,Flat-file field POTAFF
23V488000,MODEL S,2023,Potential_Units_Affected,15869,reported,FLAT_RCL_POST_2010.zip::FLAT_RCL_POST_2010.txt,https://static.nhtsa.gov/odi/ffdd/rcl/FLAT_RCL_POST_2010.zip,Flat-file field POTAFF
23V488000,MODEL S,2023,Potential_Units_Affected,15869,reported,FLAT_RCL_POST_2010.zip::FLAT_RCL_POST_2010.txt,https://static.nhtsa.gov/odi/ffdd/rcl/FLAT_RCL_POST_2010.zip,Flat-file field POTAFF
23V488000,MODEL S,2023,Potential_Units_Affected,15869,reported,FLAT_RCL_POST_2010.zip::FLAT_RCL_POST_2010.txt,https://static.nhtsa.gov/odi/ffdd/rcl/FLAT_RCL_POST_2010.zip,Flat-file field POTAFF
23V488000,MODEL S,2023,Potential_Units_Affected,15869,reported,FLAT_RCL_POST_2010.zip::FLAT_RCL_POST_2010.txt,https://static.nhtsa.gov/odi/ffdd/rcl/FLAT_RCL_POST_2010.zip,Flat-file field POTAFF
23V488000,MODEL S,2023,Potential_Units_Affected,15869,reported,FLAT_RCL_POST_2010.zip::FLAT_RCL_POST_2010.txt,https://static.nhtsa.gov/odi/ffdd/rcl/FLAT_RCL_POST_2010.zip,Flat-file field POTAFF
23V488000,MODEL S,2023,Potential_Units_Affected,15869,reported,FLAT_RCL_POST_2010.zip::FLAT_RCL_POST_2010.txt,https://static.nhtsa.gov/odi/ffdd/rcl/FLAT_RCL_POST_2010.zip,Flat-file field POTAFF
23V488000,MODEL S,2023,Potential_Units_Affected,15869,reported,FLAT_RCL_POST_2010.zip::FLAT_RCL_POST_2010.txt,https://static.nhtsa.gov/odi/ffdd/rcl/FLAT_RCL_POST_2010.zip,Flat-file field POTAFF
23V085000,MODEL X,2016,Potential_Units_Affected,362758,reported,FLAT_RCL_POST_2010.zip::FLAT_RCL_POST_2010.txt,https://static.nhtsa.gov/odi/ffdd/rcl/FLAT_RCL_POST_2010.zip,Flat-file field POTAFF
23V085000,MODEL S,2016,Potential_Units_Affected,362758,reported,FLAT_RCL_POST_2010.zip::FLAT_RCL_POST_2010.txt,https://static.nhtsa.gov/odi/ffdd/rcl/FLAT_RCL_POST_2010.zip,Flat-file field POTAFF
23V085000,MODEL S,2017,Potential_Units_Affected,362758,reported,FLAT_RCL_POST_2010.zip::FLAT_RCL_POST_2010.txt,https://static.nhtsa.gov/odi/ffdd/rcl/FLAT_RCL_POST_2010.zip,Flat-file field POTAFF
23V085000,MODEL X,2017,Potential_Units_Affected,362758,reported,FLAT_RCL_POST_2010.zip::FLAT_RCL_POST_2010.txt,https://static.nhtsa.gov/odi/ffdd/rcl/FLAT_RCL_POST_2010.zip,Flat-file field POTAFF
23V085000,MODEL 3,2017,Potential_Units_Affected,362758,reported,FLAT_RCL_POST_2010.zip::FLAT_RCL_POST_2010.txt,https://static.nhtsa.gov/odi/ffdd/rcl/FLAT_RCL_POST_2010.zip,Flat-file field POTAFF
23V085000,MODEL S,2018,Potential_Units_Affected,362758,reported,FLAT_RCL_POST_2010.zip::FLAT_RCL_POST_2010.txt,https://static.nhtsa.gov/odi/ffdd/rcl/FLAT_RCL_POST_2010.zip,Flat-file field POTAFF
23V085000,MODEL X,2018,Potential_Units_Affected,362758,reported,FLAT_RCL_POST_2010.zip::FLAT_RCL_POST_2010.txt,https://static.nhtsa.gov/odi/ffdd/rcl/FLAT_RCL_POST_2010.zip,Flat-file field POTAFF
23V085000,MODEL 3,2018,Potential_Units_Affected,362758,reported,FLAT_RCL_POST_2010.zip::FLAT_RCL_POST_2010.txt,https://static.nhtsa.gov/odi/ffdd/rcl/FLAT_RCL_POST_2010.zip,Flat-file field POTAFF
23V085000,MODEL S,2019,Potential_Units_Affected,362758,reported,FLAT_RCL_POST_2010.zip::FLAT_RCL_POST_2010.txt,https://static.nhtsa.gov/odi/ffdd/rcl/FLAT_RCL_POST_2010.zip,Flat-file field POTAFF
23V085000,MODEL X,2019,Potential_Units_Affected,362758,reported,FLAT_RCL_POST_2010.zip::FLAT_RCL_POST_2010.txt,https://static.nhtsa.gov/odi/ffdd/rcl/FLAT_RCL_POST_2010.zip,Flat-file field POTAFF
23V085000,MODEL 3,2019,Potential_Units_Affected,362758,reported,FLAT_RCL_POST_2010.zip::FLAT_RCL_POST_2010.txt,https://static.nhtsa.gov/odi/ffdd/rcl/FLAT_RCL_POST_2010.zip,Flat-file field POTAFF
23V085000,MODEL 3,2020,Potential_Units_Affected,362758,reported,FLAT_RCL_POST_2010.zip::FLAT_RCL_POST_2010.txt,https://static.nhtsa.gov/odi/ffdd/rcl/FLAT_RCL_POST_2010.zip,Flat-file field POTAFF
23V085000,MODEL X,2020,Potential_Units_Affected,362758,reported,FLAT_RCL_POST_2010.zip::FLAT_RCL_POST_2010.txt,https://static.nhtsa.gov/odi/ffdd/rcl/FLAT_RCL_POST_2010.zip,Flat-file field POTAFF
23V085000,MODEL Y,2020,Potential_Units_Affected,362758,reported,FLAT_RCL_POST_2010.zip::FLAT_RCL_POST_2010.txt,https://static.nhtsa.gov/odi/ffdd/rcl/FLAT_RCL_POST_2010.zip,Flat-file field POTAFF
23V085000,MODEL S,2020,Potential_Units_Affected,362758,reported,FLAT_RCL_POST_2010.zip::FLAT_RCL_POST_2010.txt,https://static.nhtsa.gov/odi/ffdd/rcl/FLAT_RCL_POST_2010.zip,Flat-file field POTAFF
23V085000,MODEL S,2021,Potential_Units_Affected,362758,reported,FLAT_RCL_POST_2010.zip::FLAT_RCL_POST_2010.txt,https://static.nhtsa.gov/odi/ffdd/rcl/FLAT_RCL_POST_2010.zip,Flat-file field POTAFF
23V085000,MODEL Y,2021,Potential_Units_Affected,362758,reported,FLAT_RCL_POST_2010.zip::FLAT_RCL_POST_2010.txt,https://static.nhtsa.gov/odi/ffdd/rcl/FLAT_RCL_POST_2010.zip,Flat-file field POTAFF
23V085000,MODEL 3,2021,Potential_Units_Affected,362758,reported,FLAT_RCL_POST_2010.zip::FLAT_RCL_POST_2010.txt,https://static.nhtsa.gov/odi/ffdd/rcl/FLAT_RCL_POST_2010.zip,Flat-file field POTAFF
23V085000,MODEL X,2021,Potential_Units_Affected,362758,reported,FLAT_RCL_POST_2010.zip::FLAT_RCL_POST_2010.txt,https://static.nhtsa.gov/odi/ffdd/rcl/FLAT_RCL_POST_2010.zip,Flat-file field POTAFF
23V085000,MODEL Y,2022,Potential_Units_Affected,362758,reported,FLAT_RCL_POST_2010.zip::FLAT_RCL_POST_2010.txt,https://static.nhtsa.gov/odi/ffdd/rcl/FLAT_RCL_POST_2010.zip,Flat-file field POTAFF
23V085000,MODEL 3,2022,Potential_Units_Affected,362758,reported,FLAT_RCL_POST_2010.zip::FLAT_RCL_POST_2010.txt,https://static.nhtsa.gov/odi/ffdd/rcl/FLAT_RCL_POST_2010.zip,Flat-file field POTAFF
23V085000,MODEL S,2022,Potential_Units_Affected,362758,reported,FLAT_RCL_POST_2010.zip::FLAT_RCL_POST_2010.txt,https://static.nhtsa.gov/odi/ffdd/rcl/FLAT_RCL_POST_2010.zip,Flat-file field POTAFF
23V085000,MODEL X,2022,Potential_Units_Affected,362758,reported,FLAT_RCL_POST_2010.zip::FLAT_RCL_POST_2010.txt,https://static.nhtsa.gov/odi/ffdd/rcl/FLAT_RCL_POST_2010.zip,Flat-file field POTAFF
23V085000,MODEL 3,2023,Potential_Units_Affected,362758,reported,FLAT_RCL_POST_2010.zip::FLAT_RCL_POST_2010.txt,https://static.nhtsa.gov/odi/ffdd/rcl/FLAT_RCL_POST_2010.zip,Flat-file field POTAFF
23V085000,MODEL X,2023,Potential_Units_Affected,362758,reported,FLAT_RCL_POST_2010.zip::FLAT_RCL_POST_2010.txt,https://static.nhtsa.gov/odi/ffdd/rcl/FLAT_RCL_POST_2010.zip,Flat-file field POTAFF
23V085000,MODEL Y,2023,Potential_Units_Affected,362758,reported,FLAT_RCL_POST_2010.zip::FLAT_RCL_POST_2010.txt,https://static.nhtsa.gov/odi/ffdd/rcl/FLAT_RCL_POST_2010.zip,Flat-file field POTAFF
23V085000,MODEL S,2023,Potential_Units_Affected,362758,reported,FLAT_RCL_POST_2010.zip::FLAT_RCL_POST_2010.txt,https://static.nhtsa.gov/odi/ffdd/rcl/FLAT_RCL_POST_2010.zip,Flat-file field POTAFF
23V679000,MODEL X,2021,Potential_Units_Affected,54676,reported,FLAT_RCL_POST_2010.zip::FLAT_RCL_POST_2010.txt,https://static.nhtsa.gov/odi/ffdd/rcl/FLAT_RCL_POST_2010.zip,Flat-file field POTAFF
23V679000,MODEL X,2021,Potential_Units_Affected,54676,reported,FLAT_RCL_POST_2010.zip::FLAT_RCL_POST_2010.txt,https://static.nhtsa.gov/odi/ffdd/rcl/FLAT_RCL_POST_2010.zip,Flat-file field POTAFF
23V679000,MODEL X,2022,Potential_Units_Affected,54676,reported,FLAT_RCL_POST_2010.zip::FLAT_RCL_POST_2010.txt,https://static.nhtsa.gov/odi/ffdd/rcl/FLAT_RCL_POST_2010.zip,Flat-file field POTAFF
23V679000,MODEL X,2022,Potential_Units_Affected,54676,reported,FLAT_RCL_POST_2010.zip::FLAT_RCL_POST_2010.txt,https://static.nhtsa.gov/odi/ffdd/rcl/FLAT_RCL_POST_2010.zip,Flat-file field POTAFF
23V679000,MODEL X,2023,Potential_Units_Affected,54676,reported,FLAT_RCL_POST_2010.zip::FLAT_RCL_POST_2010.txt,https://static.nhtsa.gov/odi/ffdd/rcl/FLAT_RCL_POST_2010.zip,Flat-file field POTAFF
23V679000,MODEL X,2023,Potential_Units_Affected,54676,reported,FLAT_RCL_POST_2010.zip::FLAT_RCL_POST_2010.txt,https://static.nhtsa.gov/odi/ffdd/rcl/FLAT_RCL_POST_2010.zip,Flat-file field POTAFF
23V205000,SEMI,2022,Potential_Units_Affected,35,reported,FLAT_RCL_POST_2010.zip::FLAT_RCL_POST_2010.txt,https://static.nhtsa.gov/odi/ffdd/rcl/FLAT_RCL_POST_2010.zip,Flat-file field POTAFF
23V235000,MODEL 3,2018,Potential_Units_Affected,422,reported,FLAT_RCL_POST_2010.zip::FLAT_RCL_POST_2010.txt,https://static.nhtsa.gov/odi/ffdd/rcl/FLAT_RCL_POST_2010.zip,Flat-file field POTAFF
23V235000,MODEL 3,2018,Potential_Units_Affected,422,reported,FLAT_RCL_POST_2010.zip::FLAT_RCL_POST_2010.txt,https://static.nhtsa.gov/odi/ffdd/rcl/FLAT_RCL_POST_2010.zip,Flat-file field POTAFF
23V235000,MODEL 3,2019,Potential_Units_Affected,422,reported,FLAT_RCL_POST_2010.zip::FLAT_RCL_POST_2010.txt,https://static.nhtsa.gov/odi/ffdd/rcl/FLAT_RCL_POST_2010.zip,Flat-file field POTAFF
23V235000,MODEL 3,2019,Potential_Units_Affected,422,reported,FLAT_RCL_POST_2010.zip::FLAT_RCL_POST_2010.txt,https://static.nhtsa.gov/odi/ffdd/rcl/FLAT_RCL_POST_2010.zip,Flat-file field POTAFF
23V422000,SEMI,2022,Potential_Units_Affected,36,reported,FLAT_RCL_POST_2010.zip::FLAT_RCL_POST_2010.txt,https://static.nhtsa.gov/odi/ffdd/rcl/FLAT_RCL_POST_2010.zip,Flat-file field POTAFF
23V434000,MODEL Y,2023,Potential_Units_Affected,26,reported,FLAT_RCL_POST_2010.zip::FLAT_RCL_POST_2010.txt,https://static.nhtsa.gov/odi/ffdd/rcl/FLAT_RCL_POST_2010.zip,Flat-file field POTAFF
23V434000,MODEL 3,2023,Potential_Units_Affected,26,reported,FLAT_RCL_POST_2010.zip::FLAT_RCL_POST_2010.txt,https://static.nhtsa.gov/odi/ffdd/rcl/FLAT_RCL_POST_2010.zip,Flat-file field POTAFF
23V862000,MODEL S,2023,Potential_Units_Affected,120423,reported,FLAT_RCL_POST_2010.zip::FLAT_RCL_POST_2010.txt,https://static.nhtsa.gov/odi/ffdd/rcl/FLAT_RCL_POST_2010.zip,Flat-file field POTAFF
23V862000,MODEL S,2023,Potential_Units_Affected,120423,reported,FLAT_RCL_POST_2010.zip::FLAT_RCL_POST_2010.txt,https://static.nhtsa.gov/odi/ffdd/rcl/FLAT_RCL_POST_2010.zip,Flat-file field POTAFF
23V862000,MODEL S,2023,Potential_Units_Affected,120423,reported,FLAT_RCL_POST_2010.zip::FLAT_RCL_POST_2010.txt,https://static.nhtsa.gov/odi/ffdd/rcl/FLAT_RCL_POST_2010.zip,Flat-file field POTAFF
23V862000,MODEL S,2023,Potential_Units_Affected,120423,reported,FLAT_RCL_POST_2010.zip::FLAT_RCL_POST_2010.txt,https://static.nhtsa.gov/odi/ffdd/rcl/FLAT_RCL_POST_2010.zip,Flat-file field POTAFF
23V862000,MODEL S,2023,Potential_Units_Affected,120423,reported,FLAT_RCL_POST_2010.zip::FLAT_RCL_POST_2010.txt,https://static.nhtsa.gov/odi/ffdd/rcl/FLAT_RCL_POST_2010.zip,Flat-file field POTAFF
23V862000,MODEL S,2023,Potential_Units_Affected,120423,reported,FLAT_RCL_POST_2010.zip::FLAT_RCL_POST_2010.txt,https://static.nhtsa.gov/odi/ffdd/rcl/FLAT_RCL_POST_2010.zip,Flat-file field POTAFF
23V862000,MODEL S,2023,Potential_Units_Affected,120423,reported,FLAT_RCL_POST_2010.zip::FLAT_RCL_POST_2010.txt,https://static.nhtsa.gov/odi/ffdd/rcl/FLAT_RCL_POST_2010.zip,Flat-file field POTAFF
23V862000,MODEL S,2023,Potential_Units_Affected,120423,reported,FLAT_RCL_POST_2010.zip::FLAT_RCL_POST_2010.txt,https://static.nhtsa.gov/odi/ffdd/rcl/FLAT_RCL_POST_2010.zip,Flat-file field POTAFF
23V862000,MODEL X,2023,Potential_Units_Affected,120423,reported,FLAT_RCL_POST_2010.zip::FLAT_RCL_POST_2010.txt,https://static.nhtsa.gov/odi/ffdd/rcl/FLAT_RCL_POST_2010.zip,Flat-file field POTAFF
23V862000,MODEL X,2023,Potential_Units_Affected,120423,reported,FLAT_RCL_POST_2010.zip::FLAT_RCL_POST_2010.txt,https://static.nhtsa.gov/odi/ffdd/rcl/FLAT_RCL_POST_2010.zip,Flat-file field POTAFF
23V862000,MODEL X,2023,Potential_Units_Affected,120423,reported,FLAT_RCL_POST_2010.zip::FLAT_RCL_POST_2010.txt,https://static.nhtsa.gov/odi/ffdd/rcl/FLAT_RCL_POST_2010.zip,Flat-file field POTAFF
23V862000,MODEL X,2023,Potential_Units_Affected,120423,reported,FLAT_RCL_POST_2010.zip::FLAT_RCL_POST_2010.txt,https://static.nhtsa.gov/odi/ffdd/rcl/FLAT_RCL_POST_2010.zip,Flat-file field POTAFF
23V862000,MODEL X,2023,Potential_Units_Affected,120423,reported,FLAT_RCL_POST_2010.zip::FLAT_RCL_POST_2010.txt,https://static.nhtsa.gov/odi/ffdd/rcl/FLAT_RCL_POST_2010.zip,Flat-file field POTAFF
23V862000,MODEL X,2023,Potential_Units_Affected,120423,reported,FLAT_RCL_POST_2010.zip::FLAT_RCL_POST_2010.txt,https://static.nhtsa.gov/odi/ffdd/rcl/FLAT_RCL_POST_2010.zip,Flat-file field POTAFF
23V862000,MODEL X,2023,Potential_Units_Affected,120423,reported,FLAT_RCL_POST_2010.zip::FLAT_RCL_POST_2010.txt,https://static.nhtsa.gov/odi/ffdd/rcl/FLAT_RCL_POST_2010.zip,Flat-file field POTAFF
23V862000,MODEL X,2023,Potential_Units_Affected,120423,reported,FLAT_RCL_POST_2010.zip::FLAT_RCL_POST_2010.txt,https://static.nhtsa.gov/odi/ffdd/rcl/FLAT_RCL_POST_2010.zip,Flat-file field POTAFF
23V862000,MODEL X,2022,Potential_Units_Affected,120423,reported,FLAT_RCL_POST_2010.zip::FLAT_RCL_POST_2010.txt,https://static.nhtsa.gov/odi/ffdd/rcl/FLAT_RCL_POST_2010.zip,Flat-file field POTAFF
23V862000,MODEL X,2022,Potential_Units_Affected,120423,reported,FLAT_RCL_POST_2010.zip::FLAT_RCL_POST_2010.txt,https://static.nhtsa.gov/odi/ffdd/rcl/FLAT_RCL_POST_2010.zip,Flat-file field POTAFF
23V862000,MODEL X,2022,Potential_Units_Affected,120423,reported,FLAT_RCL_POST_2010.zip::FLAT_RCL_POST_2010.txt,https://static.nhtsa.gov/odi/ffdd/rcl/FLAT_RCL_POST_2010.zip,Flat-file field POTAFF
23V862000,MODEL X,2022,Potential_Units_Affected,120423,reported,FLAT_RCL_POST_2010.zip::FLAT_RCL_POST_2010.txt,https://static.nhtsa.gov/odi/ffdd/rcl/FLAT_RCL_POST_2010.zip,Flat-file field POTAFF
23V862000,MODEL X,2022,Potential_Units_Affected,120423,reported,FLAT_RCL_POST_2010.zip::FLAT_RCL_POST_2010.txt,https://static.nhtsa.gov/odi/ffdd/rcl/FLAT_RCL_POST_2010.zip,Flat-file field POTAFF
23V862000,MODEL X,2022,Potential_Units_Affected,120423,reported,FLAT_RCL_POST_2010.zip::FLAT_RCL_POST_2010.txt,https://static.nhtsa.gov/odi/ffdd/rcl/FLAT_RCL_POST_2010.zip,Flat-file field POTAFF
23V862000,MODEL X,2022,Potential_Units_Affected,120423,reported,FLAT_RCL_POST_2010.zip::FLAT_RCL_POST_2010.txt,https://static.nhtsa.gov/odi/ffdd/rcl/FLAT_RCL_POST_2010.zip,Flat-file field POTAFF
23V862000,MODEL X,2022,Potential_Units_Affected,120423,reported,FLAT_RCL_POST_2010.zip::FLAT_RCL_POST_2010.txt,https://static.nhtsa.gov/odi/ffdd/rcl/FLAT_RCL_POST_2010.zip,Flat-file field POTAFF
23V862000,MODEL S,2022,Potential_Units_Affected,120423,reported,FLAT_RCL_POST_2010.zip::FLAT_RCL_POST_2010.txt,https://static.nhtsa.gov/odi/ffdd/rcl/FLAT_RCL_POST_2010.zip,Flat-file field POTAFF
23V862000,MODEL S,2022,Potential_Units_Affected,120423,reported,FLAT_RCL_POST_2010.zip::FLAT_RCL_POST_2010.txt,https://static.nhtsa.gov/odi/ffdd/rcl/FLAT_RCL_POST_2010.zip,Flat-file field POTAFF
23V862000,MODEL S,2022,Potential_Units_Affected,120423,reported,FLAT_RCL_POST_2010.zip::FLAT_RCL_POST_2010.txt,https://static.nhtsa.gov/odi/ffdd/rcl/FLAT_RCL_POST_2010.zip,Flat-file field POTAFF
23V862000,MODEL S,2022,Potential_Units_Affected,120423,reported,FLAT_RCL_POST_2010.zip::FLAT_RCL_POST_2010.txt,https://static.nhtsa.gov/odi/ffdd/rcl/FLAT_RCL_POST_2010.zip,Flat-file field POTAFF
23V862000,MODEL S,2022,Potential_Units_Affected,120423,reported,FLAT_RCL_POST_2010.zip::FLAT_RCL_POST_2010.txt,https://static.nhtsa.gov/odi/ffdd/rcl/FLAT_RCL_POST_2010.zip,Flat-file field POTAFF
23V862000,MODEL S,2022,Potential_Units_Affected,120423,reported,FLAT_RCL_POST_2010.zip::FLAT_RCL_POST_2010.txt,https://static.nhtsa.gov/odi/ffdd/rcl/FLAT_RCL_POST_2010.zip,Flat-file field POTAFF
23V862000,MODEL S,2022,Potential_Units_Affected,120423,reported,FLAT_RCL_POST_2010.zip::FLAT_RCL_POST_2010.txt,https://static.nhtsa.gov/odi/ffdd/rcl/FLAT_RCL_POST_2010.zip,Flat-file field POTAFF
23V862000,MODEL S,2022,Potential_Units_Affected,120423,reported,FLAT_RCL_POST_2010.zip::FLAT_RCL_POST_2010.txt,https://static.nhtsa.gov/odi/ffdd/rcl/FLAT_RCL_POST_2010.zip,Flat-file field POTAFF
23V489000,MODEL Y,2023,Potential_Units_Affected,1337,reported,FLAT_RCL_POST_2010.zip::FLAT_RCL_POST_2010.txt,https://static.nhtsa.gov/odi/ffdd/rcl/FLAT_RCL_POST_2010.zip,Flat-file field POTAFF
23V489000,MODEL Y,2023,Potential_Units_Affected,1337,reported,FLAT_RCL_POST_2010.zip::FLAT_RCL_POST_2010.txt,https://static.nhtsa.gov/odi/ffdd/rcl/FLAT_RCL_POST_2010.zip,Flat-file field POTAFF
23V489000,MODEL S,2023,Potential_Units_Affected,1337,reported,FLAT_RCL_POST_2010.zip::FLAT_RCL_POST_2010.txt,https://static.nhtsa.gov/odi/ffdd/rcl/FLAT_RCL_POST_2010.zip,Flat-file field POTAFF
23V489000,MODEL S,2023,Potential_Units_Affected,1337,reported,FLAT_RCL_POST_2010.zip::FLAT_RCL_POST_2010.txt,https://static.nhtsa.gov/odi/ffdd/rcl/FLAT_RCL_POST_2010.zip,Flat-file field POTAFF
23V489000,MODEL X,2023,Potential_Units_Affected,1337,reported,FLAT_RCL_POST_2010.zip::FLAT_RCL_POST_2010.txt,https://static.nhtsa.gov/odi/ffdd/rcl/FLAT_RCL_POST_2010.zip,Flat-file field POTAFF
23V489000,MODEL X,2023,Potential_Units_Affected,1337,reported,FLAT_RCL_POST_2010.zip::FLAT_RCL_POST_2010.txt,https://static.nhtsa.gov/odi/ffdd/rcl/FLAT_RCL_POST_2010.zip,Flat-file field POTAFF
24V615000,MODEL X,2016,Potential_Units_Affected,9136,reported,FLAT_RCL_POST_2010.zip::FLAT_RCL_POST_2010.txt,https://static.nhtsa.gov/odi/ffdd/rcl/FLAT_RCL_POST_2010.zip,Flat-file field POTAFF
24V615000,MODEL X,2016,Potential_Units_Affected,9136,reported,FLAT_RCL_POST_2010.zip::FLAT_RCL_POST_2010.txt,https://static.nhtsa.gov/odi/ffdd/rcl/FLAT_RCL_POST_2010.zip,Flat-file field POTAFF
24V615000,MODEL X,2016,Potential_Units_Affected,9136,reported,FLAT_RCL_POST_2010.zip::FLAT_RCL_POST_2010.txt,https://static.nhtsa.gov/odi/ffdd/rcl/FLAT_RCL_POST_2010.zip,Flat-file field POTAFF
24V615000,MODEL X,2016,Potential_Units_Affected,9136,reported,FLAT_RCL_POST_2010.zip::FLAT_RCL_POST_2010.txt,https://static.nhtsa.gov/odi/ffdd/rcl/FLAT_RCL_POST_2010.zip,Flat-file field POTAFF
24V615000,MODEL X,2016,Potential_Units_Affected,9136,reported,FLAT_RCL_POST_2010.zip::FLAT_RCL_POST_2010.txt,https://static.nhtsa.gov/odi/ffdd/rcl/FLAT_RCL_POST_2010.zip,Flat-file field POTAFF
24V718000,CYBERTRUCK,2024,Potential_Units_Affected,27185,reported,FLAT_RCL_POST_2010.zip::FLAT_RCL_POST_2010.txt,https://static.nhtsa.gov/odi/ffdd/rcl/FLAT_RCL_POST_2010.zip,Flat-file field POTAFF
24V935000,MODEL 3,2025,Potential_Units_Affected,696281,reported,FLAT_RCL_POST_2010.zip::FLAT_RCL_POST_2010.txt,https://static.nhtsa.gov/odi/ffdd/rcl/FLAT_RCL_POST_2010.zip,Flat-file field POTAFF
24V935000,MODEL Y,2025,Potential_Units_Affected,696281,reported,FLAT_RCL_POST_2010.zip::FLAT_RCL_POST_2010.txt,https://static.nhtsa.gov/odi/ffdd/rcl/FLAT_RCL_POST_2010.zip,Flat-file field POTAFF
24V935000,MODEL 3,2020,Potential_Units_Affected,696281,reported,FLAT_RCL_POST_2010.zip::FLAT_RCL_POST_2010.txt,https://static.nhtsa.gov/odi/ffdd/rcl/FLAT_RCL_POST_2010.zip,Flat-file field POTAFF
24V935000,MODEL Y,2020,Potential_Units_Affected,696281,reported,FLAT_RCL_POST_2010.zip::FLAT_RCL_POST_2010.txt,https://static.nhtsa.gov/odi/ffdd/rcl/FLAT_RCL_POST_2010.zip,Flat-file field POTAFF
24V935000,MODEL Y,2021,Potential_Units_Affected,696281,reported,FLAT_RCL_POST_2010.zip::FLAT_RCL_POST_2010.txt,https://static.nhtsa.gov/odi/ffdd/rcl/FLAT_RCL_POST_2010.zip,Flat-file field POTAFF
24V935000,MODEL 3,2019,Potential_Units_Affected,696281,reported,FLAT_RCL_POST_2010.zip::FLAT_RCL_POST_2010.txt,https://static.nhtsa.gov/odi/ffdd/rcl/FLAT_RCL_POST_2010.zip,Flat-file field POTAFF
24V935000,MODEL 3,2018,Potential_Units_Affected,696281,reported,FLAT_RCL_POST_2010.zip::FLAT_RCL_POST_2010.txt,https://static.nhtsa.gov/odi/ffdd/rcl/FLAT_RCL_POST_2010.zip,Flat-file field POTAFF
24V935000,MODEL 3,2017,Potential_Units_Affected,696281,reported,FLAT_RCL_POST_2010.zip::FLAT_RCL_POST_2010.txt,https://static.nhtsa.gov/odi/ffdd/rcl/FLAT_RCL_POST_2010.zip,Flat-file field POTAFF
24V935000,MODEL 3,2021,Potential_Units_Affected,696281,reported,FLAT_RCL_POST_2010.zip::FLAT_RCL_POST_2010.txt,https://static.nhtsa.gov/odi/ffdd/rcl/FLAT_RCL_POST_2010.zip,Flat-file field POTAFF
24V935000,MODEL Y,2022,Potential_Units_Affected,696281,reported,FLAT_RCL_POST_2010.zip::FLAT_RCL_POST_2010.txt,https://static.nhtsa.gov/odi/ffdd/rcl/FLAT_RCL_POST_2010.zip,Flat-file field POTAFF
24V935000,MODEL 3,2022,Potential_Units_Affected,696281,reported,FLAT_RCL_POST_2010.zip::FLAT_RCL_POST_2010.txt,https://static.nhtsa.gov/odi/ffdd/rcl/FLAT_RCL_POST_2010.zip,Flat-file field POTAFF
24V935000,MODEL 3,2023,Potential_Units_Affected,696281,reported,FLAT_RCL_POST_2010.zip::FLAT_RCL_POST_2010.txt,https://static.nhtsa.gov/odi/ffdd/rcl/FLAT_RCL_POST_2010.zip,Flat-file field POTAFF
24V935000,MODEL Y,2023,Potential_Units_Affected,696281,reported,FLAT_RCL_POST_2010.zip::FLAT_RCL_POST_2010.txt,https://static.nhtsa.gov/odi/ffdd/rcl/FLAT_RCL_POST_2010.zip,Flat-file field POTAFF
24V935000,MODEL Y,2024,Potential_Units_Affected,696281,reported,FLAT_RCL_POST_2010.zip::FLAT_RCL_POST_2010.txt,https://static.nhtsa.gov/odi/ffdd/rcl/FLAT_RCL_POST_2010.zip,Flat-file field POTAFF
24V935000,CYBERTRUCK,2024,Potential_Units_Affected,696281,reported,FLAT_RCL_POST_2010.zip::FLAT_RCL_POST_2010.txt,https://static.nhtsa.gov/odi/ffdd/rcl/FLAT_RCL_POST_2010.zip,Flat-file field POTAFF
24V935000,MODEL 3,2024,Potential_Units_Affected,696281,reported,FLAT_RCL_POST_2010.zip::FLAT_RCL_POST_2010.txt,https://static.nhtsa.gov/odi/ffdd/rcl/FLAT_RCL_POST_2010.zip,Flat-file field POTAFF
24V456000,CYBERTRUCK,2024,Potential_Units_Affected,11688,reported,FLAT_RCL_POST_2010.zip::FLAT_RCL_POST_2010.txt,https://static.nhtsa.gov/odi/ffdd/rcl/FLAT_RCL_POST_2010.zip,Flat-file field POTAFF
24V457000,CYBERTRUCK,2024,Potential_Units_Affected,12150,reported,FLAT_RCL_POST_2010.zip::FLAT_RCL_POST_2010.txt,https://static.nhtsa.gov/odi/ffdd/rcl/FLAT_RCL_POST_2010.zip,Flat-file field POTAFF
24V457000,CYBERTRUCK,2024,Potential_Units_Affected,12150,reported,FLAT_RCL_POST_2010.zip::FLAT_RCL_POST_2010.txt,https://static.nhtsa.gov/odi/ffdd/rcl/FLAT_RCL_POST_2010.zip,Flat-file field POTAFF
24V904000,MODEL X,2024,Potential_Units_Affected,25,reported,FLAT_RCL_POST_2010.zip::FLAT_RCL_POST_2010.txt,https://static.nhtsa.gov/odi/ffdd/rcl/FLAT_RCL_POST_2010.zip,Flat-file field POTAFF
24V904000,MODEL X,2024,Potential_Units_Affected,25,reported,FLAT_RCL_POST_2010.zip::FLAT_RCL_POST_2010.txt,https://static.nhtsa.gov/odi/ffdd/rcl/FLAT_RCL_POST_2010.zip,Flat-file field POTAFF
24V904000,MODEL X,2024,Potential_Units_Affected,25,reported,FLAT_RCL_POST_2010.zip::FLAT_RCL_POST_2010.txt,https://static.nhtsa.gov/odi/ffdd/rcl/FLAT_RCL_POST_2010.zip,Flat-file field POTAFF
24V554000,MODEL S,2024,Potential_Units_Affected,1849638,reported,FLAT_RCL_POST_2010.zip::FLAT_RCL_POST_2010.txt,https://static.nhtsa.gov/odi/ffdd/rcl/FLAT_RCL_POST_2010.zip,Flat-file field POTAFF
24V554000,MODEL S,2024,Potential_Units_Affected,1849638,reported,FLAT_RCL_POST_2010.zip::FLAT_RCL_POST_2010.txt,https://static.nhtsa.gov/odi/ffdd/rcl/FLAT_RCL_POST_2010.zip,Flat-file field POTAFF
24V554000,MODEL S,2024,Potential_Units_Affected,1849638,reported,FLAT_RCL_POST_2010.zip::FLAT_RCL_POST_2010.txt,https://static.nhtsa.gov/odi/ffdd/rcl/FLAT_RCL_POST_2010.zip,Flat-file field POTAFF
24V554000,MODEL S,2024,Potential_Units_Affected,1849638,reported,FLAT_RCL_POST_2010.zip::FLAT_RCL_POST_2010.txt,https://static.nhtsa.gov/odi/ffdd/rcl/FLAT_RCL_POST_2010.zip,Flat-file field POTAFF
24V554000,MODEL 3,2024,Potential_Units_Affected,1849638,reported,FLAT_RCL_POST_2010.zip::FLAT_RCL_POST_2010.txt,https://static.nhtsa.gov/odi/ffdd/rcl/FLAT_RCL_POST_2010.zip,Flat-file field POTAFF
24V554000,MODEL 3,2024,Potential_Units_Affected,1849638,reported,FLAT_RCL_POST_2010.zip::FLAT_RCL_POST_2010.txt,https://static.nhtsa.gov/odi/ffdd/rcl/FLAT_RCL_POST_2010.zip,Flat-file field POTAFF
24V554000,MODEL 3,2024,Potential_Units_Affected,1849638,reported,FLAT_RCL_POST_2010.zip::FLAT_RCL_POST_2010.txt,https://static.nhtsa.gov/odi/ffdd/rcl/FLAT_RCL_POST_2010.zip,Flat-file field POTAFF
24V554000,MODEL 3,2024,Potential_Units_Affected,1849638,reported,FLAT_RCL_POST_2010.zip::FLAT_RCL_POST_2010.txt,https://static.nhtsa.gov/odi/ffdd/rcl/FLAT_RCL_POST_2010.zip,Flat-file field POTAFF
24V554000,MODEL Y,2024,Potential_Units_Affected,1849638,reported,FLAT_RCL_POST_2010.zip::FLAT_RCL_POST_2010.txt,https://static.nhtsa.gov/odi/ffdd/rcl/FLAT_RCL_POST_2010.zip,Flat-file field POTAFF
24V554000,MODEL Y,2024,Potential_Units_Affected,1849638,reported,FLAT_RCL_POST_2010.zip::FLAT_RCL_POST_2010.txt,https://static.nhtsa.gov/odi/ffdd/rcl/FLAT_RCL_POST_2010.zip,Flat-file field POTAFF
24V554000,MODEL Y,2024,Potential_Units_Affected,1849638,reported,FLAT_RCL_POST_2010.zip::FLAT_RCL_POST_2010.txt,https://static.nhtsa.gov/odi/ffdd/rcl/FLAT_RCL_POST_2010.zip,Flat-file field POTAFF
24V554000,MODEL Y,2024,Potential_Units_Affected,1849638,reported,FLAT_RCL_POST_2010.zip::FLAT_RCL_POST_2010.txt,https://static.nhtsa.gov/odi/ffdd/rcl/FLAT_RCL_POST_2010.zip,Flat-file field POTAFF
24V554000,MODEL X,2024,Potential_Units_Affected,1849638,reported,FLAT_RCL_POST_2010.zip::FLAT_RCL_POST_2010.txt,https://static.nhtsa.gov/odi/ffdd/rcl/FLAT_RCL_POST_2010.zip,Flat-file field POTAFF
24V284000,MODEL 3,2024,Potential_Units_Affected,1,reported,FLAT_RCL_POST_2010.zip::FLAT_RCL_POST_2010.txt,https://static.nhtsa.gov/odi/ffdd/rcl/FLAT_RCL_POST_2010.zip,Flat-file field POTAFF
24V832000,CYBERTRUCK,2024,Potential_Units_Affected,2431,reported,FLAT_RCL_POST_2010.zip::FLAT_RCL_POST_2010.txt,https://static.nhtsa.gov/odi/ffdd/rcl/FLAT_RCL_POST_2010.zip,Flat-file field POTAFF
24V035000,MODEL S,2023,Potential_Units_Affected,199575,reported,FLAT_RCL_POST_2010.zip::FLAT_RCL_POST_2010.txt,https://static.nhtsa.gov/odi/ffdd/rcl/FLAT_RCL_POST_2010.zip,Flat-file field POTAFF
24V035000,MODEL Y,2023,Potential_Units_Affected,199575,reported,FLAT_RCL_POST_2010.zip::FLAT_RCL_POST_2010.txt,https://static.nhtsa.gov/odi/ffdd/rcl/FLAT_RCL_POST_2010.zip,Flat-file field POTAFF
24V035000,MODEL X,2023,Potential_Units_Affected,199575,reported,FLAT_RCL_POST_2010.zip::FLAT_RCL_POST_2010.txt,https://static.nhtsa.gov/odi/ffdd/rcl/FLAT_RCL_POST_2010.zip,Flat-file field POTAFF
24V153000,MODEL 3,2022,Potential_Units_Affected,6557,reported,FLAT_RCL_POST_2010.zip::FLAT_RCL_POST_2010.txt,https://static.nhtsa.gov/odi/ffdd/rcl/FLAT_RCL_POST_2010.zip,Flat-file field POTAFF
24V153000,MODEL 3,2022,Potential_Units_Affected,6557,reported,FLAT_RCL_POST_2010.zip::FLAT_RCL_POST_2010.txt,https://static.nhtsa.gov/odi/ffdd/rcl/FLAT_RCL_POST_2010.zip,Flat-file field POTAFF
24V153000,MODEL Y,2022,Potential_Units_Affected,6557,reported,FLAT_RCL_POST_2010.zip::FLAT_RCL_POST_2010.txt,https://static.nhtsa.gov/odi/ffdd/rcl/FLAT_RCL_POST_2010.zip,Flat-file field POTAFF
24V153000,MODEL Y,2022,Potential_Units_Affected,6557,reported,FLAT_RCL_POST_2010.zip::FLAT_RCL_POST_2010.txt,https://static.nhtsa.gov/odi/ffdd/rcl/FLAT_RCL_POST_2010.zip,Flat-file field POTAFF
24V153000,MODEL X,2021,Potential_Units_Affected,6557,reported,FLAT_RCL_POST_2010.zip::FLAT_RCL_POST_2010.txt,https://static.nhtsa.gov/odi/ffdd/rcl/FLAT_RCL_POST_2010.zip,Flat-file field POTAFF
24V153000,MODEL X,2021,Potential_Units_Affected,6557,reported,FLAT_RCL_POST_2010.zip::FLAT_RCL_POST_2010.txt,https://static.nhtsa.gov/odi/ffdd/rcl/FLAT_RCL_POST_2010.zip,Flat-file field POTAFF
24V153000,MODEL 3,2021,Potential_Units_Affected,6557,reported,FLAT_RCL_POST_2010.zip::FLAT_RCL_POST_2010.txt,https://static.nhtsa.gov/odi/ffdd/rcl/FLAT_RCL_POST_2010.zip,Flat-file field POTAFF
24V153000,MODEL 3,2021,Potential_Units_Affected,6557,reported,FLAT_RCL_POST_2010.zip::FLAT_RCL_POST_2010.txt,https://static.nhtsa.gov/odi/ffdd/rcl/FLAT_RCL_POST_2010.zip,Flat-file field POTAFF
24V153000,MODEL Y,2021,Potential_Units_Affected,6557,reported,FLAT_RCL_POST_2010.zip::FLAT_RCL_POST_2010.txt,https://static.nhtsa.gov/odi/ffdd/rcl/FLAT_RCL_POST_2010.zip,Flat-file field POTAFF
24V153000,MODEL Y,2021,Potential_Units_Affected,6557,reported,FLAT_RCL_POST_2010.zip::FLAT_RCL_POST_2010.txt,https://static.nhtsa.gov/odi/ffdd/rcl/FLAT_RCL_POST_2010.zip,Flat-file field POTAFF
24V153000,MODEL S,2021,Potential_Units_Affected,6557,reported,FLAT_RCL_POST_2010.zip::FLAT_RCL_POST_2010.txt,https://static.nhtsa.gov/odi/ffdd/rcl/FLAT_RCL_POST_2010.zip,Flat-file field POTAFF
24V153000,MODEL S,2021,Potential_Units_Affected,6557,reported,FLAT_RCL_POST_2010.zip::FLAT_RCL_POST_2010.txt,https://static.nhtsa.gov/odi/ffdd/rcl/FLAT_RCL_POST_2010.zip,Flat-file field POTAFF
24V153000,MODEL S,2020,Potential_Units_Affected,6557,reported,FLAT_RCL_POST_2010.zip::FLAT_RCL_POST_2010.txt,https://static.nhtsa.gov/odi/ffdd/rcl/FLAT_RCL_POST_2010.zip,Flat-file field POTAFF
24V153000,MODEL S,2020,Potential_Units_Affected,6557,reported,FLAT_RCL_POST_2010.zip::FLAT_RCL_POST_2010.txt,https://static.nhtsa.gov/odi/ffdd/rcl/FLAT_RCL_POST_2010.zip,Flat-file field POTAFF
24V153000,MODEL Y,2020,Potential_Units_Affected,6557,reported,FLAT_RCL_POST_2010.zip::FLAT_RCL_POST_2010.txt,https://static.nhtsa.gov/odi/ffdd/rcl/FLAT_RCL_POST_2010.zip,Flat-file field POTAFF
24V153000,MODEL Y,2020,Potential_Units_Affected,6557,reported,FLAT_RCL_POST_2010.zip::FLAT_RCL_POST_2010.txt,https://static.nhtsa.gov/odi/ffdd/rcl/FLAT_RCL_POST_2010.zip,Flat-file field POTAFF
24V153000,MODEL X,2020,Potential_Units_Affected,6557,reported,FLAT_RCL_POST_2010.zip::FLAT_RCL_POST_2010.txt,https://static.nhtsa.gov/odi/ffdd/rcl/FLAT_RCL_POST_2010.zip,Flat-file field POTAFF
24V153000,MODEL X,2020,Potential_Units_Affected,6557,reported,FLAT_RCL_POST_2010.zip::FLAT_RCL_POST_2010.txt,https://static.nhtsa.gov/odi/ffdd/rcl/FLAT_RCL_POST_2010.zip,Flat-file field POTAFF
24V153000,MODEL 3,2020,Potential_Units_Affected,6557,reported,FLAT_RCL_POST_2010.zip::FLAT_RCL_POST_2010.txt,https://static.nhtsa.gov/odi/ffdd/rcl/FLAT_RCL_POST_2010.zip,Flat-file field POTAFF
24V153000,MODEL 3,2020,Potential_Units_Affected,6557,reported,FLAT_RCL_POST_2010.zip::FLAT_RCL_POST_2010.txt,https://static.nhtsa.gov/odi/ffdd/rcl/FLAT_RCL_POST_2010.zip,Flat-file field POTAFF
24V153000,MODEL 3,2019,Potential_Units_Affected,6557,reported,FLAT_RCL_POST_2010.zip::FLAT_RCL_POST_2010.txt,https://static.nhtsa.gov/odi/ffdd/rcl/FLAT_RCL_POST_2010.zip,Flat-file field POTAFF
24V153000,MODEL 3,2019,Potential_Units_Affected,6557,reported,FLAT_RCL_POST_2010.zip::FLAT_RCL_POST_2010.txt,https://static.nhtsa.gov/odi/ffdd/rcl/FLAT_RCL_POST_2010.zip,Flat-file field POTAFF
24V153000,MODEL S,2019,Potential_Units_Affected,6557,reported,FLAT_RCL_POST_2010.zip::FLAT_RCL_POST_2010.txt,https://static.nhtsa.gov/odi/ffdd/rcl/FLAT_RCL_POST_2010.zip,Flat-file field POTAFF
24V153000,MODEL S,2019,Potential_Units_Affected,6557,reported,FLAT_RCL_POST_2010.zip::FLAT_RCL_POST_2010.txt,https://static.nhtsa.gov/odi/ffdd/rcl/FLAT_RCL_POST_2010.zip,Flat-file field POTAFF
24V153000,MODEL 3,2018,Potential_Units_Affected,6557,reported,FLAT_RCL_POST_2010.zip::FLAT_RCL_POST_2010.txt,https://static.nhtsa.gov/odi/ffdd/rcl/FLAT_RCL_POST_2010.zip,Flat-file field POTAFF
24V153000,MODEL 3,2018,Potential_Units_Affected,6557,reported,FLAT_RCL_POST_2010.zip::FLAT_RCL_POST_2010.txt,https://static.nhtsa.gov/odi/ffdd/rcl/FLAT_RCL_POST_2010.zip,Flat-file field POTAFF
24V153000,MODEL S,2018,Potential_Units_Affected,6557,reported,FLAT_RCL_POST_2010.zip::FLAT_RCL_POST_2010.txt,https://static.nhtsa.gov/odi/ffdd/rcl/FLAT_RCL_POST_2010.zip,Flat-file field POTAFF
24V153000,MODEL S,2018,Potential_Units_Affected,6557,reported,FLAT_RCL_POST_2010.zip::FLAT_RCL_POST_2010.txt,https://static.nhtsa.gov/odi/ffdd/rcl/FLAT_RCL_POST_2010.zip,Flat-file field POTAFF
24V153000,MODEL S,2013,Potential_Units_Affected,6557,reported,FLAT_RCL_POST_2010.zip::FLAT_RCL_POST_2010.txt,https://static.nhtsa.gov/odi/ffdd/rcl/FLAT_RCL_POST_2010.zip,Flat-file field POTAFF
24V153000,MODEL S,2013,Potential_Units_Affected,6557,reported,FLAT_RCL_POST_2010.zip::FLAT_RCL_POST_2010.txt,https://static.nhtsa.gov/odi/ffdd/rcl/FLAT_RCL_POST_2010.zip,Flat-file field POTAFF
24V276000,CYBERTRUCK,2024,Potential_Units_Affected,3878,reported,FLAT_RCL_POST_2010.zip::FLAT_RCL_POST_2010.txt,https://static.nhtsa.gov/odi/ffdd/rcl/FLAT_RCL_POST_2010.zip,Flat-file field POTAFF
24V886000,MODEL Y,2024,Potential_Units_Affected,27,reported,FLAT_RCL_POST_2010.zip::FLAT_RCL_POST_2010.txt,https://static.nhtsa.gov/odi/ffdd/rcl/FLAT_RCL_POST_2010.zip,Flat-file field POTAFF
24V967000,MODEL X,2021,Potential_Units_Affected,487,reported,FLAT_RCL_POST_2010.zip::FLAT_RCL_POST_2010.txt,https://static.nhtsa.gov/odi/ffdd/rcl/FLAT_RCL_POST_2010.zip,Flat-file field POTAFF
24V967000,MODEL S,2021,Potential_Units_Affected,487,reported,FLAT_RCL_POST_2010.zip::FLAT_RCL_POST_2010.txt,https://static.nhtsa.gov/odi/ffdd/rcl/FLAT_RCL_POST_2010.zip,Flat-file field POTAFF
24V967000,MODEL S,2022,Potential_Units_Affected,487,reported,FLAT_RCL_POST_2010.zip::FLAT_RCL_POST_2010.txt,https://static.nhtsa.gov/odi/ffdd/rcl/FLAT_RCL_POST_2010.zip,Flat-file field POTAFF
24V967000,MODEL X,2022,Potential_Units_Affected,487,reported,FLAT_RCL_POST_2010.zip::FLAT_RCL_POST_2010.txt,https://static.nhtsa.gov/odi/ffdd/rcl/FLAT_RCL_POST_2010.zip,Flat-file field POTAFF
24V967000,MODEL X,2023,Potential_Units_Affected,487,reported,FLAT_RCL_POST_2010.zip::FLAT_RCL_POST_2010.txt,https://static.nhtsa.gov/odi/ffdd/rcl/FLAT_RCL_POST_2010.zip,Flat-file field POTAFF
24V967000,MODEL S,2023,Potential_Units_Affected,487,reported,FLAT_RCL_POST_2010.zip::FLAT_RCL_POST_2010.txt,https://static.nhtsa.gov/odi/ffdd/rcl/FLAT_RCL_POST_2010.zip,Flat-file field POTAFF
24V967000,MODEL X,2024,Potential_Units_Affected,487,reported,FLAT_RCL_POST_2010.zip::FLAT_RCL_POST_2010.txt,https://static.nhtsa.gov/odi/ffdd/rcl/FLAT_RCL_POST_2010.zip,Flat-file field POTAFF
24V967000,MODEL S,2024,Potential_Units_Affected,487,reported,FLAT_RCL_POST_2010.zip::FLAT_RCL_POST_2010.txt,https://static.nhtsa.gov/odi/ffdd/rcl/FLAT_RCL_POST_2010.zip,Flat-file field POTAFF
24V967000,MODEL S,2025,Potential_Units_Affected,487,reported,FLAT_RCL_POST_2010.zip::FLAT_RCL_POST_2010.txt,https://static.nhtsa.gov/odi/ffdd/rcl/FLAT_RCL_POST_2010.zip,Flat-file field POTAFF
24V967000,MODEL X,2025,Potential_Units_Affected,487,reported,FLAT_RCL_POST_2010.zip::FLAT_RCL_POST_2010.txt,https://static.nhtsa.gov/odi/ffdd/rcl/FLAT_RCL_POST_2010.zip,Flat-file field POTAFF
24V376000,MODEL S,2012,Potential_Units_Affected,125233,reported,FLAT_RCL_POST_2010.zip::FLAT_RCL_POST_2010.txt,https://static.nhtsa.gov/odi/ffdd/rcl/FLAT_RCL_POST_2010.zip,Flat-file field POTAFF
24V376000,MODEL S,2012,Potential_Units_Affected,125233,reported,FLAT_RCL_POST_2010.zip::FLAT_RCL_POST_2010.txt,https://static.nhtsa.gov/odi/ffdd/rcl/FLAT_RCL_POST_2010.zip,Flat-file field POTAFF
24V376000,MODEL S,2013,Potential_Units_Affected,125233,reported,FLAT_RCL_POST_2010.zip::FLAT_RCL_POST_2010.txt,https://static.nhtsa.gov/odi/ffdd/rcl/FLAT_RCL_POST_2010.zip,Flat-file field POTAFF
24V376000,MODEL S,2013,Potential_Units_Affected,125233,reported,FLAT_RCL_POST_2010.zip::FLAT_RCL_POST_2010.txt,https://static.nhtsa.gov/odi/ffdd/rcl/FLAT_RCL_POST_2010.zip,Flat-file field POTAFF
24V376000,MODEL S,2014,Potential_Units_Affected,125233,reported,FLAT_RCL_POST_2010.zip::FLAT_RCL_POST_2010.txt,https://static.nhtsa.gov/odi/ffdd/rcl/FLAT_RCL_POST_2010.zip,Flat-file field POTAFF
24V376000,MODEL S,2014,Potential_Units_Affected,125233,reported,FLAT_RCL_POST_2010.zip::FLAT_RCL_POST_2010.txt,https://static.nhtsa.gov/odi/ffdd/rcl/FLAT_RCL_POST_2010.zip,Flat-file field POTAFF
24V376000,MODEL S,2015,Potential_Units_Affected,125233,reported,FLAT_RCL_POST_2010.zip::FLAT_RCL_POST_2010.txt,https://static.nhtsa.gov/odi/ffdd/rcl/FLAT_RCL_POST_2010.zip,Flat-file field POTAFF
24V376000,MODEL S,2015,Potential_Units_Affected,125233,reported,FLAT_RCL_POST_2010.zip::FLAT_RCL_POST_2010.txt,https://static.nhtsa.gov/odi/ffdd/rcl/FLAT_RCL_POST_2010.zip,Flat-file field POTAFF
24V376000,MODEL X,2016,Potential_Units_Affected,125233,reported,FLAT_RCL_POST_2010.zip::FLAT_RCL_POST_2010.txt,https://static.nhtsa.gov/odi/ffdd/rcl/FLAT_RCL_POST_2010.zip,Flat-file field POTAFF
24V376000,MODEL X,2016,Potential_Units_Affected,125233,reported,FLAT_RCL_POST_2010.zip::FLAT_RCL_POST_2010.txt,https://static.nhtsa.gov/odi/ffdd/rcl/FLAT_RCL_POST_2010.zip,Flat-file field POTAFF
24V376000,MODEL S,2016,Potential_Units_Affected,125233,reported,FLAT_RCL_POST_2010.zip::FLAT_RCL_POST_2010.txt,https://static.nhtsa.gov/odi/ffdd/rcl/FLAT_RCL_POST_2010.zip,Flat-file field POTAFF
24V376000,MODEL 3,2017,Potential_Units_Affected,125233,reported,FLAT_RCL_POST_2010.zip::FLAT_RCL_POST_2010.txt,https://static.nhtsa.gov/odi/ffdd/rcl/FLAT_RCL_POST_2010.zip,Flat-file field POTAFF
24V376000,MODEL S,2016,Potential_Units_Affected,125233,reported,FLAT_RCL_POST_2010.zip::FLAT_RCL_POST_2010.txt,https://static.nhtsa.gov/odi/ffdd/rcl/FLAT_RCL_POST_2010.zip,Flat-file field POTAFF
24V376000,MODEL S,2017,Potential_Units_Affected,125233,reported,FLAT_RCL_POST_2010.zip::FLAT_RCL_POST_2010.txt,https://static.nhtsa.gov/odi/ffdd/rcl/FLAT_RCL_POST_2010.zip,Flat-file field POTAFF
24V376000,MODEL S,2017,Potential_Units_Affected,125233,reported,FLAT_RCL_POST_2010.zip::FLAT_RCL_POST_2010.txt,https://static.nhtsa.gov/odi/ffdd/rcl/FLAT_RCL_POST_2010.zip,Flat-file field POTAFF
24V376000,MODEL X,2017,Potential_Units_Affected,125233,reported,FLAT_RCL_POST_2010.zip::FLAT_RCL_POST_2010.txt,https://static.nhtsa.gov/odi/ffdd/rcl/FLAT_RCL_POST_2010.zip,Flat-file field POTAFF
24V376000,MODEL X,2017,Potential_Units_Affected,125233,reported,FLAT_RCL_POST_2010.zip::FLAT_RCL_POST_2010.txt,https://static.nhtsa.gov/odi/ffdd/rcl/FLAT_RCL_POST_2010.zip,Flat-file field POTAFF
24V376000,MODEL 3,2017,Potential_Units_Affected,125233,reported,FLAT_RCL_POST_2010.zip::FLAT_RCL_POST_2010.txt,https://static.nhtsa.gov/odi/ffdd/rcl/FLAT_RCL_POST_2010.zip,Flat-file field POTAFF
24V376000,MODEL S,2018,Potential_Units_Affected,125233,reported,FLAT_RCL_POST_2010.zip::FLAT_RCL_POST_2010.txt,https://static.nhtsa.gov/odi/ffdd/rcl/FLAT_RCL_POST_2010.zip,Flat-file field POTAFF
24V376000,MODEL S,2018,Potential_Units_Affected,125233,reported,FLAT_RCL_POST_2010.zip::FLAT_RCL_POST_2010.txt,https://static.nhtsa.gov/odi/ffdd/rcl/FLAT_RCL_POST_2010.zip,Flat-file field POTAFF
24V376000,MODEL X,2018,Potential_Units_Affected,125233,reported,FLAT_RCL_POST_2010.zip::FLAT_RCL_POST_2010.txt,https://static.nhtsa.gov/odi/ffdd/rcl/FLAT_RCL_POST_2010.zip,Flat-file field POTAFF
24V376000,MODEL X,2018,Potential_Units_Affected,125233,reported,FLAT_RCL_POST_2010.zip::FLAT_RCL_POST_2010.txt,https://static.nhtsa.gov/odi/ffdd/rcl/FLAT_RCL_POST_2010.zip,Flat-file field POTAFF
24V376000,MODEL 3,2018,Potential_Units_Affected,125233,reported,FLAT_RCL_POST_2010.zip::FLAT_RCL_POST_2010.txt,https://static.nhtsa.gov/odi/ffdd/rcl/FLAT_RCL_POST_2010.zip,Flat-file field POTAFF
24V376000,MODEL 3,2018,Potential_Units_Affected,125233,reported,FLAT_RCL_POST_2010.zip::FLAT_RCL_POST_2010.txt,https://static.nhtsa.gov/odi/ffdd/rcl/FLAT_RCL_POST_2010.zip,Flat-file field POTAFF
24V376000,MODEL S,2019,Potential_Units_Affected,125233,reported,FLAT_RCL_POST_2010.zip::FLAT_RCL_POST_2010.txt,https://static.nhtsa.gov/odi/ffdd/rcl/FLAT_RCL_POST_2010.zip,Flat-file field POTAFF
24V376000,MODEL S,2019,Potential_Units_Affected,125233,reported,FLAT_RCL_POST_2010.zip::FLAT_RCL_POST_2010.txt,https://static.nhtsa.gov/odi/ffdd/rcl/FLAT_RCL_POST_2010.zip,Flat-file field POTAFF
24V376000,MODEL X,2019,Potential_Units_Affected,125233,reported,FLAT_RCL_POST_2010.zip::FLAT_RCL_POST_2010.txt,https://static.nhtsa.gov/odi/ffdd/rcl/FLAT_RCL_POST_2010.zip,Flat-file field POTAFF
24V376000,MODEL X,2020,Potential_Units_Affected,125233,reported,FLAT_RCL_POST_2010.zip::FLAT_RCL_POST_2010.txt,https://static.nhtsa.gov/odi/ffdd/rcl/FLAT_RCL_POST_2010.zip,Flat-file field POTAFF
24V376000,MODEL X,2019,Potential_Units_Affected,125233,reported,FLAT_RCL_POST_2010.zip::FLAT_RCL_POST_2010.txt,https://static.nhtsa.gov/odi/ffdd/rcl/FLAT_RCL_POST_2010.zip,Flat-file field POTAFF
24V376000,MODEL 3,2019,Potential_Units_Affected,125233,reported,FLAT_RCL_POST_2010.zip::FLAT_RCL_POST_2010.txt,https://static.nhtsa.gov/odi/ffdd/rcl/FLAT_RCL_POST_2010.zip,Flat-file field POTAFF
24V376000,MODEL 3,2019,Potential_Units_Affected,125233,reported,FLAT_RCL_POST_2010.zip::FLAT_RCL_POST_2010.txt,https://static.nhtsa.gov/odi/ffdd/rcl/FLAT_RCL_POST_2010.zip,Flat-file field POTAFF
24V376000,MODEL 3,2020,Potential_Units_Affected,125233,reported,FLAT_RCL_POST_2010.zip::FLAT_RCL_POST_2010.txt,https://static.nhtsa.gov/odi/ffdd/rcl/FLAT_RCL_POST_2010.zip,Flat-file field POTAFF
24V376000,MODEL 3,2020,Potential_Units_Affected,125233,reported,FLAT_RCL_POST_2010.zip::FLAT_RCL_POST_2010.txt,https://static.nhtsa.gov/odi/ffdd/rcl/FLAT_RCL_POST_2010.zip,Flat-file field POTAFF
24V376000,MODEL X,2020,Potential_Units_Affected,125233,reported,FLAT_RCL_POST_2010.zip::FLAT_RCL_POST_2010.txt,https://static.nhtsa.gov/odi/ffdd/rcl/FLAT_RCL_POST_2010.zip,Flat-file field POTAFF
24V376000,MODEL Y,2020,Potential_Units_Affected,125233,reported,FLAT_RCL_POST_2010.zip::FLAT_RCL_POST_2010.txt,https://static.nhtsa.gov/odi/ffdd/rcl/FLAT_RCL_POST_2010.zip,Flat-file field POTAFF
24V376000,MODEL Y,2020,Potential_Units_Affected,125233,reported,FLAT_RCL_POST_2010.zip::FLAT_RCL_POST_2010.txt,https://static.nhtsa.gov/odi/ffdd/rcl/FLAT_RCL_POST_2010.zip,Flat-file field POTAFF
24V376000,MODEL S,2020,Potential_Units_Affected,125233,reported,FLAT_RCL_POST_2010.zip::FLAT_RCL_POST_2010.txt,https://static.nhtsa.gov/odi/ffdd/rcl/FLAT_RCL_POST_2010.zip,Flat-file field POTAFF
24V376000,MODEL S,2020,Potential_Units_Affected,125233,reported,FLAT_RCL_POST_2010.zip::FLAT_RCL_POST_2010.txt,https://static.nhtsa.gov/odi/ffdd/rcl/FLAT_RCL_POST_2010.zip,Flat-file field POTAFF
24V376000,MODEL S,2021,Potential_Units_Affected,125233,reported,FLAT_RCL_POST_2010.zip::FLAT_RCL_POST_2010.txt,https://static.nhtsa.gov/odi/ffdd/rcl/FLAT_RCL_POST_2010.zip,Flat-file field POTAFF
24V376000,MODEL S,2021,Potential_Units_Affected,125233,reported,FLAT_RCL_POST_2010.zip::FLAT_RCL_POST_2010.txt,https://static.nhtsa.gov/odi/ffdd/rcl/FLAT_RCL_POST_2010.zip,Flat-file field POTAFF
24V376000,MODEL Y,2021,Potential_Units_Affected,125233,reported,FLAT_RCL_POST_2010.zip::FLAT_RCL_POST_2010.txt,https://static.nhtsa.gov/odi/ffdd/rcl/FLAT_RCL_POST_2010.zip,Flat-file field POTAFF
24V376000,MODEL Y,2021,Potential_Units_Affected,125233,reported,FLAT_RCL_POST_2010.zip::FLAT_RCL_POST_2010.txt,https://static.nhtsa.gov/odi/ffdd/rcl/FLAT_RCL_POST_2010.zip,Flat-file field POTAFF
24V376000,MODEL 3,2021,Potential_Units_Affected,125233,reported,FLAT_RCL_POST_2010.zip::FLAT_RCL_POST_2010.txt,https://static.nhtsa.gov/odi/ffdd/rcl/FLAT_RCL_POST_2010.zip,Flat-file field POTAFF
24V376000,MODEL 3,2022,Potential_Units_Affected,125233,reported,FLAT_RCL_POST_2010.zip::FLAT_RCL_POST_2010.txt,https://static.nhtsa.gov/odi/ffdd/rcl/FLAT_RCL_POST_2010.zip,Flat-file field POTAFF
24V376000,MODEL 3,2021,Potential_Units_Affected,125233,reported,FLAT_RCL_POST_2010.zip::FLAT_RCL_POST_2010.txt,https://static.nhtsa.gov/odi/ffdd/rcl/FLAT_RCL_POST_2010.zip,Flat-file field POTAFF
24V376000,MODEL X,2021,Potential_Units_Affected,125233,reported,FLAT_RCL_POST_2010.zip::FLAT_RCL_POST_2010.txt,https://static.nhtsa.gov/odi/ffdd/rcl/FLAT_RCL_POST_2010.zip,Flat-file field POTAFF
24V376000,MODEL X,2021,Potential_Units_Affected,125233,reported,FLAT_RCL_POST_2010.zip::FLAT_RCL_POST_2010.txt,https://static.nhtsa.gov/odi/ffdd/rcl/FLAT_RCL_POST_2010.zip,Flat-file field POTAFF
24V376000,MODEL Y,2022,Potential_Units_Affected,125233,reported,FLAT_RCL_POST_2010.zip::FLAT_RCL_POST_2010.txt,https://static.nhtsa.gov/odi/ffdd/rcl/FLAT_RCL_POST_2010.zip,Flat-file field POTAFF
24V376000,MODEL Y,2022,Potential_Units_Affected,125233,reported,FLAT_RCL_POST_2010.zip::FLAT_RCL_POST_2010.txt,https://static.nhtsa.gov/odi/ffdd/rcl/FLAT_RCL_POST_2010.zip,Flat-file field POTAFF
24V376000,MODEL 3,2022,Potential_Units_Affected,125233,reported,FLAT_RCL_POST_2010.zip::FLAT_RCL_POST_2010.txt,https://static.nhtsa.gov/odi/ffdd/rcl/FLAT_RCL_POST_2010.zip,Flat-file field POTAFF
24V376000,MODEL S,2022,Potential_Units_Affected,125233,reported,FLAT_RCL_POST_2010.zip::FLAT_RCL_POST_2010.txt,https://static.nhtsa.gov/odi/ffdd/rcl/FLAT_RCL_POST_2010.zip,Flat-file field POTAFF
24V376000,MODEL S,2022,Potential_Units_Affected,125233,reported,FLAT_RCL_POST_2010.zip::FLAT_RCL_POST_2010.txt,https://static.nhtsa.gov/odi/ffdd/rcl/FLAT_RCL_POST_2010.zip,Flat-file field POTAFF
24V376000,MODEL X,2022,Potential_Units_Affected,125233,reported,FLAT_RCL_POST_2010.zip::FLAT_RCL_POST_2010.txt,https://static.nhtsa.gov/odi/ffdd/rcl/FLAT_RCL_POST_2010.zip,Flat-file field POTAFF
24V376000,MODEL X,2022,Potential_Units_Affected,125233,reported,FLAT_RCL_POST_2010.zip::FLAT_RCL_POST_2010.txt,https://static.nhtsa.gov/odi/ffdd/rcl/FLAT_RCL_POST_2010.zip,Flat-file field POTAFF
24V376000,MODEL 3,2023,Potential_Units_Affected,125233,reported,FLAT_RCL_POST_2010.zip::FLAT_RCL_POST_2010.txt,https://static.nhtsa.gov/odi/ffdd/rcl/FLAT_RCL_POST_2010.zip,Flat-file field POTAFF
24V376000,MODEL 3,2023,Potential_Units_Affected,125233,reported,FLAT_RCL_POST_2010.zip::FLAT_RCL_POST_2010.txt,https://static.nhtsa.gov/odi/ffdd/rcl/FLAT_RCL_POST_2010.zip,Flat-file field POTAFF
24V376000,MODEL X,2023,Potential_Units_Affected,125233,reported,FLAT_RCL_POST_2010.zip::FLAT_RCL_POST_2010.txt,https://static.nhtsa.gov/odi/ffdd/rcl/FLAT_RCL_POST_2010.zip,Flat-file field POTAFF
24V376000,MODEL X,2023,Potential_Units_Affected,125233,reported,FLAT_RCL_POST_2010.zip::FLAT_RCL_POST_2010.txt,https://static.nhtsa.gov/odi/ffdd/rcl/FLAT_RCL_POST_2010.zip,Flat-file field POTAFF
24V376000,MODEL Y,2023,Potential_Units_Affected,125233,reported,FLAT_RCL_POST_2010.zip::FLAT_RCL_POST_2010.txt,https://static.nhtsa.gov/odi/ffdd/rcl/FLAT_RCL_POST_2010.zip,Flat-file field POTAFF
24V376000,MODEL S,2024,Potential_Units_Affected,125233,reported,FLAT_RCL_POST_2010.zip::FLAT_RCL_POST_2010.txt,https://static.nhtsa.gov/odi/ffdd/rcl/FLAT_RCL_POST_2010.zip,Flat-file field POTAFF
24V376000,MODEL Y,2023,Potential_Units_Affected,125233,reported,FLAT_RCL_POST_2010.zip::FLAT_RCL_POST_2010.txt,https://static.nhtsa.gov/odi/ffdd/rcl/FLAT_RCL_POST_2010.zip,Flat-file field POTAFF
24V376000,MODEL S,2023,Potential_Units_Affected,125233,reported,FLAT_RCL_POST_2010.zip::FLAT_RCL_POST_2010.txt,https://static.nhtsa.gov/odi/ffdd/rcl/FLAT_RCL_POST_2010.zip,Flat-file field POTAFF
24V376000,MODEL S,2023,Potential_Units_Affected,125233,reported,FLAT_RCL_POST_2010.zip::FLAT_RCL_POST_2010.txt,https://static.nhtsa.gov/odi/ffdd/rcl/FLAT_RCL_POST_2010.zip,Flat-file field POTAFF
24V376000,MODEL X,2024,Potential_Units_Affected,125233,reported,FLAT_RCL_POST_2010.zip::FLAT_RCL_POST_2010.txt,https://static.nhtsa.gov/odi/ffdd/rcl/FLAT_RCL_POST_2010.zip,Flat-file field POTAFF
24V376000,MODEL X,2024,Potential_Units_Affected,125233,reported,FLAT_RCL_POST_2010.zip::FLAT_RCL_POST_2010.txt,https://static.nhtsa.gov/odi/ffdd/rcl/FLAT_RCL_POST_2010.zip,Flat-file field POTAFF
24V376000,MODEL S,2024,Potential_Units_Affected,125233,reported,FLAT_RCL_POST_2010.zip::FLAT_RCL_POST_2010.txt,https://static.nhtsa.gov/odi/ffdd/rcl/FLAT_RCL_POST_2010.zip,Flat-file field POTAFF
24V376000,MODEL X,2015,Potential_Units_Affected,125233,reported,FLAT_RCL_POST_2010.zip::FLAT_RCL_POST_2010.txt,https://static.nhtsa.gov/odi/ffdd/rcl/FLAT_RCL_POST_2010.zip,Flat-file field POTAFF
24V376000,MODEL X,2015,Potential_Units_Affected,125233,reported,FLAT_RCL_POST_2010.zip::FLAT_RCL_POST_2010.txt,https://static.nhtsa.gov/odi/ffdd/rcl/FLAT_RCL_POST_2010.zip,Flat-file field POTAFF
24V554000,MODEL X,2024,Potential_Units_Affected,1849638,reported,FLAT_RCL_POST_2010.zip::FLAT_RCL_POST_2010.txt,https://static.nhtsa.gov/odi/ffdd/rcl/FLAT_RCL_POST_2010.zip,Flat-file field POTAFF
24V554000,MODEL X,2024,Potential_Units_Affected,1849638,reported,FLAT_RCL_POST_2010.zip::FLAT_RCL_POST_2010.txt,https://static.nhtsa.gov/odi/ffdd/rcl/FLAT_RCL_POST_2010.zip,Flat-file field POTAFF
24V554000,MODEL X,2024,Potential_Units_Affected,1849638,reported,FLAT_RCL_POST_2010.zip::FLAT_RCL_POST_2010.txt,https://static.nhtsa.gov/odi/ffdd/rcl/FLAT_RCL_POST_2010.zip,Flat-file field POTAFF
24V554000,MODEL S,2023,Potential_Units_Affected,1849638,reported,FLAT_RCL_POST_2010.zip::FLAT_RCL_POST_2010.txt,https://static.nhtsa.gov/odi/ffdd/rcl/FLAT_RCL_POST_2010.zip,Flat-file field POTAFF
24V554000,MODEL S,2023,Potential_Units_Affected,1849638,reported,FLAT_RCL_POST_2010.zip::FLAT_RCL_POST_2010.txt,https://static.nhtsa.gov/odi/ffdd/rcl/FLAT_RCL_POST_2010.zip,Flat-file field POTAFF
24V554000,MODEL S,2023,Potential_Units_Affected,1849638,reported,FLAT_RCL_POST_2010.zip::FLAT_RCL_POST_2010.txt,https://static.nhtsa.gov/odi/ffdd/rcl/FLAT_RCL_POST_2010.zip,Flat-file field POTAFF
24V554000,MODEL S,2023,Potential_Units_Affected,1849638,reported,FLAT_RCL_POST_2010.zip::FLAT_RCL_POST_2010.txt,https://static.nhtsa.gov/odi/ffdd/rcl/FLAT_RCL_POST_2010.zip,Flat-file field POTAFF
24V554000,MODEL Y,2023,Potential_Units_Affected,1849638,reported,FLAT_RCL_POST_2010.zip::FLAT_RCL_POST_2010.txt,https://static.nhtsa.gov/odi/ffdd/rcl/FLAT_RCL_POST_2010.zip,Flat-file field POTAFF
24V554000,MODEL Y,2023,Potential_Units_Affected,1849638,reported,FLAT_RCL_POST_2010.zip::FLAT_RCL_POST_2010.txt,https://static.nhtsa.gov/odi/ffdd/rcl/FLAT_RCL_POST_2010.zip,Flat-file field POTAFF
24V554000,MODEL Y,2023,Potential_Units_Affected,1849638,reported,FLAT_RCL_POST_2010.zip::FLAT_RCL_POST_2010.txt,https://static.nhtsa.gov/odi/ffdd/rcl/FLAT_RCL_POST_2010.zip,Flat-file field POTAFF
24V554000,MODEL Y,2023,Potential_Units_Affected,1849638,reported,FLAT_RCL_POST_2010.zip::FLAT_RCL_POST_2010.txt,https://static.nhtsa.gov/odi/ffdd/rcl/FLAT_RCL_POST_2010.zip,Flat-file field POTAFF
24V554000,MODEL X,2023,Potential_Units_Affected,1849638,reported,FLAT_RCL_POST_2010.zip::FLAT_RCL_POST_2010.txt,https://static.nhtsa.gov/odi/ffdd/rcl/FLAT_RCL_POST_2010.zip,Flat-file field POTAFF
24V554000,MODEL X,2023,Potential_Units_Affected,1849638,reported,FLAT_RCL_POST_2010.zip::FLAT_RCL_POST_2010.txt,https://static.nhtsa.gov/odi/ffdd/rcl/FLAT_RCL_POST_2010.zip,Flat-file field POTAFF
24V554000,MODEL X,2023,Potential_Units_Affected,1849638,reported,FLAT_RCL_POST_2010.zip::FLAT_RCL_POST_2010.txt,https://static.nhtsa.gov/odi/ffdd/rcl/FLAT_RCL_POST_2010.zip,Flat-file field POTAFF
24V554000,MODEL X,2023,Potential_Units_Affected,1849638,reported,FLAT_RCL_POST_2010.zip::FLAT_RCL_POST_2010.txt,https://static.nhtsa.gov/odi/ffdd/rcl/FLAT_RCL_POST_2010.zip,Flat-file field POTAFF
24V554000,MODEL 3,2023,Potential_Units_Affected,1849638,reported,FLAT_RCL_POST_2010.zip::FLAT_RCL_POST_2010.txt,https://static.nhtsa.gov/odi/ffdd/rcl/FLAT_RCL_POST_2010.zip,Flat-file field POTAFF
24V554000,MODEL 3,2023,Potential_Units_Affected,1849638,reported,FLAT_RCL_POST_2010.zip::FLAT_RCL_POST_2010.txt,https://static.nhtsa.gov/odi/ffdd/rcl/FLAT_RCL_POST_2010.zip,Flat-file field POTAFF
24V554000,MODEL 3,2023,Potential_Units_Affected,1849638,reported,FLAT_RCL_POST_2010.zip::FLAT_RCL_POST_2010.txt,https://static.nhtsa.gov/odi/ffdd/rcl/FLAT_RCL_POST_2010.zip,Flat-file field POTAFF
24V554000,MODEL 3,2023,Potential_Units_Affected,1849638,reported,FLAT_RCL_POST_2010.zip::FLAT_RCL_POST_2010.txt,https://static.nhtsa.gov/odi/ffdd/rcl/FLAT_RCL_POST_2010.zip,Flat-file field POTAFF
24V554000,MODEL X,2022,Potential_Units_Affected,1849638,reported,FLAT_RCL_POST_2010.zip::FLAT_RCL_POST_2010.txt,https://static.nhtsa.gov/odi/ffdd/rcl/FLAT_RCL_POST_2010.zip,Flat-file field POTAFF
24V554000,MODEL X,2022,Potential_Units_Affected,1849638,reported,FLAT_RCL_POST_2010.zip::FLAT_RCL_POST_2010.txt,https://static.nhtsa.gov/odi/ffdd/rcl/FLAT_RCL_POST_2010.zip,Flat-file field POTAFF
24V554000,MODEL X,2022,Potential_Units_Affected,1849638,reported,FLAT_RCL_POST_2010.zip::FLAT_RCL_POST_2010.txt,https://static.nhtsa.gov/odi/ffdd/rcl/FLAT_RCL_POST_2010.zip,Flat-file field POTAFF
24V554000,MODEL X,2022,Potential_Units_Affected,1849638,reported,FLAT_RCL_POST_2010.zip::FLAT_RCL_POST_2010.txt,https://static.nhtsa.gov/odi/ffdd/rcl/FLAT_RCL_POST_2010.zip,Flat-file field POTAFF
24V554000,MODEL S,2022,Potential_Units_Affected,1849638,reported,FLAT_RCL_POST_2010.zip::FLAT_RCL_POST_2010.txt,https://static.nhtsa.gov/odi/ffdd/rcl/FLAT_RCL_POST_2010.zip,Flat-file field POTAFF
24V554000,MODEL S,2022,Potential_Units_Affected,1849638,reported,FLAT_RCL_POST_2010.zip::FLAT_RCL_POST_2010.txt,https://static.nhtsa.gov/odi/ffdd/rcl/FLAT_RCL_POST_2010.zip,Flat-file field POTAFF
24V554000,MODEL S,2022,Potential_Units_Affected,1849638,reported,FLAT_RCL_POST_2010.zip::FLAT_RCL_POST_2010.txt,https://static.nhtsa.gov/odi/ffdd/rcl/FLAT_RCL_POST_2010.zip,Flat-file field POTAFF
24V554000,MODEL S,2022,Potential_Units_Affected,1849638,reported,FLAT_RCL_POST_2010.zip::FLAT_RCL_POST_2010.txt,https://static.nhtsa.gov/odi/ffdd/rcl/FLAT_RCL_POST_2010.zip,Flat-file field POTAFF
24V554000,MODEL 3,2022,Potential_Units_Affected,1849638,reported,FLAT_RCL_POST_2010.zip::FLAT_RCL_POST_2010.txt,https://static.nhtsa.gov/odi/ffdd/rcl/FLAT_RCL_POST_2010.zip,Flat-file field POTAFF
24V554000,MODEL 3,2022,Potential_Units_Affected,1849638,reported,FLAT_RCL_POST_2010.zip::FLAT_RCL_POST_2010.txt,https://static.nhtsa.gov/odi/ffdd/rcl/FLAT_RCL_POST_2010.zip,Flat-file field POTAFF
24V554000,MODEL 3,2022,Potential_Units_Affected,1849638,reported,FLAT_RCL_POST_2010.zip::FLAT_RCL_POST_2010.txt,https://static.nhtsa.gov/odi/ffdd/rcl/FLAT_RCL_POST_2010.zip,Flat-file field POTAFF
24V554000,MODEL 3,2022,Potential_Units_Affected,1849638,reported,FLAT_RCL_POST_2010.zip::FLAT_RCL_POST_2010.txt,https://static.nhtsa.gov/odi/ffdd/rcl/FLAT_RCL_POST_2010.zip,Flat-file field POTAFF
24V554000,MODEL Y,2022,Potential_Units_Affected,1849638,reported,FLAT_RCL_POST_2010.zip::FLAT_RCL_POST_2010.txt,https://static.nhtsa.gov/odi/ffdd/rcl/FLAT_RCL_POST_2010.zip,Flat-file field POTAFF
24V554000,MODEL Y,2022,Potential_Units_Affected,1849638,reported,FLAT_RCL_POST_2010.zip::FLAT_RCL_POST_2010.txt,https://static.nhtsa.gov/odi/ffdd/rcl/FLAT_RCL_POST_2010.zip,Flat-file field POTAFF
24V554000,MODEL Y,2022,Potential_Units_Affected,1849638,reported,FLAT_RCL_POST_2010.zip::FLAT_RCL_POST_2010.txt,https://static.nhtsa.gov/odi/ffdd/rcl/FLAT_RCL_POST_2010.zip,Flat-file field POTAFF
24V554000,MODEL X,2021,Potential_Units_Affected,1849638,reported,FLAT_RCL_POST_2010.zip::FLAT_RCL_POST_2010.txt,https://static.nhtsa.gov/odi/ffdd/rcl/FLAT_RCL_POST_2010.zip,Flat-file field POTAFF
24V554000,MODEL Y,2022,Potential_Units_Affected,1849638,reported,FLAT_RCL_POST_2010.zip::FLAT_RCL_POST_2010.txt,https://static.nhtsa.gov/odi/ffdd/rcl/FLAT_RCL_POST_2010.zip,Flat-file field POTAFF
24V554000,MODEL X,2021,Potential_Units_Affected,1849638,reported,FLAT_RCL_POST_2010.zip::FLAT_RCL_POST_2010.txt,https://static.nhtsa.gov/odi/ffdd/rcl/FLAT_RCL_POST_2010.zip,Flat-file field POTAFF
24V554000,MODEL X,2021,Potential_Units_Affected,1849638,reported,FLAT_RCL_POST_2010.zip::FLAT_RCL_POST_2010.txt,https://static.nhtsa.gov/odi/ffdd/rcl/FLAT_RCL_POST_2010.zip,Flat-file field POTAFF
24V554000,MODEL X,2021,Potential_Units_Affected,1849638,reported,FLAT_RCL_POST_2010.zip::FLAT_RCL_POST_2010.txt,https://static.nhtsa.gov/odi/ffdd/rcl/FLAT_RCL_POST_2010.zip,Flat-file field POTAFF
24V554000,MODEL 3,2021,Potential_Units_Affected,1849638,reported,FLAT_RCL_POST_2010.zip::FLAT_RCL_POST_2010.txt,https://static.nhtsa.gov/odi/ffdd/rcl/FLAT_RCL_POST_2010.zip,Flat-file field POTAFF
24V554000,MODEL 3,2021,Potential_Units_Affected,1849638,reported,FLAT_RCL_POST_2010.zip::FLAT_RCL_POST_2010.txt,https://static.nhtsa.gov/odi/ffdd/rcl/FLAT_RCL_POST_2010.zip,Flat-file field POTAFF
24V554000,MODEL 3,2021,Potential_Units_Affected,1849638,reported,FLAT_RCL_POST_2010.zip::FLAT_RCL_POST_2010.txt,https://static.nhtsa.gov/odi/ffdd/rcl/FLAT_RCL_POST_2010.zip,Flat-file field POTAFF
24V554000,MODEL 3,2021,Potential_Units_Affected,1849638,reported,FLAT_RCL_POST_2010.zip::FLAT_RCL_POST_2010.txt,https://static.nhtsa.gov/odi/ffdd/rcl/FLAT_RCL_POST_2010.zip,Flat-file field POTAFF
24V554000,MODEL Y,2021,Potential_Units_Affected,1849638,reported,FLAT_RCL_POST_2010.zip::FLAT_RCL_POST_2010.txt,https://static.nhtsa.gov/odi/ffdd/rcl/FLAT_RCL_POST_2010.zip,Flat-file field POTAFF
24V554000,MODEL Y,2021,Potential_Units_Affected,1849638,reported,FLAT_RCL_POST_2010.zip::FLAT_RCL_POST_2010.txt,https://static.nhtsa.gov/odi/ffdd/rcl/FLAT_RCL_POST_2010.zip,Flat-file field POTAFF
24V554000,MODEL Y,2021,Potential_Units_Affected,1849638,reported,FLAT_RCL_POST_2010.zip::FLAT_RCL_POST_2010.txt,https://static.nhtsa.gov/odi/ffdd/rcl/FLAT_RCL_POST_2010.zip,Flat-file field POTAFF
24V554000,MODEL Y,2021,Potential_Units_Affected,1849638,reported,FLAT_RCL_POST_2010.zip::FLAT_RCL_POST_2010.txt,https://static.nhtsa.gov/odi/ffdd/rcl/FLAT_RCL_POST_2010.zip,Flat-file field POTAFF
24V554000,MODEL S,2021,Potential_Units_Affected,1849638,reported,FLAT_RCL_POST_2010.zip::FLAT_RCL_POST_2010.txt,https://static.nhtsa.gov/odi/ffdd/rcl/FLAT_RCL_POST_2010.zip,Flat-file field POTAFF
24V554000,MODEL S,2021,Potential_Units_Affected,1849638,reported,FLAT_RCL_POST_2010.zip::FLAT_RCL_POST_2010.txt,https://static.nhtsa.gov/odi/ffdd/rcl/FLAT_RCL_POST_2010.zip,Flat-file field POTAFF
24V554000,MODEL S,2021,Potential_Units_Affected,1849638,reported,FLAT_RCL_POST_2010.zip::FLAT_RCL_POST_2010.txt,https://static.nhtsa.gov/odi/ffdd/rcl/FLAT_RCL_POST_2010.zip,Flat-file field POTAFF
24V554000,MODEL S,2021,Potential_Units_Affected,1849638,reported,FLAT_RCL_POST_2010.zip::FLAT_RCL_POST_2010.txt,https://static.nhtsa.gov/odi/ffdd/rcl/FLAT_RCL_POST_2010.zip,Flat-file field POTAFF
24V554000,MODEL Y,2020,Potential_Units_Affected,1849638,reported,FLAT_RCL_POST_2010.zip::FLAT_RCL_POST_2010.txt,https://static.nhtsa.gov/odi/ffdd/rcl/FLAT_RCL_POST_2010.zip,Flat-file field POTAFF
24V554000,MODEL Y,2020,Potential_Units_Affected,1849638,reported,FLAT_RCL_POST_2010.zip::FLAT_RCL_POST_2010.txt,https://static.nhtsa.gov/odi/ffdd/rcl/FLAT_RCL_POST_2010.zip,Flat-file field POTAFF
24V554000,MODEL Y,2020,Potential_Units_Affected,1849638,reported,FLAT_RCL_POST_2010.zip::FLAT_RCL_POST_2010.txt,https://static.nhtsa.gov/odi/ffdd/rcl/FLAT_RCL_POST_2010.zip,Flat-file field POTAFF
24V554000,MODEL Y,2020,Potential_Units_Affected,1849638,reported,FLAT_RCL_POST_2010.zip::FLAT_RCL_POST_2010.txt,https://static.nhtsa.gov/odi/ffdd/rcl/FLAT_RCL_POST_2010.zip,Flat-file field POTAFF
24V051000,MODEL S,2012,Potential_Units_Affected,2193869,reported,FLAT_RCL_POST_2010.zip::FLAT_RCL_POST_2010.txt,https://static.nhtsa.gov/odi/ffdd/rcl/FLAT_RCL_POST_2010.zip,Flat-file field POTAFF
24V051000,MODEL S,2013,Potential_Units_Affected,2193869,reported,FLAT_RCL_POST_2010.zip::FLAT_RCL_POST_2010.txt,https://static.nhtsa.gov/odi/ffdd/rcl/FLAT_RCL_POST_2010.zip,Flat-file field POTAFF
24V051000,MODEL S,2014,Potential_Units_Affected,2193869,reported,FLAT_RCL_POST_2010.zip::FLAT_RCL_POST_2010.txt,https://static.nhtsa.gov/odi/ffdd/rcl/FLAT_RCL_POST_2010.zip,Flat-file field POTAFF
24V051000,MODEL S,2015,Potential_Units_Affected,2193869,reported,FLAT_RCL_POST_2010.zip::FLAT_RCL_POST_2010.txt,https://static.nhtsa.gov/odi/ffdd/rcl/FLAT_RCL_POST_2010.zip,Flat-file field POTAFF
24V051000,MODEL X,2016,Potential_Units_Affected,2193869,reported,FLAT_RCL_POST_2010.zip::FLAT_RCL_POST_2010.txt,https://static.nhtsa.gov/odi/ffdd/rcl/FLAT_RCL_POST_2010.zip,Flat-file field POTAFF
24V051000,MODEL S,2016,Potential_Units_Affected,2193869,reported,FLAT_RCL_POST_2010.zip::FLAT_RCL_POST_2010.txt,https://static.nhtsa.gov/odi/ffdd/rcl/FLAT_RCL_POST_2010.zip,Flat-file field POTAFF
24V051000,MODEL S,2017,Potential_Units_Affected,2193869,reported,FLAT_RCL_POST_2010.zip::FLAT_RCL_POST_2010.txt,https://static.nhtsa.gov/odi/ffdd/rcl/FLAT_RCL_POST_2010.zip,Flat-file field POTAFF
24V051000,MODEL X,2017,Potential_Units_Affected,2193869,reported,FLAT_RCL_POST_2010.zip::FLAT_RCL_POST_2010.txt,https://static.nhtsa.gov/odi/ffdd/rcl/FLAT_RCL_POST_2010.zip,Flat-file field POTAFF
24V051000,MODEL 3,2017,Potential_Units_Affected,2193869,reported,FLAT_RCL_POST_2010.zip::FLAT_RCL_POST_2010.txt,https://static.nhtsa.gov/odi/ffdd/rcl/FLAT_RCL_POST_2010.zip,Flat-file field POTAFF
24V051000,MODEL S,2018,Potential_Units_Affected,2193869,reported,FLAT_RCL_POST_2010.zip::FLAT_RCL_POST_2010.txt,https://static.nhtsa.gov/odi/ffdd/rcl/FLAT_RCL_POST_2010.zip,Flat-file field POTAFF
24V051000,MODEL X,2018,Potential_Units_Affected,2193869,reported,FLAT_RCL_POST_2010.zip::FLAT_RCL_POST_2010.txt,https://static.nhtsa.gov/odi/ffdd/rcl/FLAT_RCL_POST_2010.zip,Flat-file field POTAFF
24V051000,MODEL 3,2018,Potential_Units_Affected,2193869,reported,FLAT_RCL_POST_2010.zip::FLAT_RCL_POST_2010.txt,https://static.nhtsa.gov/odi/ffdd/rcl/FLAT_RCL_POST_2010.zip,Flat-file field POTAFF
24V051000,MODEL S,2019,Potential_Units_Affected,2193869,reported,FLAT_RCL_POST_2010.zip::FLAT_RCL_POST_2010.txt,https://static.nhtsa.gov/odi/ffdd/rcl/FLAT_RCL_POST_2010.zip,Flat-file field POTAFF
24V051000,MODEL X,2019,Potential_Units_Affected,2193869,reported,FLAT_RCL_POST_2010.zip::FLAT_RCL_POST_2010.txt,https://static.nhtsa.gov/odi/ffdd/rcl/FLAT_RCL_POST_2010.zip,Flat-file field POTAFF
24V051000,MODEL 3,2019,Potential_Units_Affected,2193869,reported,FLAT_RCL_POST_2010.zip::FLAT_RCL_POST_2010.txt,https://static.nhtsa.gov/odi/ffdd/rcl/FLAT_RCL_POST_2010.zip,Flat-file field POTAFF
24V051000,MODEL 3,2020,Potential_Units_Affected,2193869,reported,FLAT_RCL_POST_2010.zip::FLAT_RCL_POST_2010.txt,https://static.nhtsa.gov/odi/ffdd/rcl/FLAT_RCL_POST_2010.zip,Flat-file field POTAFF
24V051000,MODEL X,2020,Potential_Units_Affected,2193869,reported,FLAT_RCL_POST_2010.zip::FLAT_RCL_POST_2010.txt,https://static.nhtsa.gov/odi/ffdd/rcl/FLAT_RCL_POST_2010.zip,Flat-file field POTAFF
24V051000,MODEL Y,2020,Potential_Units_Affected,2193869,reported,FLAT_RCL_POST_2010.zip::FLAT_RCL_POST_2010.txt,https://static.nhtsa.gov/odi/ffdd/rcl/FLAT_RCL_POST_2010.zip,Flat-file field POTAFF
24V051000,MODEL S,2020,Potential_Units_Affected,2193869,reported,FLAT_RCL_POST_2010.zip::FLAT_RCL_POST_2010.txt,https://static.nhtsa.gov/odi/ffdd/rcl/FLAT_RCL_POST_2010.zip,Flat-file field POTAFF
24V051000,MODEL S,2021,Potential_Units_Affected,2193869,reported,FLAT_RCL_POST_2010.zip::FLAT_RCL_POST_2010.txt,https://static.nhtsa.gov/odi/ffdd/rcl/FLAT_RCL_POST_2010.zip,Flat-file field POTAFF
24V051000,MODEL Y,2021,Potential_Units_Affected,2193869,reported,FLAT_RCL_POST_2010.zip::FLAT_RCL_POST_2010.txt,https://static.nhtsa.gov/odi/ffdd/rcl/FLAT_RCL_POST_2010.zip,Flat-file field POTAFF
24V051000,MODEL 3,2021,Potential_Units_Affected,2193869,reported,FLAT_RCL_POST_2010.zip::FLAT_RCL_POST_2010.txt,https://static.nhtsa.gov/odi/ffdd/rcl/FLAT_RCL_POST_2010.zip,Flat-file field POTAFF
24V051000,MODEL X,2021,Potential_Units_Affected,2193869,reported,FLAT_RCL_POST_2010.zip::FLAT_RCL_POST_2010.txt,https://static.nhtsa.gov/odi/ffdd/rcl/FLAT_RCL_POST_2010.zip,Flat-file field POTAFF
24V051000,MODEL Y,2022,Potential_Units_Affected,2193869,reported,FLAT_RCL_POST_2010.zip::FLAT_RCL_POST_2010.txt,https://static.nhtsa.gov/odi/ffdd/rcl/FLAT_RCL_POST_2010.zip,Flat-file field POTAFF
24V051000,MODEL 3,2022,Potential_Units_Affected,2193869,reported,FLAT_RCL_POST_2010.zip::FLAT_RCL_POST_2010.txt,https://static.nhtsa.gov/odi/ffdd/rcl/FLAT_RCL_POST_2010.zip,Flat-file field POTAFF
24V051000,MODEL S,2022,Potential_Units_Affected,2193869,reported,FLAT_RCL_POST_2010.zip::FLAT_RCL_POST_2010.txt,https://static.nhtsa.gov/odi/ffdd/rcl/FLAT_RCL_POST_2010.zip,Flat-file field POTAFF
24V051000,MODEL X,2022,Potential_Units_Affected,2193869,reported,FLAT_RCL_POST_2010.zip::FLAT_RCL_POST_2010.txt,https://static.nhtsa.gov/odi/ffdd/rcl/FLAT_RCL_POST_2010.zip,Flat-file field POTAFF
24V051000,MODEL 3,2023,Potential_Units_Affected,2193869,reported,FLAT_RCL_POST_2010.zip::FLAT_RCL_POST_2010.txt,https://static.nhtsa.gov/odi/ffdd/rcl/FLAT_RCL_POST_2010.zip,Flat-file field POTAFF
24V051000,MODEL X,2023,Potential_Units_Affected,2193869,reported,FLAT_RCL_POST_2010.zip::FLAT_RCL_POST_2010.txt,https://static.nhtsa.gov/odi/ffdd/rcl/FLAT_RCL_POST_2010.zip,Flat-file field POTAFF
24V051000,MODEL Y,2023,Potential_Units_Affected,2193869,reported,FLAT_RCL_POST_2010.zip::FLAT_RCL_POST_2010.txt,https://static.nhtsa.gov/odi/ffdd/rcl/FLAT_RCL_POST_2010.zip,Flat-file field POTAFF
24V051000,MODEL S,2023,Potential_Units_Affected,2193869,reported,FLAT_RCL_POST_2010.zip::FLAT_RCL_POST_2010.txt,https://static.nhtsa.gov/odi/ffdd/rcl/FLAT_RCL_POST_2010.zip,Flat-file field POTAFF
24V051000,MODEL X,2024,Potential_Units_Affected,2193869,reported,FLAT_RCL_POST_2010.zip::FLAT_RCL_POST_2010.txt,https://static.nhtsa.gov/odi/ffdd/rcl/FLAT_RCL_POST_2010.zip,Flat-file field POTAFF
24V051000,MODEL Y,2024,Potential_Units_Affected,2193869,reported,FLAT_RCL_POST_2010.zip::FLAT_RCL_POST_2010.txt,https://static.nhtsa.gov/odi/ffdd/rcl/FLAT_RCL_POST_2010.zip,Flat-file field POTAFF
24V051000,CYBERTRUCK,2024,Potential_Units_Affected,2193869,reported,FLAT_RCL_POST_2010.zip::FLAT_RCL_POST_2010.txt,https://static.nhtsa.gov/odi/ffdd/rcl/FLAT_RCL_POST_2010.zip,Flat-file field POTAFF
24V051000,MODEL Y,2019,Potential_Units_Affected,2193869,reported,FLAT_RCL_POST_2010.zip::FLAT_RCL_POST_2010.txt,https://static.nhtsa.gov/odi/ffdd/rcl/FLAT_RCL_POST_2010.zip,Flat-file field POTAFF
25V690000,MODEL 3,2025,Potential_Units_Affected,12963,reported,FLAT_RCL_POST_2010.zip::FLAT_RCL_POST_2010.txt,https://static.nhtsa.gov/odi/ffdd/rcl/FLAT_RCL_POST_2010.zip,Flat-file field POTAFF
25V690000,MODEL Y,2026,Potential_Units_Affected,12963,reported,FLAT_RCL_POST_2010.zip::FLAT_RCL_POST_2010.txt,https://static.nhtsa.gov/odi/ffdd/rcl/FLAT_RCL_POST_2010.zip,Flat-file field POTAFF
25V170000,CYBERTRUCK,2025,Potential_Units_Affected,46096,reported,FLAT_RCL_POST_2010.zip::FLAT_RCL_POST_2010.txt,https://static.nhtsa.gov/odi/ffdd/rcl/FLAT_RCL_POST_2010.zip,Flat-file field POTAFF
25V170000,CYBERTRUCK,2025,Potential_Units_Affected,46096,reported,FLAT_RCL_POST_2010.zip::FLAT_RCL_POST_2010.txt,https://static.nhtsa.gov/odi/ffdd/rcl/FLAT_RCL_POST_2010.zip,Flat-file field POTAFF
25V170000,CYBERTRUCK,2025,Potential_Units_Affected,46096,reported,FLAT_RCL_POST_2010.zip::FLAT_RCL_POST_2010.txt,https://static.nhtsa.gov/odi/ffdd/rcl/FLAT_RCL_POST_2010.zip,Flat-file field POTAFF
25V170000,CYBERTRUCK,2025,Potential_Units_Affected,46096,reported,FLAT_RCL_POST_2010.zip::FLAT_RCL_POST_2010.txt,https://static.nhtsa.gov/odi/ffdd/rcl/FLAT_RCL_POST_2010.zip,Flat-file field POTAFF
25V170000,CYBERTRUCK,2025,Potential_Units_Affected,46096,reported,FLAT_RCL_POST_2010.zip::FLAT_RCL_POST_2010.txt,https://static.nhtsa.gov/odi/ffdd/rcl/FLAT_RCL_POST_2010.zip,Flat-file field POTAFF
25V170000,CYBERTRUCK,2025,Potential_Units_Affected,46096,reported,FLAT_RCL_POST_2010.zip::FLAT_RCL_POST_2010.txt,https://static.nhtsa.gov/odi/ffdd/rcl/FLAT_RCL_POST_2010.zip,Flat-file field POTAFF
25V170000,CYBERTRUCK,2025,Potential_Units_Affected,46096,reported,FLAT_RCL_POST_2010.zip::FLAT_RCL_POST_2010.txt,https://static.nhtsa.gov/odi/ffdd/rcl/FLAT_RCL_POST_2010.zip,Flat-file field POTAFF
25V170000,CYBERTRUCK,2025,Potential_Units_Affected,46096,reported,FLAT_RCL_POST_2010.zip::FLAT_RCL_POST_2010.txt,https://static.nhtsa.gov/odi/ffdd/rcl/FLAT_RCL_POST_2010.zip,Flat-file field POTAFF
25V170000,CYBERTRUCK,2024,Potential_Units_Affected,46096,reported,FLAT_RCL_POST_2010.zip::FLAT_RCL_POST_2010.txt,https://static.nhtsa.gov/odi/ffdd/rcl/FLAT_RCL_POST_2010.zip,Flat-file field POTAFF
25V170000,CYBERTRUCK,2024,Potential_Units_Affected,46096,reported,FLAT_RCL_POST_2010.zip::FLAT_RCL_POST_2010.txt,https://static.nhtsa.gov/odi/ffdd/rcl/FLAT_RCL_POST_2010.zip,Flat-file field POTAFF
25V170000,CYBERTRUCK,2024,Potential_Units_Affected,46096,reported,FLAT_RCL_POST_2010.zip::FLAT_RCL_POST_2010.txt,https://static.nhtsa.gov/odi/ffdd/rcl/FLAT_RCL_POST_2010.zip,Flat-file field POTAFF
25V170000,CYBERTRUCK,2024,Potential_Units_Affected,46096,reported,FLAT_RCL_POST_2010.zip::FLAT_RCL_POST_2010.txt,https://static.nhtsa.gov/odi/ffdd/rcl/FLAT_RCL_POST_2010.zip,Flat-file field POTAFF
25V170000,CYBERTRUCK,2024,Potential_Units_Affected,46096,reported,FLAT_RCL_POST_2010.zip::FLAT_RCL_POST_2010.txt,https://static.nhtsa.gov/odi/ffdd/rcl/FLAT_RCL_POST_2010.zip,Flat-file field POTAFF
25V170000,CYBERTRUCK,2024,Potential_Units_Affected,46096,reported,FLAT_RCL_POST_2010.zip::FLAT_RCL_POST_2010.txt,https://static.nhtsa.gov/odi/ffdd/rcl/FLAT_RCL_POST_2010.zip,Flat-file field POTAFF
25V170000,CYBERTRUCK,2024,Potential_Units_Affected,46096,reported,FLAT_RCL_POST_2010.zip::FLAT_RCL_POST_2010.txt,https://static.nhtsa.gov/odi/ffdd/rcl/FLAT_RCL_POST_2010.zip,Flat-file field POTAFF
25V170000,CYBERTRUCK,2024,Potential_Units_Affected,46096,reported,FLAT_RCL_POST_2010.zip::FLAT_RCL_POST_2010.txt,https://static.nhtsa.gov/odi/ffdd/rcl/FLAT_RCL_POST_2010.zip,Flat-file field POTAFF
25V658000,MODEL Y,2026,Potential_Units_Affected,260,reported,FLAT_RCL_POST_2010.zip::FLAT_RCL_POST_2010.txt,https://static.nhtsa.gov/odi/ffdd/rcl/FLAT_RCL_POST_2010.zip,Flat-file field POTAFF
25V658000,MODEL Y,2026,Potential_Units_Affected,260,reported,FLAT_RCL_POST_2010.zip::FLAT_RCL_POST_2010.txt,https://static.nhtsa.gov/odi/ffdd/rcl/FLAT_RCL_POST_2010.zip,Flat-file field POTAFF
25V658000,MODEL Y,2026,Potential_Units_Affected,260,reported,FLAT_RCL_POST_2010.zip::FLAT_RCL_POST_2010.txt,https://static.nhtsa.gov/odi/ffdd/rcl/FLAT_RCL_POST_2010.zip,Flat-file field POTAFF
25V658000,MODEL Y,2026,Potential_Units_Affected,260,reported,FLAT_RCL_POST_2010.zip::FLAT_RCL_POST_2010.txt,https://static.nhtsa.gov/odi/ffdd/rcl/FLAT_RCL_POST_2010.zip,Flat-file field POTAFF
25V658000,MODEL Y,2026,Potential_Units_Affected,260,reported,FLAT_RCL_POST_2010.zip::FLAT_RCL_POST_2010.txt,https://static.nhtsa.gov/odi/ffdd/rcl/FLAT_RCL_POST_2010.zip,Flat-file field POTAFF
25V658000,MODEL Y,2026,Potential_Units_Affected,260,reported,FLAT_RCL_POST_2010.zip::FLAT_RCL_POST_2010.txt,https://static.nhtsa.gov/odi/ffdd/rcl/FLAT_RCL_POST_2010.zip,Flat-file field POTAFF
25V092000,MODEL 3,2023,Potential_Units_Affected,376241,reported,FLAT_RCL_POST_2010.zip::FLAT_RCL_POST_2010.txt,https://static.nhtsa.gov/odi/ffdd/rcl/FLAT_RCL_POST_2010.zip,Flat-file field POTAFF
25V092000,MODEL 3,2023,Potential_Units_Affected,376241,reported,FLAT_RCL_POST_2010.zip::FLAT_RCL_POST_2010.txt,https://static.nhtsa.gov/odi/ffdd/rcl/FLAT_RCL_POST_2010.zip,Flat-file field POTAFF
25V092000,MODEL Y,2023,Potential_Units_Affected,376241,reported,FLAT_RCL_POST_2010.zip::FLAT_RCL_POST_2010.txt,https://static.nhtsa.gov/odi/ffdd/rcl/FLAT_RCL_POST_2010.zip,Flat-file field POTAFF
25V092000,MODEL Y,2023,Potential_Units_Affected,376241,reported,FLAT_RCL_POST_2010.zip::FLAT_RCL_POST_2010.txt,https://static.nhtsa.gov/odi/ffdd/rcl/FLAT_RCL_POST_2010.zip,Flat-file field POTAFF
25V735000,CYBERTRUCK,2024,Potential_Units_Affected,6197,reported,FLAT_RCL_POST_2010.zip::FLAT_RCL_POST_2010.txt,https://static.nhtsa.gov/odi/ffdd/rcl/FLAT_RCL_POST_2010.zip,Flat-file field POTAFF
25V172000,MODEL X,2025,Potential_Units_Affected,91,reported,FLAT_RCL_POST_2010.zip::FLAT_RCL_POST_2010.txt,https://static.nhtsa.gov/odi/ffdd/rcl/FLAT_RCL_POST_2010.zip,Flat-file field POTAFF
25V172000,MODEL X,2025,Potential_Units_Affected,91,reported,FLAT_RCL_POST_2010.zip::FLAT_RCL_POST_2010.txt,https://static.nhtsa.gov/odi/ffdd/rcl/FLAT_RCL_POST_2010.zip,Flat-file field POTAFF
25V172000,MODEL S,2024,Potential_Units_Affected,91,reported,FLAT_RCL_POST_2010.zip::FLAT_RCL_POST_2010.txt,https://static.nhtsa.gov/odi/ffdd/rcl/FLAT_RCL_POST_2010.zip,Flat-file field POTAFF
25V172000,MODEL S,2024,Potential_Units_Affected,91,reported,FLAT_RCL_POST_2010.zip::FLAT_RCL_POST_2010.txt,https://static.nhtsa.gov/odi/ffdd/rcl/FLAT_RCL_POST_2010.zip,Flat-file field POTAFF
25V172000,MODEL X,2024,Potential_Units_Affected,91,reported,FLAT_RCL_POST_2010.zip::FLAT_RCL_POST_2010.txt,https://static.nhtsa.gov/odi/ffdd/rcl/FLAT_RCL_POST_2010.zip,Flat-file field POTAFF
25V172000,MODEL X,2024,Potential_Units_Affected,91,reported,FLAT_RCL_POST_2010.zip::FLAT_RCL_POST_2010.txt,https://static.nhtsa.gov/odi/ffdd/rcl/FLAT_RCL_POST_2010.zip,Flat-file field POTAFF
25V172000,MODEL S,2023,Potential_Units_Affected,91,reported,FLAT_RCL_POST_2010.zip::FLAT_RCL_POST_2010.txt,https://static.nhtsa.gov/odi/ffdd/rcl/FLAT_RCL_POST_2010.zip,Flat-file field POTAFF
25V172000,MODEL S,2023,Potential_Units_Affected,91,reported,FLAT_RCL_POST_2010.zip::FLAT_RCL_POST_2010.txt,https://static.nhtsa.gov/odi/ffdd/rcl/FLAT_RCL_POST_2010.zip,Flat-file field POTAFF
25V172000,MODEL X,2023,Potential_Units_Affected,91,reported,FLAT_RCL_POST_2010.zip::FLAT_RCL_POST_2010.txt,https://static.nhtsa.gov/odi/ffdd/rcl/FLAT_RCL_POST_2010.zip,Flat-file field POTAFF
25V172000,MODEL X,2023,Potential_Units_Affected,91,reported,FLAT_RCL_POST_2010.zip::FLAT_RCL_POST_2010.txt,https://static.nhtsa.gov/odi/ffdd/rcl/FLAT_RCL_POST_2010.zip,Flat-file field POTAFF
25V172000,MODEL X,2022,Potential_Units_Affected,91,reported,FLAT_RCL_POST_2010.zip::FLAT_RCL_POST_2010.txt,https://static.nhtsa.gov/odi/ffdd/rcl/FLAT_RCL_POST_2010.zip,Flat-file field POTAFF
25V172000,MODEL X,2022,Potential_Units_Affected,91,reported,FLAT_RCL_POST_2010.zip::FLAT_RCL_POST_2010.txt,https://static.nhtsa.gov/odi/ffdd/rcl/FLAT_RCL_POST_2010.zip,Flat-file field POTAFF
25V172000,MODEL S,2022,Potential_Units_Affected,91,reported,FLAT_RCL_POST_2010.zip::FLAT_RCL_POST_2010.txt,https://static.nhtsa.gov/odi/ffdd/rcl/FLAT_RCL_POST_2010.zip,Flat-file field POTAFF
25V172000,MODEL S,2022,Potential_Units_Affected,91,reported,FLAT_RCL_POST_2010.zip::FLAT_RCL_POST_2010.txt,https://static.nhtsa.gov/odi/ffdd/rcl/FLAT_RCL_POST_2010.zip,Flat-file field POTAFF
25V172000,MODEL X,2021,Potential_Units_Affected,91,reported,FLAT_RCL_POST_2010.zip::FLAT_RCL_POST_2010.txt,https://static.nhtsa.gov/odi/ffdd/rcl/FLAT_RCL_POST_2010.zip,Flat-file field POTAFF
25V172000,MODEL X,2021,Potential_Units_Affected,91,reported,FLAT_RCL_POST_2010.zip::FLAT_RCL_POST_2010.txt,https://static.nhtsa.gov/odi/ffdd/rcl/FLAT_RCL_POST_2010.zip,Flat-file field POTAFF
25V172000,MODEL S,2021,Potential_Units_Affected,91,reported,FLAT_RCL_POST_2010.zip::FLAT_RCL_POST_2010.txt,https://static.nhtsa.gov/odi/ffdd/rcl/FLAT_RCL_POST_2010.zip,Flat-file field POTAFF
25V172000,MODEL S,2021,Potential_Units_Affected,91,reported,FLAT_RCL_POST_2010.zip::FLAT_RCL_POST_2010.txt,https://static.nhtsa.gov/odi/ffdd/rcl/FLAT_RCL_POST_2010.zip,Flat-file field POTAFF
25V002000,MODEL Y,2025,Potential_Units_Affected,239382,reported,FLAT_RCL_POST_2010.zip::FLAT_RCL_POST_2010.txt,https://static.nhtsa.gov/odi/ffdd/rcl/FLAT_RCL_POST_2010.zip,Flat-file field POTAFF
25V002000,MODEL Y,2025,Potential_Units_Affected,239382,reported,FLAT_RCL_POST_2010.zip::FLAT_RCL_POST_2010.txt,https://static.nhtsa.gov/odi/ffdd/rcl/FLAT_RCL_POST_2010.zip,Flat-file field POTAFF
25V002000,MODEL Y,2025,Potential_Units_Affected,239382,reported,FLAT_RCL_POST_2010.zip::FLAT_RCL_POST_2010.txt,https://static.nhtsa.gov/odi/ffdd/rcl/FLAT_RCL_POST_2010.zip,Flat-file field POTAFF
25V002000,MODEL Y,2025,Potential_Units_Affected,239382,reported,FLAT_RCL_POST_2010.zip::FLAT_RCL_POST_2010.txt,https://static.nhtsa.gov/odi/ffdd/rcl/FLAT_RCL_POST_2010.zip,Flat-file field POTAFF
25V002000,MODEL X,2025,Potential_Units_Affected,239382,reported,FLAT_RCL_POST_2010.zip::FLAT_RCL_POST_2010.txt,https://static.nhtsa.gov/odi/ffdd/rcl/FLAT_RCL_POST_2010.zip,Flat-file field POTAFF
25V002000,MODEL X,2025,Potential_Units_Affected,239382,reported,FLAT_RCL_POST_2010.zip::FLAT_RCL_POST_2010.txt,https://static.nhtsa.gov/odi/ffdd/rcl/FLAT_RCL_POST_2010.zip,Flat-file field POTAFF
25V002000,MODEL X,2025,Potential_Units_Affected,239382,reported,FLAT_RCL_POST_2010.zip::FLAT_RCL_POST_2010.txt,https://static.nhtsa.gov/odi/ffdd/rcl/FLAT_RCL_POST_2010.zip,Flat-file field POTAFF
25V002000,MODEL X,2025,Potential_Units_Affected,239382,reported,FLAT_RCL_POST_2010.zip::FLAT_RCL_POST_2010.txt,https://static.nhtsa.gov/odi/ffdd/rcl/FLAT_RCL_POST_2010.zip,Flat-file field POTAFF
25V002000,MODEL S,2025,Potential_Units_Affected,239382,reported,FLAT_RCL_POST_2010.zip::FLAT_RCL_POST_2010.txt,https://static.nhtsa.gov/odi/ffdd/rcl/FLAT_RCL_POST_2010.zip,Flat-file field POTAFF
25V002000,MODEL S,2025,Potential_Units_Affected,239382,reported,FLAT_RCL_POST_2010.zip::FLAT_RCL_POST_2010.txt,https://static.nhtsa.gov/odi/ffdd/rcl/FLAT_RCL_POST_2010.zip,Flat-file field POTAFF
25V002000,MODEL S,2025,Potential_Units_Affected,239382,reported,FLAT_RCL_POST_2010.zip::FLAT_RCL_POST_2010.txt,https://static.nhtsa.gov/odi/ffdd/rcl/FLAT_RCL_POST_2010.zip,Flat-file field POTAFF
25V002000,MODEL S,2025,Potential_Units_Affected,239382,reported,FLAT_RCL_POST_2010.zip::FLAT_RCL_POST_2010.txt,https://static.nhtsa.gov/odi/ffdd/rcl/FLAT_RCL_POST_2010.zip,Flat-file field POTAFF
25V002000,MODEL X,2023,Potential_Units_Affected,239382,reported,FLAT_RCL_POST_2010.zip::FLAT_RCL_POST_2010.txt,https://static.nhtsa.gov/odi/ffdd/rcl/FLAT_RCL_POST_2010.zip,Flat-file field POTAFF
25V002000,MODEL X,2023,Potential_Units_Affected,239382,reported,FLAT_RCL_POST_2010.zip::FLAT_RCL_POST_2010.txt,https://static.nhtsa.gov/odi/ffdd/rcl/FLAT_RCL_POST_2010.zip,Flat-file field POTAFF
25V002000,MODEL X,2023,Potential_Units_Affected,239382,reported,FLAT_RCL_POST_2010.zip::FLAT_RCL_POST_2010.txt,https://static.nhtsa.gov/odi/ffdd/rcl/FLAT_RCL_POST_2010.zip,Flat-file field POTAFF
25V002000,MODEL X,2023,Potential_Units_Affected,239382,reported,FLAT_RCL_POST_2010.zip::FLAT_RCL_POST_2010.txt,https://static.nhtsa.gov/odi/ffdd/rcl/FLAT_RCL_POST_2010.zip,Flat-file field POTAFF
25V002000,MODEL Y,2023,Potential_Units_Affected,239382,reported,FLAT_RCL_POST_2010.zip::FLAT_RCL_POST_2010.txt,https://static.nhtsa.gov/odi/ffdd/rcl/FLAT_RCL_POST_2010.zip,Flat-file field POTAFF
25V002000,MODEL Y,2023,Potential_Units_Affected,239382,reported,FLAT_RCL_POST_2010.zip::FLAT_RCL_POST_2010.txt,https://static.nhtsa.gov/odi/ffdd/rcl/FLAT_RCL_POST_2010.zip,Flat-file field POTAFF
25V002000,MODEL Y,2023,Potential_Units_Affected,239382,reported,FLAT_RCL_POST_2010.zip::FLAT_RCL_POST_2010.txt,https://static.nhtsa.gov/odi/ffdd/rcl/FLAT_RCL_POST_2010.zip,Flat-file field POTAFF
25V002000,MODEL Y,2023,Potential_Units_Affected,239382,reported,FLAT_RCL_POST_2010.zip::FLAT_RCL_POST_2010.txt,https://static.nhtsa.gov/odi/ffdd/rcl/FLAT_RCL_POST_2010.zip,Flat-file field POTAFF
25V002000,MODEL X,2024,Potential_Units_Affected,239382,reported,FLAT_RCL_POST_2010.zip::FLAT_RCL_POST_2010.txt,https://static.nhtsa.gov/odi/ffdd/rcl/FLAT_RCL_POST_2010.zip,Flat-file field POTAFF
25V002000,MODEL X,2024,Potential_Units_Affected,239382,reported,FLAT_RCL_POST_2010.zip::FLAT_RCL_POST_2010.txt,https://static.nhtsa.gov/odi/ffdd/rcl/FLAT_RCL_POST_2010.zip,Flat-file field POTAFF
25V002000,MODEL X,2024,Potential_Units_Affected,239382,reported,FLAT_RCL_POST_2010.zip::FLAT_RCL_POST_2010.txt,https://static.nhtsa.gov/odi/ffdd/rcl/FLAT_RCL_POST_2010.zip,Flat-file field POTAFF
25V002000,MODEL X,2024,Potential_Units_Affected,239382,reported,FLAT_RCL_POST_2010.zip::FLAT_RCL_POST_2010.txt,https://static.nhtsa.gov/odi/ffdd/rcl/FLAT_RCL_POST_2010.zip,Flat-file field POTAFF
25V002000,MODEL Y,2024,Potential_Units_Affected,239382,reported,FLAT_RCL_POST_2010.zip::FLAT_RCL_POST_2010.txt,https://static.nhtsa.gov/odi/ffdd/rcl/FLAT_RCL_POST_2010.zip,Flat-file field POTAFF
25V002000,MODEL Y,2024,Potential_Units_Affected,239382,reported,FLAT_RCL_POST_2010.zip::FLAT_RCL_POST_2010.txt,https://static.nhtsa.gov/odi/ffdd/rcl/FLAT_RCL_POST_2010.zip,Flat-file field POTAFF
25V002000,MODEL Y,2024,Potential_Units_Affected,239382,reported,FLAT_RCL_POST_2010.zip::FLAT_RCL_POST_2010.txt,https://static.nhtsa.gov/odi/ffdd/rcl/FLAT_RCL_POST_2010.zip,Flat-file field POTAFF
25V002000,MODEL Y,2024,Potential_Units_Affected,239382,reported,FLAT_RCL_POST_2010.zip::FLAT_RCL_POST_2010.txt,https://static.nhtsa.gov/odi/ffdd/rcl/FLAT_RCL_POST_2010.zip,Flat-file field POTAFF
25V002000,MODEL 3,2024,Potential_Units_Affected,239382,reported,FLAT_RCL_POST_2010.zip::FLAT_RCL_POST_2010.txt,https://static.nhtsa.gov/odi/ffdd/rcl/FLAT_RCL_POST_2010.zip,Flat-file field POTAFF
25V002000,MODEL 3,2024,Potential_Units_Affected,239382,reported,FLAT_RCL_POST_2010.zip::FLAT_RCL_POST_2010.txt,https://static.nhtsa.gov/odi/ffdd/rcl/FLAT_RCL_POST_2010.zip,Flat-file field POTAFF
25V002000,MODEL 3,2024,Potential_Units_Affected,239382,reported,FLAT_RCL_POST_2010.zip::FLAT_RCL_POST_2010.txt,https://static.nhtsa.gov/odi/ffdd/rcl/FLAT_RCL_POST_2010.zip,Flat-file field POTAFF
25V002000,MODEL 3,2024,Potential_Units_Affected,239382,reported,FLAT_RCL_POST_2010.zip::FLAT_RCL_POST_2010.txt,https://static.nhtsa.gov/odi/ffdd/rcl/FLAT_RCL_POST_2010.zip,Flat-file field POTAFF
25V002000,MODEL S,2024,Potential_Units_Affected,239382,reported,FLAT_RCL_POST_2010.zip::FLAT_RCL_POST_2010.txt,https://static.nhtsa.gov/odi/ffdd/rcl/FLAT_RCL_POST_2010.zip,Flat-file field POTAFF
25V002000,MODEL S,2024,Potential_Units_Affected,239382,reported,FLAT_RCL_POST_2010.zip::FLAT_RCL_POST_2010.txt,https://static.nhtsa.gov/odi/ffdd/rcl/FLAT_RCL_POST_2010.zip,Flat-file field POTAFF
25V002000,MODEL S,2024,Potential_Units_Affected,239382,reported,FLAT_RCL_POST_2010.zip::FLAT_RCL_POST_2010.txt,https://static.nhtsa.gov/odi/ffdd/rcl/FLAT_RCL_POST_2010.zip,Flat-file field POTAFF
25V002000,MODEL S,2024,Potential_Units_Affected,239382,reported,FLAT_RCL_POST_2010.zip::FLAT_RCL_POST_2010.txt,https://static.nhtsa.gov/odi/ffdd/rcl/FLAT_RCL_POST_2010.zip,Flat-file field POTAFF
25V002000,MODEL 3,2025,Potential_Units_Affected,239382,reported,FLAT_RCL_POST_2010.zip::FLAT_RCL_POST_2010.txt,https://static.nhtsa.gov/odi/ffdd/rcl/FLAT_RCL_POST_2010.zip,Flat-file field POTAFF
25V002000,MODEL 3,2025,Potential_Units_Affected,239382,reported,FLAT_RCL_POST_2010.zip::FLAT_RCL_POST_2010.txt,https://static.nhtsa.gov/odi/ffdd/rcl/FLAT_RCL_POST_2010.zip,Flat-file field POTAFF
25V002000,MODEL 3,2025,Potential_Units_Affected,239382,reported,FLAT_RCL_POST_2010.zip::FLAT_RCL_POST_2010.txt,https://static.nhtsa.gov/odi/ffdd/rcl/FLAT_RCL_POST_2010.zip,Flat-file field POTAFF
25V002000,MODEL 3,2025,Potential_Units_Affected,239382,reported,FLAT_RCL_POST_2010.zip::FLAT_RCL_POST_2010.txt,https://static.nhtsa.gov/odi/ffdd/rcl/FLAT_RCL_POST_2010.zip,Flat-file field POTAFF
25V699000,CYBERTRUCK,2024,Potential_Units_Affected,63619,reported,FLAT_RCL_POST_2010.zip::FLAT_RCL_POST_2010.txt,https://static.nhtsa.gov/odi/ffdd/rcl/FLAT_RCL_POST_2010.zip,Flat-file field POTAFF
25V410000,MODEL 3,2026,Potential_Units_Affected,48,reported,FLAT_RCL_POST_2010.zip::FLAT_RCL_POST_2010.txt,https://static.nhtsa.gov/odi/ffdd/rcl/FLAT_RCL_POST_2010.zip,Flat-file field POTAFF
25V410000,MODEL 3,2026,Potential_Units_Affected,48,reported,FLAT_RCL_POST_2010.zip::FLAT_RCL_POST_2010.txt,https://static.nhtsa.gov/odi/ffdd/rcl/FLAT_RCL_POST_2010.zip,Flat-file field POTAFF
25V410000,MODEL 3,2026,Potential_Units_Affected,48,reported,FLAT_RCL_POST_2010.zip::FLAT_RCL_POST_2010.txt,https://static.nhtsa.gov/odi/ffdd/rcl/FLAT_RCL_POST_2010.zip,Flat-file field POTAFF
25V410000,MODEL 3,2026,Potential_Units_Affected,48,reported,FLAT_RCL_POST_2010.zip::FLAT_RCL_POST_2010.txt,https://static.nhtsa.gov/odi/ffdd/rcl/FLAT_RCL_POST_2010.zip,Flat-file field POTAFF
25V410000,MODEL 3,2026,Potential_Units_Affected,48,reported,FLAT_RCL_POST_2010.zip::FLAT_RCL_POST_2010.txt,https://static.nhtsa.gov/odi/ffdd/rcl/FLAT_RCL_POST_2010.zip,Flat-file field POTAFF
25V410000,MODEL 3,2026,Potential_Units_Affected,48,reported,FLAT_RCL_POST_2010.zip::FLAT_RCL_POST_2010.txt,https://static.nhtsa.gov/odi/ffdd/rcl/FLAT_RCL_POST_2010.zip,Flat-file field POTAFF
25V410000,MODEL Y,2026,Potential_Units_Affected,48,reported,FLAT_RCL_POST_2010.zip::FLAT_RCL_POST_2010.txt,https://static.nhtsa.gov/odi/ffdd/rcl/FLAT_RCL_POST_2010.zip,Flat-file field POTAFF
25V410000,MODEL Y,2026,Potential_Units_Affected,48,reported,FLAT_RCL_POST_2010.zip::FLAT_RCL_POST_2010.txt,https://static.nhtsa.gov/odi/ffdd/rcl/FLAT_RCL_POST_2010.zip,Flat-file field POTAFF
25V410000,MODEL Y,2026,Potential_Units_Affected,48,reported,FLAT_RCL_POST_2010.zip::FLAT_RCL_POST_2010.txt,https://static.nhtsa.gov/odi/ffdd/rcl/FLAT_RCL_POST_2010.zip,Flat-file field POTAFF
25V410000,MODEL Y,2026,Potential_Units_Affected,48,reported,FLAT_RCL_POST_2010.zip::FLAT_RCL_POST_2010.txt,https://static.nhtsa.gov/odi/ffdd/rcl/FLAT_RCL_POST_2010.zip,Flat-file field POTAFF
25V410000,MODEL Y,2026,Potential_Units_Affected,48,reported,FLAT_RCL_POST_2010.zip::FLAT_RCL_POST_2010.txt,https://static.nhtsa.gov/odi/ffdd/rcl/FLAT_RCL_POST_2010.zip,Flat-file field POTAFF
25V410000,MODEL Y,2026,Potential_Units_Affected,48,reported,FLAT_RCL_POST_2010.zip::FLAT_RCL_POST_2010.txt,https://static.nhtsa.gov/odi/ffdd/rcl/FLAT_RCL_POST_2010.zip,Flat-file field POTAFF
25V490000,MODEL Y,2026,Potential_Units_Affected,6,reported,FLAT_RCL_POST_2010.zip::FLAT_RCL_POST_2010.txt,https://static.nhtsa.gov/odi/ffdd/rcl/FLAT_RCL_POST_2010.zip,Flat-file field POTAFF
25V699000,CYBERTRUCK,2026,Potential_Units_Affected,63619,reported,FLAT_RCL_POST_2010.zip::FLAT_RCL_POST_2010.txt,https://static.nhtsa.gov/odi/ffdd/rcl/FLAT_RCL_POST_2010.zip,Flat-file field POTAFF
25V699000,CYBERTRUCK,2026,Potential_Units_Affected,63619,reported,FLAT_RCL_POST_2010.zip::FLAT_RCL_POST_2010.txt,https://static.nhtsa.gov/odi/ffdd/rcl/FLAT_RCL_POST_2010.zip,Flat-file field POTAFF
25V699000,CYBERTRUCK,2025,Potential_Units_Affected,63619,reported,FLAT_RCL_POST_2010.zip::FLAT_RCL_POST_2010.txt,https://static.nhtsa.gov/odi/ffdd/rcl/FLAT_RCL_POST_2010.zip,Flat-file field POTAFF
25V699000,CYBERTRUCK,2025,Potential_Units_Affected,63619,reported,FLAT_RCL_POST_2010.zip::FLAT_RCL_POST_2010.txt,https://static.nhtsa.gov/odi/ffdd/rcl/FLAT_RCL_POST_2010.zip,Flat-file field POTAFF
25V699000,CYBERTRUCK,2024,Potential_Units_Affected,63619,reported,FLAT_RCL_POST_2010.zip::FLAT_RCL_POST_2010.txt,https://static.nhtsa.gov/odi/ffdd/rcl/FLAT_RCL_POST_2010.zip,Flat-file field POTAFF
25V359000,MODEL Y,2026,Potential_Units_Affected,172,reported,FLAT_RCL_POST_2010.zip::FLAT_RCL_POST_2010.txt,https://static.nhtsa.gov/odi/ffdd/rcl/FLAT_RCL_POST_2010.zip,Flat-file field POTAFF
26V255000,CYBERTRUCK,2026,Potential_Units_Affected,173,reported,FLAT_RCL_POST_2010.zip::FLAT_RCL_POST_2010.txt,https://static.nhtsa.gov/odi/ffdd/rcl/FLAT_RCL_POST_2010.zip,Flat-file field POTAFF
26V255000,CYBERTRUCK,2024,Potential_Units_Affected,173,reported,FLAT_RCL_POST_2010.zip::FLAT_RCL_POST_2010.txt,https://static.nhtsa.gov/odi/ffdd/rcl/FLAT_RCL_POST_2010.zip,Flat-file field POTAFF
26V255000,CYBERTRUCK,2024,Potential_Units_Affected,173,reported,FLAT_RCL_POST_2010.zip::FLAT_RCL_POST_2010.txt,https://static.nhtsa.gov/odi/ffdd/rcl/FLAT_RCL_POST_2010.zip,Flat-file field POTAFF
26V255000,CYBERTRUCK,2025,Potential_Units_Affected,173,reported,FLAT_RCL_POST_2010.zip::FLAT_RCL_POST_2010.txt,https://static.nhtsa.gov/odi/ffdd/rcl/FLAT_RCL_POST_2010.zip,Flat-file field POTAFF
26V255000,CYBERTRUCK,2025,Potential_Units_Affected,173,reported,FLAT_RCL_POST_2010.zip::FLAT_RCL_POST_2010.txt,https://static.nhtsa.gov/odi/ffdd/rcl/FLAT_RCL_POST_2010.zip,Flat-file field POTAFF
26V255000,CYBERTRUCK,2025,Potential_Units_Affected,173,reported,FLAT_RCL_POST_2010.zip::FLAT_RCL_POST_2010.txt,https://static.nhtsa.gov/odi/ffdd/rcl/FLAT_RCL_POST_2010.zip,Flat-file field POTAFF
26V255000,CYBERTRUCK,2025,Potential_Units_Affected,173,reported,FLAT_RCL_POST_2010.zip::FLAT_RCL_POST_2010.txt,https://static.nhtsa.gov/odi/ffdd/rcl/FLAT_RCL_POST_2010.zip,Flat-file field POTAFF
26V255000,CYBERTRUCK,2025,Potential_Units_Affected,173,reported,FLAT_RCL_POST_2010.zip::FLAT_RCL_POST_2010.txt,https://static.nhtsa.gov/odi/ffdd/rcl/FLAT_RCL_POST_2010.zip,Flat-file field POTAFF
26V255000,CYBERTRUCK,2025,Potential_Units_Affected,173,reported,FLAT_RCL_POST_2010.zip::FLAT_RCL_POST_2010.txt,https://static.nhtsa.gov/odi/ffdd/rcl/FLAT_RCL_POST_2010.zip,Flat-file field POTAFF
26V255000,CYBERTRUCK,2025,Potential_Units_Affected,173,reported,FLAT_RCL_POST_2010.zip::FLAT_RCL_POST_2010.txt,https://static.nhtsa.gov/odi/ffdd/rcl/FLAT_RCL_POST_2010.zip,Flat-file field POTAFF
26V255000,CYBERTRUCK,2025,Potential_Units_Affected,173,reported,FLAT_RCL_POST_2010.zip::FLAT_RCL_POST_2010.txt,https://static.nhtsa.gov/odi/ffdd/rcl/FLAT_RCL_POST_2010.zip,Flat-file field POTAFF
26V255000,CYBERTRUCK,2026,Potential_Units_Affected,173,reported,FLAT_RCL_POST_2010.zip::FLAT_RCL_POST_2010.txt,https://static.nhtsa.gov/odi/ffdd/rcl/FLAT_RCL_POST_2010.zip,Flat-file field POTAFF
26V255000,CYBERTRUCK,2024,Potential_Units_Affected,173,reported,FLAT_RCL_POST_2010.zip::FLAT_RCL_POST_2010.txt,https://static.nhtsa.gov/odi/ffdd/rcl/FLAT_RCL_POST_2010.zip,Flat-file field POTAFF
26V255000,CYBERTRUCK,2024,Potential_Units_Affected,173,reported,FLAT_RCL_POST_2010.zip::FLAT_RCL_POST_2010.txt,https://static.nhtsa.gov/odi/ffdd/rcl/FLAT_RCL_POST_2010.zip,Flat-file field POTAFF
26V255000,CYBERTRUCK,2024,Potential_Units_Affected,173,reported,FLAT_RCL_POST_2010.zip::FLAT_RCL_POST_2010.txt,https://static.nhtsa.gov/odi/ffdd/rcl/FLAT_RCL_POST_2010.zip,Flat-file field POTAFF
26V255000,CYBERTRUCK,2024,Potential_Units_Affected,173,reported,FLAT_RCL_POST_2010.zip::FLAT_RCL_POST_2010.txt,https://static.nhtsa.gov/odi/ffdd/rcl/FLAT_RCL_POST_2010.zip,Flat-file field POTAFF
26V255000,CYBERTRUCK,2024,Potential_Units_Affected,173,reported,FLAT_RCL_POST_2010.zip::FLAT_RCL_POST_2010.txt,https://static.nhtsa.gov/odi/ffdd/rcl/FLAT_RCL_POST_2010.zip,Flat-file field POTAFF
26V255000,CYBERTRUCK,2024,Potential_Units_Affected,173,reported,FLAT_RCL_POST_2010.zip::FLAT_RCL_POST_2010.txt,https://static.nhtsa.gov/odi/ffdd/rcl/FLAT_RCL_POST_2010.zip,Flat-file field POTAFF
26V255000,CYBERTRUCK,2026,Potential_Units_Affected,173,reported,FLAT_RCL_POST_2010.zip::FLAT_RCL_POST_2010.txt,https://static.nhtsa.gov/odi/ffdd/rcl/FLAT_RCL_POST_2010.zip,Flat-file field POTAFF
26V255000,CYBERTRUCK,2026,Potential_Units_Affected,173,reported,FLAT_RCL_POST_2010.zip::FLAT_RCL_POST_2010.txt,https://static.nhtsa.gov/odi/ffdd/rcl/FLAT_RCL_POST_2010.zip,Flat-file field POTAFF
26V255000,CYBERTRUCK,2026,Potential_Units_Affected,173,reported,FLAT_RCL_POST_2010.zip::FLAT_RCL_POST_2010.txt,https://static.nhtsa.gov/odi/ffdd/rcl/FLAT_RCL_POST_2010.zip,Flat-file field POTAFF
26V255000,CYBERTRUCK,2026,Potential_Units_Affected,173,reported,FLAT_RCL_POST_2010.zip::FLAT_RCL_POST_2010.txt,https://static.nhtsa.gov/odi/ffdd/rcl/FLAT_RCL_POST_2010.zip,Flat-file field POTAFF
26V255000,CYBERTRUCK,2026,Potential_Units_Affected,173,reported,FLAT_RCL_POST_2010.zip::FLAT_RCL_POST_2010.txt,https://static.nhtsa.gov/odi/ffdd/rcl/FLAT_RCL_POST_2010.zip,Flat-file field POTAFF
26V283000,MODEL 3,2021,Potential_Units_Affected,218868,reported,FLAT_RCL_POST_2010.zip::FLAT_RCL_POST_2010.txt,https://static.nhtsa.gov/odi/ffdd/rcl/FLAT_RCL_POST_2010.zip,Flat-file field POTAFF
26V283000,MODEL X,2021,Potential_Units_Affected,218868,reported,FLAT_RCL_POST_2010.zip::FLAT_RCL_POST_2010.txt,https://static.nhtsa.gov/odi/ffdd/rcl/FLAT_RCL_POST_2010.zip,Flat-file field POTAFF
26V283000,MODEL 3,2023,Potential_Units_Affected,218868,reported,FLAT_RCL_POST_2010.zip::FLAT_RCL_POST_2010.txt,https://static.nhtsa.gov/odi/ffdd/rcl/FLAT_RCL_POST_2010.zip,Flat-file field POTAFF
26V283000,MODEL X,2023,Potential_Units_Affected,218868,reported,FLAT_RCL_POST_2010.zip::FLAT_RCL_POST_2010.txt,https://static.nhtsa.gov/odi/ffdd/rcl/FLAT_RCL_POST_2010.zip,Flat-file field POTAFF
26V283000,MODEL 3,2017,Potential_Units_Affected,218868,reported,FLAT_RCL_POST_2010.zip::FLAT_RCL_POST_2010.txt,https://static.nhtsa.gov/odi/ffdd/rcl/FLAT_RCL_POST_2010.zip,Flat-file field POTAFF
26V283000,MODEL Y,2020,Potential_Units_Affected,218868,reported,FLAT_RCL_POST_2010.zip::FLAT_RCL_POST_2010.txt,https://static.nhtsa.gov/odi/ffdd/rcl/FLAT_RCL_POST_2010.zip,Flat-file field POTAFF
26V283000,MODEL S,2021,Potential_Units_Affected,218868,reported,FLAT_RCL_POST_2010.zip::FLAT_RCL_POST_2010.txt,https://static.nhtsa.gov/odi/ffdd/rcl/FLAT_RCL_POST_2010.zip,Flat-file field POTAFF
26V283000,MODEL S,2022,Potential_Units_Affected,218868,reported,FLAT_RCL_POST_2010.zip::FLAT_RCL_POST_2010.txt,https://static.nhtsa.gov/odi/ffdd/rcl/FLAT_RCL_POST_2010.zip,Flat-file field POTAFF
26V283000,MODEL X,2022,Potential_Units_Affected,218868,reported,FLAT_RCL_POST_2010.zip::FLAT_RCL_POST_2010.txt,https://static.nhtsa.gov/odi/ffdd/rcl/FLAT_RCL_POST_2010.zip,Flat-file field POTAFF
26V283000,MODEL Y,2023,Potential_Units_Affected,218868,reported,FLAT_RCL_POST_2010.zip::FLAT_RCL_POST_2010.txt,https://static.nhtsa.gov/odi/ffdd/rcl/FLAT_RCL_POST_2010.zip,Flat-file field POTAFF
26V283000,MODEL Y,2022,Potential_Units_Affected,218868,reported,FLAT_RCL_POST_2010.zip::FLAT_RCL_POST_2010.txt,https://static.nhtsa.gov/odi/ffdd/rcl/FLAT_RCL_POST_2010.zip,Flat-file field POTAFF
26V283000,MODEL 3,2022,Potential_Units_Affected,218868,reported,FLAT_RCL_POST_2010.zip::FLAT_RCL_POST_2010.txt,https://static.nhtsa.gov/odi/ffdd/rcl/FLAT_RCL_POST_2010.zip,Flat-file field POTAFF
26V283000,MODEL Y,2021,Potential_Units_Affected,218868,reported,FLAT_RCL_POST_2010.zip::FLAT_RCL_POST_2010.txt,https://static.nhtsa.gov/odi/ffdd/rcl/FLAT_RCL_POST_2010.zip,Flat-file field POTAFF
26V283000,MODEL S,2023,Potential_Units_Affected,218868,reported,FLAT_RCL_POST_2010.zip::FLAT_RCL_POST_2010.txt,https://static.nhtsa.gov/odi/ffdd/rcl/FLAT_RCL_POST_2010.zip,Flat-file field POTAFF
26V315000,MODEL Y,2026,Potential_Units_Affected,14575,reported,FLAT_RCL_POST_2010.zip::FLAT_RCL_POST_2010.txt,https://static.nhtsa.gov/odi/ffdd/rcl/FLAT_RCL_POST_2010.zip,Flat-file field POTAFF
26V315000,MODEL Y,2025,Potential_Units_Affected,14575,reported,FLAT_RCL_POST_2010.zip::FLAT_RCL_POST_2010.txt,https://static.nhtsa.gov/odi/ffdd/rcl/FLAT_RCL_POST_2010.zip,Flat-file field POTAFF
26V255000,CYBERTRUCK,2026,Potential_Units_Affected,173,reported,FLAT_RCL_POST_2010.zip::FLAT_RCL_POST_2010.txt,https://static.nhtsa.gov/odi/ffdd/rcl/FLAT_RCL_POST_2010.zip,Flat-file field POTAFF
